logger=settings t=2026-10-06T19:49:56.51835858-03:00 level=info msg="Starting Grafana" version=11.5.2 commit=598e0338d5374d6bc404b02a58094132c5eeceb8 branch=HEAD compiled=2026-10-06T19:49:56-03:00
logger=settings t=2026-10-06T19:49:56.519150092-03:00 level=info msg="Config loaded from" file=/tmp/b1-tools/grafana-v11.5.2/conf/defaults.ini
logger=settings t=2026-10-06T19:49:56.519193251-03:00 level=info msg="Config loaded from" file=/home/engler/devops/gamificacao-educacao-continuada/.runtime/run-20261006T224940Z/grafana.ini
logger=settings t=2026-10-06T19:49:56.519200805-03:00 level=info msg="Config overridden from Environment variable" var="GF_PATHS_DATA=/home/engler/devops/gamificacao-educacao-continuada/.runtime/run-20261006T224940Z/grafana"
logger=settings t=2026-10-06T19:49:56.519207748-03:00 level=info msg="Config overridden from Environment variable" var="GF_PATHS_LOGS=/home/engler/devops/gamificacao-educacao-continuada/.runtime/run-20261006T224940Z/grafana-logs"
logger=settings t=2026-10-06T19:49:56.519215072-03:00 level=info msg="Config overridden from Environment variable" var="GF_PATHS_PLUGINS=/home/engler/devops/gamificacao-educacao-continuada/.runtime/run-20261006T224940Z/grafana-plugins"
logger=settings t=2026-10-06T19:49:56.519221118-03:00 level=info msg="Config overridden from Environment variable" var="GF_PATHS_PROVISIONING=/home/engler/devops/gamificacao-educacao-continuada/ops/grafana/provisioning"
logger=settings t=2026-10-06T19:49:56.519226943-03:00 level=info msg="Config overridden from Environment variable" var="GF_SERVER_HTTP_ADDR=127.0.0.1"
logger=settings t=2026-10-06T19:49:56.519232901-03:00 level=info msg="Config overridden from Environment variable" var="GF_SECURITY_ADMIN_USER=admin"
logger=settings t=2026-10-06T19:49:56.519238846-03:00 level=info msg="Config overridden from Environment variable" var="GF_SECURITY_ADMIN_PASSWORD=*********"
logger=settings t=2026-10-06T19:49:56.519245058-03:00 level=info msg=Target target=[all]
logger=settings t=2026-10-06T19:49:56.519258582-03:00 level=info msg="Path Home" path=/tmp/b1-tools/grafana-v11.5.2
logger=settings t=2026-10-06T19:49:56.519264638-03:00 level=info msg="Path Data" path=/home/engler/devops/gamificacao-educacao-continuada/.runtime/run-20261006T224940Z/grafana
logger=settings t=2026-10-06T19:49:56.519270461-03:00 level=info msg="Path Logs" path=/home/engler/devops/gamificacao-educacao-continuada/.runtime/run-20261006T224940Z/grafana-logs
logger=settings t=2026-10-06T19:49:56.519277676-03:00 level=info msg="Path Plugins" path=/home/engler/devops/gamificacao-educacao-continuada/.runtime/run-20261006T224940Z/grafana-plugins
logger=settings t=2026-10-06T19:49:56.519283791-03:00 level=info msg="Path Provisioning" path=/home/engler/devops/gamificacao-educacao-continuada/ops/grafana/provisioning
logger=settings t=2026-10-06T19:49:56.519289865-03:00 level=info msg="App mode production"
logger=featuremgmt t=2026-10-06T19:49:56.519671802-03:00 level=info msg=FeatureToggles lokiQuerySplitting=true pinNavItems=true lokiQueryHints=true alertingNoDataErrorExecution=true alertingSimplifiedRouting=true accessActionSets=true influxdbBackendMigration=true dashboardSceneForViewers=true publicDashboardsScene=true azureMonitorEnableUserAuth=true groupToNestedTableTransformation=true logRowsPopoverMenu=true formatString=true dashboardScene=true alertingInsights=true openSearchBackendFlowEnabled=true tlsMemcached=true recoveryThreshold=true newFiltersUI=true cloudWatchRoundUpEndTime=true recordedQueriesMulti=true cloudWatchNewLabelParsing=true unifiedRequestLog=true cloudWatchCrossAccountQuerying=true correlations=true angularDeprecationUI=true alertingApiServer=true addFieldFromCalculationStatFunctions=true transformationsRedesign=true newPDFRendering=true nestedFolders=true userStorageAPI=true annotationPermissionUpdate=true zipkinBackendMigration=true alertingUIOptimizeReducer=true dataplaneFrontendFallback=true lokiLabelNamesQueryApi=true dashgpt=true prometheusAzureOverrideAudience=true managedPluginsInstall=true ssoSettingsApi=true promQLScope=true logsExploreTableVisualisation=true newDashboardSharingComponent=true onPremToCloudMigrations=true panelMonitoring=true logsInfiniteScrolling=true logsContextDatasourceUi=true preinstallAutoUpdate=true dashboardSceneSolo=true kubernetesPlaylists=true lokiStructuredMetadata=true accessControlOnCall=true useSessionStorageForRedirection=true exploreMetrics=true awsAsyncQueryCaching=true reportingUseRawTimeRange=true transformationsVariableSupport=true
logger=sqlstore t=2026-10-06T19:49:56.5201323-03:00 level=info msg="Connecting to DB" dbtype=sqlite3
logger=sqlstore t=2026-10-06T19:49:56.520151234-03:00 level=info msg="Creating SQLite database file" path=/home/engler/devops/gamificacao-educacao-continuada/.runtime/run-20261006T224940Z/grafana/grafana.db
logger=migrator t=2026-10-06T19:49:56.683493386-03:00 level=info msg="Locking database"
logger=migrator t=2026-10-06T19:49:56.683619437-03:00 level=info msg="Starting DB migrations"
logger=migrator t=2026-10-06T19:49:56.68464522-03:00 level=info msg="Executing migration" id="create migration_log table"
logger=migrator t=2026-10-06T19:49:56.687832949-03:00 level=info msg="Migration successfully executed" id="create migration_log table" duration=3.183051ms
logger=migrator t=2026-10-06T19:49:56.709296956-03:00 level=info msg="Executing migration" id="create user table"
logger=migrator t=2026-10-06T19:49:56.710693537-03:00 level=info msg="Migration successfully executed" id="create user table" duration=1.393481ms
logger=migrator t=2026-10-06T19:49:56.7326096-03:00 level=info msg="Executing migration" id="add unique index user.login"
logger=migrator t=2026-10-06T19:49:56.733948698-03:00 level=info msg="Migration successfully executed" id="add unique index user.login" duration=1.339808ms
logger=migrator t=2026-10-06T19:49:56.75673198-03:00 level=info msg="Executing migration" id="add unique index user.email"
logger=migrator t=2026-10-06T19:49:56.75794908-03:00 level=info msg="Migration successfully executed" id="add unique index user.email" duration=1.218286ms
logger=migrator t=2026-10-06T19:49:56.776772683-03:00 level=info msg="Executing migration" id="drop index UQE_user_login - v1"
logger=migrator t=2026-10-06T19:49:56.77781063-03:00 level=info msg="Migration successfully executed" id="drop index UQE_user_login - v1" duration=1.038882ms
logger=migrator t=2026-10-06T19:49:56.796767587-03:00 level=info msg="Executing migration" id="drop index UQE_user_email - v1"
logger=migrator t=2026-10-06T19:49:56.797773998-03:00 level=info msg="Migration successfully executed" id="drop index UQE_user_email - v1" duration=1.008021ms
logger=migrator t=2026-10-06T19:49:56.818769078-03:00 level=info msg="Executing migration" id="Rename table user to user_v1 - v1"
logger=migrator t=2026-10-06T19:49:56.821543231-03:00 level=info msg="Migration successfully executed" id="Rename table user to user_v1 - v1" duration=2.772508ms
logger=migrator t=2026-10-06T19:49:56.839045856-03:00 level=info msg="Executing migration" id="create user table v2"
logger=migrator t=2026-10-06T19:49:56.840142335-03:00 level=info msg="Migration successfully executed" id="create user table v2" duration=1.096824ms
logger=migrator t=2026-10-06T19:49:56.857628037-03:00 level=info msg="Executing migration" id="create index UQE_user_login - v2"
logger=migrator t=2026-10-06T19:49:56.858582517-03:00 level=info msg="Migration successfully executed" id="create index UQE_user_login - v2" duration=954.881µs
logger=migrator t=2026-10-06T19:49:56.88095544-03:00 level=info msg="Executing migration" id="create index UQE_user_email - v2"
logger=migrator t=2026-10-06T19:49:56.88225549-03:00 level=info msg="Migration successfully executed" id="create index UQE_user_email - v2" duration=1.294483ms
logger=migrator t=2026-10-06T19:49:56.903957873-03:00 level=info msg="Executing migration" id="copy data_source v1 to v2"
logger=migrator t=2026-10-06T19:49:56.904887349-03:00 level=info msg="Migration successfully executed" id="copy data_source v1 to v2" duration=930.419µs
logger=migrator t=2026-10-06T19:49:56.927846427-03:00 level=info msg="Executing migration" id="Drop old table user_v1"
logger=migrator t=2026-10-06T19:49:56.928518069-03:00 level=info msg="Migration successfully executed" id="Drop old table user_v1" duration=670.147µs
logger=migrator t=2026-10-06T19:49:56.959083745-03:00 level=info msg="Executing migration" id="Add column help_flags1 to user table"
logger=migrator t=2026-10-06T19:49:56.960427532-03:00 level=info msg="Migration successfully executed" id="Add column help_flags1 to user table" duration=1.342802ms
logger=migrator t=2026-10-06T19:49:56.983573477-03:00 level=info msg="Executing migration" id="Update user table charset"
logger=migrator t=2026-10-06T19:49:56.983681875-03:00 level=info msg="Migration successfully executed" id="Update user table charset" duration=111.969µs
logger=migrator t=2026-10-06T19:49:57.004009088-03:00 level=info msg="Executing migration" id="Add last_seen_at column to user"
logger=migrator t=2026-10-06T19:49:57.005544513-03:00 level=info msg="Migration successfully executed" id="Add last_seen_at column to user" duration=1.533115ms
logger=migrator t=2026-10-06T19:49:57.026099567-03:00 level=info msg="Executing migration" id="Add missing user data"
logger=migrator t=2026-10-06T19:49:57.026555453-03:00 level=info msg="Migration successfully executed" id="Add missing user data" duration=454.664µs
logger=migrator t=2026-10-06T19:49:57.049909853-03:00 level=info msg="Executing migration" id="Add is_disabled column to user"
logger=migrator t=2026-10-06T19:49:57.051476387-03:00 level=info msg="Migration successfully executed" id="Add is_disabled column to user" duration=1.56716ms
logger=migrator t=2026-10-06T19:49:57.085763425-03:00 level=info msg="Executing migration" id="Add index user.login/user.email"
logger=migrator t=2026-10-06T19:49:57.086905169-03:00 level=info msg="Migration successfully executed" id="Add index user.login/user.email" duration=1.14296ms
logger=migrator t=2026-10-06T19:49:57.109725873-03:00 level=info msg="Executing migration" id="Add is_service_account column to user"
logger=migrator t=2026-10-06T19:49:57.111469847-03:00 level=info msg="Migration successfully executed" id="Add is_service_account column to user" duration=1.742965ms
logger=migrator t=2026-10-06T19:49:57.129934716-03:00 level=info msg="Executing migration" id="Update is_service_account column to nullable"
logger=migrator t=2026-10-06T19:49:57.135756026-03:00 level=info msg="Migration successfully executed" id="Update is_service_account column to nullable" duration=5.815916ms
logger=migrator t=2026-10-06T19:49:57.157837801-03:00 level=info msg="Executing migration" id="Add uid column to user"
logger=migrator t=2026-10-06T19:49:57.15900451-03:00 level=info msg="Migration successfully executed" id="Add uid column to user" duration=1.175071ms
logger=migrator t=2026-10-06T19:49:57.175594996-03:00 level=info msg="Executing migration" id="Update uid column values for users"
logger=migrator t=2026-10-06T19:49:57.175899062-03:00 level=info msg="Migration successfully executed" id="Update uid column values for users" duration=305.246µs
logger=migrator t=2026-10-06T19:49:57.195635774-03:00 level=info msg="Executing migration" id="Add unique index user_uid"
logger=migrator t=2026-10-06T19:49:57.196674561-03:00 level=info msg="Migration successfully executed" id="Add unique index user_uid" duration=1.040212ms
logger=migrator t=2026-10-06T19:49:57.217797891-03:00 level=info msg="Executing migration" id="update login field with orgid to allow for multiple service accounts with same name across orgs"
logger=migrator t=2026-10-06T19:49:57.218358392-03:00 level=info msg="Migration successfully executed" id="update login field with orgid to allow for multiple service accounts with same name across orgs" duration=563.234µs
logger=migrator t=2026-10-06T19:49:57.237167806-03:00 level=info msg="Executing migration" id="update service accounts login field orgid to appear only once"
logger=migrator t=2026-10-06T19:49:57.23801207-03:00 level=info msg="Migration successfully executed" id="update service accounts login field orgid to appear only once" duration=842.813µs
logger=migrator t=2026-10-06T19:49:57.263139675-03:00 level=info msg="Executing migration" id="update login and email fields to lowercase"
logger=migrator t=2026-10-06T19:49:57.263746307-03:00 level=info msg="Migration successfully executed" id="update login and email fields to lowercase" duration=607.329µs
logger=migrator t=2026-10-06T19:49:57.280416262-03:00 level=info msg="Executing migration" id="update login and email fields to lowercase2"
logger=migrator t=2026-10-06T19:49:57.281004159-03:00 level=info msg="Migration successfully executed" id="update login and email fields to lowercase2" duration=587.562µs
logger=migrator t=2026-10-06T19:49:57.306710581-03:00 level=info msg="Executing migration" id="create temp user table v1-7"
logger=migrator t=2026-10-06T19:49:57.307518313-03:00 level=info msg="Migration successfully executed" id="create temp user table v1-7" duration=804.984µs
logger=migrator t=2026-10-06T19:49:57.326234919-03:00 level=info msg="Executing migration" id="create index IDX_temp_user_email - v1-7"
logger=migrator t=2026-10-06T19:49:57.327134272-03:00 level=info msg="Migration successfully executed" id="create index IDX_temp_user_email - v1-7" duration=901.281µs
logger=migrator t=2026-10-06T19:49:57.347480016-03:00 level=info msg="Executing migration" id="create index IDX_temp_user_org_id - v1-7"
logger=migrator t=2026-10-06T19:49:57.348549403-03:00 level=info msg="Migration successfully executed" id="create index IDX_temp_user_org_id - v1-7" duration=1.06838ms
logger=migrator t=2026-10-06T19:49:57.36853303-03:00 level=info msg="Executing migration" id="create index IDX_temp_user_code - v1-7"
logger=migrator t=2026-10-06T19:49:57.369783555-03:00 level=info msg="Migration successfully executed" id="create index IDX_temp_user_code - v1-7" duration=1.251716ms
logger=migrator t=2026-10-06T19:49:57.389047306-03:00 level=info msg="Executing migration" id="create index IDX_temp_user_status - v1-7"
logger=migrator t=2026-10-06T19:49:57.390007073-03:00 level=info msg="Migration successfully executed" id="create index IDX_temp_user_status - v1-7" duration=961.449µs
logger=migrator t=2026-10-06T19:49:57.411524684-03:00 level=info msg="Executing migration" id="Update temp_user table charset"
logger=migrator t=2026-10-06T19:49:57.411627633-03:00 level=info msg="Migration successfully executed" id="Update temp_user table charset" duration=106.172µs
logger=migrator t=2026-10-06T19:49:57.428513962-03:00 level=info msg="Executing migration" id="drop index IDX_temp_user_email - v1"
logger=migrator t=2026-10-06T19:49:57.429665363-03:00 level=info msg="Migration successfully executed" id="drop index IDX_temp_user_email - v1" duration=1.152198ms
logger=migrator t=2026-10-06T19:49:57.452674704-03:00 level=info msg="Executing migration" id="drop index IDX_temp_user_org_id - v1"
logger=migrator t=2026-10-06T19:49:57.453868696-03:00 level=info msg="Migration successfully executed" id="drop index IDX_temp_user_org_id - v1" duration=1.19477ms
logger=migrator t=2026-10-06T19:49:57.491785287-03:00 level=info msg="Executing migration" id="drop index IDX_temp_user_code - v1"
logger=migrator t=2026-10-06T19:49:57.492948479-03:00 level=info msg="Migration successfully executed" id="drop index IDX_temp_user_code - v1" duration=1.145015ms
logger=migrator t=2026-10-06T19:49:57.517332154-03:00 level=info msg="Executing migration" id="drop index IDX_temp_user_status - v1"
logger=migrator t=2026-10-06T19:49:57.518449373-03:00 level=info msg="Migration successfully executed" id="drop index IDX_temp_user_status - v1" duration=1.118843ms
logger=migrator t=2026-10-06T19:49:57.536923489-03:00 level=info msg="Executing migration" id="Rename table temp_user to temp_user_tmp_qwerty - v1"
logger=migrator t=2026-10-06T19:49:57.539442191-03:00 level=info msg="Migration successfully executed" id="Rename table temp_user to temp_user_tmp_qwerty - v1" duration=2.519589ms
logger=migrator t=2026-10-06T19:49:57.558401175-03:00 level=info msg="Executing migration" id="create temp_user v2"
logger=migrator t=2026-10-06T19:49:57.562234053-03:00 level=info msg="Migration successfully executed" id="create temp_user v2" duration=3.833872ms
logger=migrator t=2026-10-06T19:49:57.610679189-03:00 level=info msg="Executing migration" id="create index IDX_temp_user_email - v2"
logger=migrator t=2026-10-06T19:49:57.6116788-03:00 level=info msg="Migration successfully executed" id="create index IDX_temp_user_email - v2" duration=1.002144ms
logger=migrator t=2026-10-06T19:49:57.62960732-03:00 level=info msg="Executing migration" id="create index IDX_temp_user_org_id - v2"
logger=migrator t=2026-10-06T19:49:57.630720916-03:00 level=info msg="Migration successfully executed" id="create index IDX_temp_user_org_id - v2" duration=1.114403ms
logger=migrator t=2026-10-06T19:49:57.65344143-03:00 level=info msg="Executing migration" id="create index IDX_temp_user_code - v2"
logger=migrator t=2026-10-06T19:49:57.654588746-03:00 level=info msg="Migration successfully executed" id="create index IDX_temp_user_code - v2" duration=1.167738ms
logger=migrator t=2026-10-06T19:49:57.679663753-03:00 level=info msg="Executing migration" id="create index IDX_temp_user_status - v2"
logger=migrator t=2026-10-06T19:49:57.680809628-03:00 level=info msg="Migration successfully executed" id="create index IDX_temp_user_status - v2" duration=1.146845ms
logger=migrator t=2026-10-06T19:49:57.794765623-03:00 level=info msg="Executing migration" id="copy temp_user v1 to v2"
logger=migrator t=2026-10-06T19:49:57.795443536-03:00 level=info msg="Migration successfully executed" id="copy temp_user v1 to v2" duration=678.711µs
logger=migrator t=2026-10-06T19:49:57.822804504-03:00 level=info msg="Executing migration" id="drop temp_user_tmp_qwerty"
logger=migrator t=2026-10-06T19:49:57.823628446-03:00 level=info msg="Migration successfully executed" id="drop temp_user_tmp_qwerty" duration=823.271µs
logger=migrator t=2026-10-06T19:49:57.845303328-03:00 level=info msg="Executing migration" id="Set created for temp users that will otherwise prematurely expire"
logger=migrator t=2026-10-06T19:49:57.846079511-03:00 level=info msg="Migration successfully executed" id="Set created for temp users that will otherwise prematurely expire" duration=776.258µs
logger=migrator t=2026-10-06T19:49:57.86696301-03:00 level=info msg="Executing migration" id="create star table"
logger=migrator t=2026-10-06T19:49:57.868625082-03:00 level=info msg="Migration successfully executed" id="create star table" duration=1.658783ms
logger=migrator t=2026-10-06T19:49:57.888496061-03:00 level=info msg="Executing migration" id="add unique index star.user_id_dashboard_id"
logger=migrator t=2026-10-06T19:49:57.889654497-03:00 level=info msg="Migration successfully executed" id="add unique index star.user_id_dashboard_id" duration=1.146331ms
logger=migrator t=2026-10-06T19:49:57.910878299-03:00 level=info msg="Executing migration" id="Add column dashboard_uid in star"
logger=migrator t=2026-10-06T19:49:57.913321006-03:00 level=info msg="Migration successfully executed" id="Add column dashboard_uid in star" duration=2.439083ms
logger=migrator t=2026-10-06T19:49:57.93708793-03:00 level=info msg="Executing migration" id="Add column org_id in star"
logger=migrator t=2026-10-06T19:49:57.939191686-03:00 level=info msg="Migration successfully executed" id="Add column org_id in star" duration=2.102833ms
logger=migrator t=2026-10-06T19:49:57.958949215-03:00 level=info msg="Executing migration" id="Add column updated in star"
logger=migrator t=2026-10-06T19:49:57.960501675-03:00 level=info msg="Migration successfully executed" id="Add column updated in star" duration=1.553285ms
logger=migrator t=2026-10-06T19:49:57.980643193-03:00 level=info msg="Executing migration" id="add index in star table on dashboard_uid, org_id and user_id columns"
logger=migrator t=2026-10-06T19:49:57.981958838-03:00 level=info msg="Migration successfully executed" id="add index in star table on dashboard_uid, org_id and user_id columns" duration=1.313282ms
logger=migrator t=2026-10-06T19:49:58.026614059-03:00 level=info msg="Executing migration" id="create org table v1"
logger=migrator t=2026-10-06T19:49:58.027552413-03:00 level=info msg="Migration successfully executed" id="create org table v1" duration=937.942µs
logger=migrator t=2026-10-06T19:49:58.048289226-03:00 level=info msg="Executing migration" id="create index UQE_org_name - v1"
logger=migrator t=2026-10-06T19:49:58.049394425-03:00 level=info msg="Migration successfully executed" id="create index UQE_org_name - v1" duration=1.104281ms
logger=migrator t=2026-10-06T19:49:58.077924934-03:00 level=info msg="Executing migration" id="create org_user table v1"
logger=migrator t=2026-10-06T19:49:58.079195462-03:00 level=info msg="Migration successfully executed" id="create org_user table v1" duration=1.269572ms
logger=migrator t=2026-10-06T19:49:58.100801431-03:00 level=info msg="Executing migration" id="create index IDX_org_user_org_id - v1"
logger=migrator t=2026-10-06T19:49:58.102037591-03:00 level=info msg="Migration successfully executed" id="create index IDX_org_user_org_id - v1" duration=1.231514ms
logger=migrator t=2026-10-06T19:49:58.168763857-03:00 level=info msg="Executing migration" id="create index UQE_org_user_org_id_user_id - v1"
logger=migrator t=2026-10-06T19:49:58.170327993-03:00 level=info msg="Migration successfully executed" id="create index UQE_org_user_org_id_user_id - v1" duration=1.638641ms
logger=migrator t=2026-10-06T19:49:58.209809674-03:00 level=info msg="Executing migration" id="create index IDX_org_user_user_id - v1"
logger=migrator t=2026-10-06T19:49:58.210958803-03:00 level=info msg="Migration successfully executed" id="create index IDX_org_user_user_id - v1" duration=1.149671ms
logger=migrator t=2026-10-06T19:49:58.23094736-03:00 level=info msg="Executing migration" id="Update org table charset"
logger=migrator t=2026-10-06T19:49:58.231065314-03:00 level=info msg="Migration successfully executed" id="Update org table charset" duration=121.477µs
logger=migrator t=2026-10-06T19:49:58.249399739-03:00 level=info msg="Executing migration" id="Update org_user table charset"
logger=migrator t=2026-10-06T19:49:58.249551716-03:00 level=info msg="Migration successfully executed" id="Update org_user table charset" duration=167.092µs
logger=migrator t=2026-10-06T19:49:58.273610594-03:00 level=info msg="Executing migration" id="Migrate all Read Only Viewers to Viewers"
logger=migrator t=2026-10-06T19:49:58.274105923-03:00 level=info msg="Migration successfully executed" id="Migrate all Read Only Viewers to Viewers" duration=497.968µs
logger=migrator t=2026-10-06T19:49:58.295699426-03:00 level=info msg="Executing migration" id="create dashboard table"
logger=migrator t=2026-10-06T19:49:58.297903967-03:00 level=info msg="Migration successfully executed" id="create dashboard table" duration=2.207933ms
logger=migrator t=2026-10-06T19:49:58.319207013-03:00 level=info msg="Executing migration" id="add index dashboard.account_id"
logger=migrator t=2026-10-06T19:49:58.320966709-03:00 level=info msg="Migration successfully executed" id="add index dashboard.account_id" duration=1.761258ms
logger=migrator t=2026-10-06T19:49:58.344319079-03:00 level=info msg="Executing migration" id="add unique index dashboard_account_id_slug"
logger=migrator t=2026-10-06T19:49:58.345886925-03:00 level=info msg="Migration successfully executed" id="add unique index dashboard_account_id_slug" duration=1.572712ms
logger=migrator t=2026-10-06T19:49:58.365086982-03:00 level=info msg="Executing migration" id="create dashboard_tag table"
logger=migrator t=2026-10-06T19:49:58.366440178-03:00 level=info msg="Migration successfully executed" id="create dashboard_tag table" duration=1.353271ms
logger=migrator t=2026-10-06T19:49:58.387588261-03:00 level=info msg="Executing migration" id="add unique index dashboard_tag.dasboard_id_term"
logger=migrator t=2026-10-06T19:49:58.388894297-03:00 level=info msg="Migration successfully executed" id="add unique index dashboard_tag.dasboard_id_term" duration=1.306391ms
logger=migrator t=2026-10-06T19:49:58.410979828-03:00 level=info msg="Executing migration" id="drop index UQE_dashboard_tag_dashboard_id_term - v1"
logger=migrator t=2026-10-06T19:49:58.412078874-03:00 level=info msg="Migration successfully executed" id="drop index UQE_dashboard_tag_dashboard_id_term - v1" duration=1.098726ms
logger=migrator t=2026-10-06T19:49:58.430508762-03:00 level=info msg="Executing migration" id="Rename table dashboard to dashboard_v1 - v1"
logger=migrator t=2026-10-06T19:49:58.436815605-03:00 level=info msg="Migration successfully executed" id="Rename table dashboard to dashboard_v1 - v1" duration=6.311249ms
logger=migrator t=2026-10-06T19:49:58.458741785-03:00 level=info msg="Executing migration" id="create dashboard v2"
logger=migrator t=2026-10-06T19:49:58.459876878-03:00 level=info msg="Migration successfully executed" id="create dashboard v2" duration=1.136482ms
logger=migrator t=2026-10-06T19:49:58.490408013-03:00 level=info msg="Executing migration" id="create index IDX_dashboard_org_id - v2"
logger=migrator t=2026-10-06T19:49:58.491487272-03:00 level=info msg="Migration successfully executed" id="create index IDX_dashboard_org_id - v2" duration=1.080156ms
logger=migrator t=2026-10-06T19:49:58.512474603-03:00 level=info msg="Executing migration" id="create index UQE_dashboard_org_id_slug - v2"
logger=migrator t=2026-10-06T19:49:58.513950225-03:00 level=info msg="Migration successfully executed" id="create index UQE_dashboard_org_id_slug - v2" duration=1.476673ms
logger=migrator t=2026-10-06T19:49:58.535606672-03:00 level=info msg="Executing migration" id="copy dashboard v1 to v2"
logger=migrator t=2026-10-06T19:49:58.536437914-03:00 level=info msg="Migration successfully executed" id="copy dashboard v1 to v2" duration=832.425µs
logger=migrator t=2026-10-06T19:49:58.557086269-03:00 level=info msg="Executing migration" id="drop table dashboard_v1"
logger=migrator t=2026-10-06T19:49:58.558435396-03:00 level=info msg="Migration successfully executed" id="drop table dashboard_v1" duration=1.368889ms
logger=migrator t=2026-10-06T19:49:58.575603235-03:00 level=info msg="Executing migration" id="alter dashboard.data to mediumtext v1"
logger=migrator t=2026-10-06T19:49:58.575801922-03:00 level=info msg="Migration successfully executed" id="alter dashboard.data to mediumtext v1" duration=201.241µs
logger=migrator t=2026-10-06T19:49:58.599058101-03:00 level=info msg="Executing migration" id="Add column updated_by in dashboard - v2"
logger=migrator t=2026-10-06T19:49:58.60172042-03:00 level=info msg="Migration successfully executed" id="Add column updated_by in dashboard - v2" duration=2.661937ms
logger=migrator t=2026-10-06T19:49:58.621794157-03:00 level=info msg="Executing migration" id="Add column created_by in dashboard - v2"
logger=migrator t=2026-10-06T19:49:58.623825324-03:00 level=info msg="Migration successfully executed" id="Add column created_by in dashboard - v2" duration=2.030576ms
logger=migrator t=2026-10-06T19:49:58.642881652-03:00 level=info msg="Executing migration" id="Add column gnetId in dashboard"
logger=migrator t=2026-10-06T19:49:58.644782921-03:00 level=info msg="Migration successfully executed" id="Add column gnetId in dashboard" duration=1.898172ms
logger=migrator t=2026-10-06T19:49:58.664195829-03:00 level=info msg="Executing migration" id="Add index for gnetId in dashboard"
logger=migrator t=2026-10-06T19:49:58.665887679-03:00 level=info msg="Migration successfully executed" id="Add index for gnetId in dashboard" duration=1.692377ms
logger=migrator t=2026-10-06T19:49:58.682703058-03:00 level=info msg="Executing migration" id="Add column plugin_id in dashboard"
logger=migrator t=2026-10-06T19:49:58.684438283-03:00 level=info msg="Migration successfully executed" id="Add column plugin_id in dashboard" duration=1.733173ms
logger=migrator t=2026-10-06T19:49:58.715387316-03:00 level=info msg="Executing migration" id="Add index for plugin_id in dashboard"
logger=migrator t=2026-10-06T19:49:58.71723528-03:00 level=info msg="Migration successfully executed" id="Add index for plugin_id in dashboard" duration=1.871719ms
logger=migrator t=2026-10-06T19:49:58.737972769-03:00 level=info msg="Executing migration" id="Add index for dashboard_id in dashboard_tag"
logger=migrator t=2026-10-06T19:49:58.739508437-03:00 level=info msg="Migration successfully executed" id="Add index for dashboard_id in dashboard_tag" duration=1.537837ms
logger=migrator t=2026-10-06T19:49:58.75885113-03:00 level=info msg="Executing migration" id="Update dashboard table charset"
logger=migrator t=2026-10-06T19:49:58.75899112-03:00 level=info msg="Migration successfully executed" id="Update dashboard table charset" duration=144.875µs
logger=migrator t=2026-10-06T19:49:58.782604043-03:00 level=info msg="Executing migration" id="Update dashboard_tag table charset"
logger=migrator t=2026-10-06T19:49:58.782954154-03:00 level=info msg="Migration successfully executed" id="Update dashboard_tag table charset" duration=521.303µs
logger=migrator t=2026-10-06T19:49:58.807591805-03:00 level=info msg="Executing migration" id="Add column folder_id in dashboard"
logger=migrator t=2026-10-06T19:49:58.809553174-03:00 level=info msg="Migration successfully executed" id="Add column folder_id in dashboard" duration=1.960467ms
logger=migrator t=2026-10-06T19:49:58.83197699-03:00 level=info msg="Executing migration" id="Add column isFolder in dashboard"
logger=migrator t=2026-10-06T19:49:58.834373679-03:00 level=info msg="Migration successfully executed" id="Add column isFolder in dashboard" duration=2.394538ms
logger=migrator t=2026-10-06T19:49:58.857618073-03:00 level=info msg="Executing migration" id="Add column has_acl in dashboard"
logger=migrator t=2026-10-06T19:49:58.859259286-03:00 level=info msg="Migration successfully executed" id="Add column has_acl in dashboard" duration=1.640257ms
logger=migrator t=2026-10-06T19:49:58.87998614-03:00 level=info msg="Executing migration" id="Add column uid in dashboard"
logger=migrator t=2026-10-06T19:49:58.882688475-03:00 level=info msg="Migration successfully executed" id="Add column uid in dashboard" duration=2.700181ms
logger=migrator t=2026-10-06T19:49:58.901717944-03:00 level=info msg="Executing migration" id="Update uid column values in dashboard"
logger=migrator t=2026-10-06T19:49:58.902112677-03:00 level=info msg="Migration successfully executed" id="Update uid column values in dashboard" duration=394.905µs
logger=migrator t=2026-10-06T19:49:58.924733854-03:00 level=info msg="Executing migration" id="Add unique index dashboard_org_id_uid"
logger=migrator t=2026-10-06T19:49:58.925791542-03:00 level=info msg="Migration successfully executed" id="Add unique index dashboard_org_id_uid" duration=1.05886ms
logger=migrator t=2026-10-06T19:49:58.946179088-03:00 level=info msg="Executing migration" id="Remove unique index org_id_slug"
logger=migrator t=2026-10-06T19:49:58.947650764-03:00 level=info msg="Migration successfully executed" id="Remove unique index org_id_slug" duration=1.470497ms
logger=migrator t=2026-10-06T19:49:58.966490202-03:00 level=info msg="Executing migration" id="Update dashboard title length"
logger=migrator t=2026-10-06T19:49:58.966616004-03:00 level=info msg="Migration successfully executed" id="Update dashboard title length" duration=130.088µs
logger=migrator t=2026-10-06T19:49:58.98780256-03:00 level=info msg="Executing migration" id="Add unique index for dashboard_org_id_title_folder_id"
logger=migrator t=2026-10-06T19:49:58.988768267-03:00 level=info msg="Migration successfully executed" id="Add unique index for dashboard_org_id_title_folder_id" duration=965.741µs
logger=migrator t=2026-10-06T19:49:59.008158656-03:00 level=info msg="Executing migration" id="create dashboard_provisioning"
logger=migrator t=2026-10-06T19:49:59.009099588-03:00 level=info msg="Migration successfully executed" id="create dashboard_provisioning" duration=927.222µs
logger=migrator t=2026-10-06T19:49:59.031299861-03:00 level=info msg="Executing migration" id="Rename table dashboard_provisioning to dashboard_provisioning_tmp_qwerty - v1"
logger=migrator t=2026-10-06T19:49:59.03639173-03:00 level=info msg="Migration successfully executed" id="Rename table dashboard_provisioning to dashboard_provisioning_tmp_qwerty - v1" duration=5.098901ms
logger=migrator t=2026-10-06T19:49:59.059369029-03:00 level=info msg="Executing migration" id="create dashboard_provisioning v2"
logger=migrator t=2026-10-06T19:49:59.060553674-03:00 level=info msg="Migration successfully executed" id="create dashboard_provisioning v2" duration=1.183685ms
logger=migrator t=2026-10-06T19:49:59.082924309-03:00 level=info msg="Executing migration" id="create index IDX_dashboard_provisioning_dashboard_id - v2"
logger=migrator t=2026-10-06T19:49:59.085177713-03:00 level=info msg="Migration successfully executed" id="create index IDX_dashboard_provisioning_dashboard_id - v2" duration=2.27098ms
logger=migrator t=2026-10-06T19:49:59.108159878-03:00 level=info msg="Executing migration" id="create index IDX_dashboard_provisioning_dashboard_id_name - v2"
logger=migrator t=2026-10-06T19:49:59.10971159-03:00 level=info msg="Migration successfully executed" id="create index IDX_dashboard_provisioning_dashboard_id_name - v2" duration=1.551335ms
logger=migrator t=2026-10-06T19:49:59.129626127-03:00 level=info msg="Executing migration" id="copy dashboard_provisioning v1 to v2"
logger=migrator t=2026-10-06T19:49:59.130322234-03:00 level=info msg="Migration successfully executed" id="copy dashboard_provisioning v1 to v2" duration=695.702µs
logger=migrator t=2026-10-06T19:49:59.154120004-03:00 level=info msg="Executing migration" id="drop dashboard_provisioning_tmp_qwerty"
logger=migrator t=2026-10-06T19:49:59.154972298-03:00 level=info msg="Migration successfully executed" id="drop dashboard_provisioning_tmp_qwerty" duration=851.505µs
logger=migrator t=2026-10-06T19:49:59.174437734-03:00 level=info msg="Executing migration" id="Add check_sum column"
logger=migrator t=2026-10-06T19:49:59.176613574-03:00 level=info msg="Migration successfully executed" id="Add check_sum column" duration=2.173094ms
logger=migrator t=2026-10-06T19:49:59.197741428-03:00 level=info msg="Executing migration" id="Add index for dashboard_title"
logger=migrator t=2026-10-06T19:49:59.199177207-03:00 level=info msg="Migration successfully executed" id="Add index for dashboard_title" duration=1.412028ms
logger=migrator t=2026-10-06T19:49:59.21989288-03:00 level=info msg="Executing migration" id="delete tags for deleted dashboards"
logger=migrator t=2026-10-06T19:49:59.220208842-03:00 level=info msg="Migration successfully executed" id="delete tags for deleted dashboards" duration=318.4µs
logger=migrator t=2026-10-06T19:49:59.241290008-03:00 level=info msg="Executing migration" id="delete stars for deleted dashboards"
logger=migrator t=2026-10-06T19:49:59.241646538-03:00 level=info msg="Migration successfully executed" id="delete stars for deleted dashboards" duration=360.118µs
logger=migrator t=2026-10-06T19:49:59.263801111-03:00 level=info msg="Executing migration" id="Add index for dashboard_is_folder"
logger=migrator t=2026-10-06T19:49:59.264941955-03:00 level=info msg="Migration successfully executed" id="Add index for dashboard_is_folder" duration=1.142592ms
logger=migrator t=2026-10-06T19:49:59.287311626-03:00 level=info msg="Executing migration" id="Add isPublic for dashboard"
logger=migrator t=2026-10-06T19:49:59.289287319-03:00 level=info msg="Migration successfully executed" id="Add isPublic for dashboard" duration=1.984571ms
logger=migrator t=2026-10-06T19:49:59.309761841-03:00 level=info msg="Executing migration" id="Add deleted for dashboard"
logger=migrator t=2026-10-06T19:49:59.312216648-03:00 level=info msg="Migration successfully executed" id="Add deleted for dashboard" duration=2.441074ms
logger=migrator t=2026-10-06T19:49:59.329943223-03:00 level=info msg="Executing migration" id="Add index for deleted"
logger=migrator t=2026-10-06T19:49:59.330870278-03:00 level=info msg="Migration successfully executed" id="Add index for deleted" duration=928.327µs
logger=migrator t=2026-10-06T19:49:59.352624984-03:00 level=info msg="Executing migration" id="Add column dashboard_uid in dashboard_tag"
logger=migrator t=2026-10-06T19:49:59.35437237-03:00 level=info msg="Migration successfully executed" id="Add column dashboard_uid in dashboard_tag" duration=1.73596ms
logger=migrator t=2026-10-06T19:49:59.372981733-03:00 level=info msg="Executing migration" id="Add column org_id in dashboard_tag"
logger=migrator t=2026-10-06T19:49:59.374633511-03:00 level=info msg="Migration successfully executed" id="Add column org_id in dashboard_tag" duration=1.650922ms
logger=migrator t=2026-10-06T19:49:59.393320037-03:00 level=info msg="Executing migration" id="Add missing dashboard_uid and org_id to dashboard_tag"
logger=migrator t=2026-10-06T19:49:59.393924605-03:00 level=info msg="Migration successfully executed" id="Add missing dashboard_uid and org_id to dashboard_tag" duration=605.581µs
logger=migrator t=2026-10-06T19:49:59.41754239-03:00 level=info msg="Executing migration" id="Add missing dashboard_uid and org_id to star"
logger=migrator t=2026-10-06T19:49:59.418309397-03:00 level=info msg="Migration successfully executed" id="Add missing dashboard_uid and org_id to star" duration=853.617µs
logger=migrator t=2026-10-06T19:49:59.439687546-03:00 level=info msg="Executing migration" id="create data_source table"
logger=migrator t=2026-10-06T19:49:59.440949237-03:00 level=info msg="Migration successfully executed" id="create data_source table" duration=1.264166ms
logger=migrator t=2026-10-06T19:49:59.463206619-03:00 level=info msg="Executing migration" id="add index data_source.account_id"
logger=migrator t=2026-10-06T19:49:59.464805767-03:00 level=info msg="Migration successfully executed" id="add index data_source.account_id" duration=1.583523ms
logger=migrator t=2026-10-06T19:49:59.545794875-03:00 level=info msg="Executing migration" id="add unique index data_source.account_id_name"
logger=migrator t=2026-10-06T19:49:59.54732895-03:00 level=info msg="Migration successfully executed" id="add unique index data_source.account_id_name" duration=1.532454ms
logger=migrator t=2026-10-06T19:49:59.568444697-03:00 level=info msg="Executing migration" id="drop index IDX_data_source_account_id - v1"
logger=migrator t=2026-10-06T19:49:59.569960766-03:00 level=info msg="Migration successfully executed" id="drop index IDX_data_source_account_id - v1" duration=1.517035ms
logger=migrator t=2026-10-06T19:49:59.604061784-03:00 level=info msg="Executing migration" id="drop index UQE_data_source_account_id_name - v1"
logger=migrator t=2026-10-06T19:49:59.605931192-03:00 level=info msg="Migration successfully executed" id="drop index UQE_data_source_account_id_name - v1" duration=1.871417ms
logger=migrator t=2026-10-06T19:49:59.627556241-03:00 level=info msg="Executing migration" id="Rename table data_source to data_source_v1 - v1"
logger=migrator t=2026-10-06T19:49:59.632465201-03:00 level=info msg="Migration successfully executed" id="Rename table data_source to data_source_v1 - v1" duration=4.888006ms
logger=migrator t=2026-10-06T19:49:59.656028149-03:00 level=info msg="Executing migration" id="create data_source table v2"
logger=migrator t=2026-10-06T19:49:59.657030712-03:00 level=info msg="Migration successfully executed" id="create data_source table v2" duration=1.003402ms
logger=migrator t=2026-10-06T19:49:59.677156587-03:00 level=info msg="Executing migration" id="create index IDX_data_source_org_id - v2"
logger=migrator t=2026-10-06T19:49:59.678158728-03:00 level=info msg="Migration successfully executed" id="create index IDX_data_source_org_id - v2" duration=1.003297ms
logger=migrator t=2026-10-06T19:49:59.697180618-03:00 level=info msg="Executing migration" id="create index UQE_data_source_org_id_name - v2"
logger=migrator t=2026-10-06T19:49:59.698265474-03:00 level=info msg="Migration successfully executed" id="create index UQE_data_source_org_id_name - v2" duration=1.084059ms
logger=migrator t=2026-10-06T19:49:59.7247541-03:00 level=info msg="Executing migration" id="Drop old table data_source_v1 #2"
logger=migrator t=2026-10-06T19:49:59.725488761-03:00 level=info msg="Migration successfully executed" id="Drop old table data_source_v1 #2" duration=736.249µs
logger=migrator t=2026-10-06T19:49:59.745703189-03:00 level=info msg="Executing migration" id="Add column with_credentials"
logger=migrator t=2026-10-06T19:49:59.748320536-03:00 level=info msg="Migration successfully executed" id="Add column with_credentials" duration=2.616438ms
logger=migrator t=2026-10-06T19:49:59.771625485-03:00 level=info msg="Executing migration" id="Add secure json data column"
logger=migrator t=2026-10-06T19:49:59.774547651-03:00 level=info msg="Migration successfully executed" id="Add secure json data column" duration=2.925935ms
logger=migrator t=2026-10-06T19:49:59.79382516-03:00 level=info msg="Executing migration" id="Update data_source table charset"
logger=migrator t=2026-10-06T19:49:59.793978256-03:00 level=info msg="Migration successfully executed" id="Update data_source table charset" duration=149.984µs
logger=migrator t=2026-10-06T19:49:59.815112545-03:00 level=info msg="Executing migration" id="Update initial version to 1"
logger=migrator t=2026-10-06T19:49:59.815578661-03:00 level=info msg="Migration successfully executed" id="Update initial version to 1" duration=476.182µs
logger=migrator t=2026-10-06T19:49:59.83773492-03:00 level=info msg="Executing migration" id="Add read_only data column"
logger=migrator t=2026-10-06T19:49:59.840063365-03:00 level=info msg="Migration successfully executed" id="Add read_only data column" duration=2.329331ms
logger=migrator t=2026-10-06T19:49:59.85696625-03:00 level=info msg="Executing migration" id="Migrate logging ds to loki ds"
logger=migrator t=2026-10-06T19:49:59.857429954-03:00 level=info msg="Migration successfully executed" id="Migrate logging ds to loki ds" duration=463.914µs
logger=migrator t=2026-10-06T19:49:59.877891015-03:00 level=info msg="Executing migration" id="Update json_data with nulls"
logger=migrator t=2026-10-06T19:49:59.878237096-03:00 level=info msg="Migration successfully executed" id="Update json_data with nulls" duration=346.751µs
logger=migrator t=2026-10-06T19:49:59.898196736-03:00 level=info msg="Executing migration" id="Add uid column"
logger=migrator t=2026-10-06T19:49:59.90111455-03:00 level=info msg="Migration successfully executed" id="Add uid column" duration=2.915465ms
logger=migrator t=2026-10-06T19:49:59.918890256-03:00 level=info msg="Executing migration" id="Update uid value"
logger=migrator t=2026-10-06T19:49:59.919229605-03:00 level=info msg="Migration successfully executed" id="Update uid value" duration=341.613µs
logger=migrator t=2026-10-06T19:49:59.942117359-03:00 level=info msg="Executing migration" id="Add unique index datasource_org_id_uid"
logger=migrator t=2026-10-06T19:49:59.942964846-03:00 level=info msg="Migration successfully executed" id="Add unique index datasource_org_id_uid" duration=849.178µs
logger=migrator t=2026-10-06T19:49:59.96425558-03:00 level=info msg="Executing migration" id="add unique index datasource_org_id_is_default"
logger=migrator t=2026-10-06T19:49:59.965900587-03:00 level=info msg="Migration successfully executed" id="add unique index datasource_org_id_is_default" duration=1.643221ms
logger=migrator t=2026-10-06T19:49:59.988044585-03:00 level=info msg="Executing migration" id="Add is_prunable column"
logger=migrator t=2026-10-06T19:49:59.989946614-03:00 level=info msg="Migration successfully executed" id="Add is_prunable column" duration=1.901892ms
logger=migrator t=2026-10-06T19:50:00.013281869-03:00 level=info msg="Executing migration" id="Add api_version column"
logger=migrator t=2026-10-06T19:50:00.017128899-03:00 level=info msg="Migration successfully executed" id="Add api_version column" duration=3.841498ms
logger=migrator t=2026-10-06T19:50:00.037616867-03:00 level=info msg="Executing migration" id="create api_key table"
logger=migrator t=2026-10-06T19:50:00.038636496-03:00 level=info msg="Migration successfully executed" id="create api_key table" duration=1.018424ms
logger=migrator t=2026-10-06T19:50:00.059271984-03:00 level=info msg="Executing migration" id="add index api_key.account_id"
logger=migrator t=2026-10-06T19:50:00.060656817-03:00 level=info msg="Migration successfully executed" id="add index api_key.account_id" duration=1.386083ms
logger=migrator t=2026-10-06T19:50:00.08097135-03:00 level=info msg="Executing migration" id="add index api_key.key"
logger=migrator t=2026-10-06T19:50:00.082348922-03:00 level=info msg="Migration successfully executed" id="add index api_key.key" duration=1.378252ms
logger=migrator t=2026-10-06T19:50:00.106201249-03:00 level=info msg="Executing migration" id="add index api_key.account_id_name"
logger=migrator t=2026-10-06T19:50:00.107416111-03:00 level=info msg="Migration successfully executed" id="add index api_key.account_id_name" duration=1.211707ms
logger=migrator t=2026-10-06T19:50:00.127110656-03:00 level=info msg="Executing migration" id="drop index IDX_api_key_account_id - v1"
logger=migrator t=2026-10-06T19:50:00.128539086-03:00 level=info msg="Migration successfully executed" id="drop index IDX_api_key_account_id - v1" duration=1.428409ms
logger=migrator t=2026-10-06T19:50:00.148316455-03:00 level=info msg="Executing migration" id="drop index UQE_api_key_key - v1"
logger=migrator t=2026-10-06T19:50:00.149665033-03:00 level=info msg="Migration successfully executed" id="drop index UQE_api_key_key - v1" duration=1.350264ms
logger=migrator t=2026-10-06T19:50:00.172240649-03:00 level=info msg="Executing migration" id="drop index UQE_api_key_account_id_name - v1"
logger=migrator t=2026-10-06T19:50:00.173627423-03:00 level=info msg="Migration successfully executed" id="drop index UQE_api_key_account_id_name - v1" duration=1.393834ms
logger=migrator t=2026-10-06T19:50:00.193589203-03:00 level=info msg="Executing migration" id="Rename table api_key to api_key_v1 - v1"
logger=migrator t=2026-10-06T19:50:00.200567083-03:00 level=info msg="Migration successfully executed" id="Rename table api_key to api_key_v1 - v1" duration=6.975717ms
logger=migrator t=2026-10-06T19:50:00.219974201-03:00 level=info msg="Executing migration" id="create api_key table v2"
logger=migrator t=2026-10-06T19:50:00.221313905-03:00 level=info msg="Migration successfully executed" id="create api_key table v2" duration=1.338338ms
logger=migrator t=2026-10-06T19:50:00.243049185-03:00 level=info msg="Executing migration" id="create index IDX_api_key_org_id - v2"
logger=migrator t=2026-10-06T19:50:00.244102006-03:00 level=info msg="Migration successfully executed" id="create index IDX_api_key_org_id - v2" duration=1.052255ms
logger=migrator t=2026-10-06T19:50:00.261186175-03:00 level=info msg="Executing migration" id="create index UQE_api_key_key - v2"
logger=migrator t=2026-10-06T19:50:00.262341515-03:00 level=info msg="Migration successfully executed" id="create index UQE_api_key_key - v2" duration=1.155167ms
logger=migrator t=2026-10-06T19:50:00.280619427-03:00 level=info msg="Executing migration" id="create index UQE_api_key_org_id_name - v2"
logger=migrator t=2026-10-06T19:50:00.281970765-03:00 level=info msg="Migration successfully executed" id="create index UQE_api_key_org_id_name - v2" duration=1.351846ms
logger=migrator t=2026-10-06T19:50:00.303100745-03:00 level=info msg="Executing migration" id="copy api_key v1 to v2"
logger=migrator t=2026-10-06T19:50:00.303884134-03:00 level=info msg="Migration successfully executed" id="copy api_key v1 to v2" duration=782.852µs
logger=migrator t=2026-10-06T19:50:00.319621096-03:00 level=info msg="Executing migration" id="Drop old table api_key_v1"
logger=migrator t=2026-10-06T19:50:00.320416782-03:00 level=info msg="Migration successfully executed" id="Drop old table api_key_v1" duration=794.27µs
logger=migrator t=2026-10-06T19:50:00.340270594-03:00 level=info msg="Executing migration" id="Update api_key table charset"
logger=migrator t=2026-10-06T19:50:00.340388778-03:00 level=info msg="Migration successfully executed" id="Update api_key table charset" duration=121.686µs
logger=migrator t=2026-10-06T19:50:00.359626346-03:00 level=info msg="Executing migration" id="Add expires to api_key table"
logger=migrator t=2026-10-06T19:50:00.362421914-03:00 level=info msg="Migration successfully executed" id="Add expires to api_key table" duration=2.792408ms
logger=migrator t=2026-10-06T19:50:00.392529095-03:00 level=info msg="Executing migration" id="Add service account foreign key"
logger=migrator t=2026-10-06T19:50:00.395729312-03:00 level=info msg="Migration successfully executed" id="Add service account foreign key" duration=3.19842ms
logger=migrator t=2026-10-06T19:50:00.412843148-03:00 level=info msg="Executing migration" id="set service account foreign key to nil if 0"
logger=migrator t=2026-10-06T19:50:00.413201231-03:00 level=info msg="Migration successfully executed" id="set service account foreign key to nil if 0" duration=360.42µs
logger=migrator t=2026-10-06T19:50:00.433890417-03:00 level=info msg="Executing migration" id="Add last_used_at to api_key table"
logger=migrator t=2026-10-06T19:50:00.437047936-03:00 level=info msg="Migration successfully executed" id="Add last_used_at to api_key table" duration=3.151228ms
logger=migrator t=2026-10-06T19:50:00.456949825-03:00 level=info msg="Executing migration" id="Add is_revoked column to api_key table"
logger=migrator t=2026-10-06T19:50:00.459483131-03:00 level=info msg="Migration successfully executed" id="Add is_revoked column to api_key table" duration=2.531624ms
logger=migrator t=2026-10-06T19:50:00.486142029-03:00 level=info msg="Executing migration" id="create dashboard_snapshot table v4"
logger=migrator t=2026-10-06T19:50:00.487334962-03:00 level=info msg="Migration successfully executed" id="create dashboard_snapshot table v4" duration=1.192936ms
logger=migrator t=2026-10-06T19:50:00.510625085-03:00 level=info msg="Executing migration" id="drop table dashboard_snapshot_v4 #1"
logger=migrator t=2026-10-06T19:50:00.512256543-03:00 level=info msg="Migration successfully executed" id="drop table dashboard_snapshot_v4 #1" duration=1.626564ms
logger=migrator t=2026-10-06T19:50:00.531472263-03:00 level=info msg="Executing migration" id="create dashboard_snapshot table v5 #2"
logger=migrator t=2026-10-06T19:50:00.532825536-03:00 level=info msg="Migration successfully executed" id="create dashboard_snapshot table v5 #2" duration=1.351397ms
logger=migrator t=2026-10-06T19:50:00.551359221-03:00 level=info msg="Executing migration" id="create index UQE_dashboard_snapshot_key - v5"
logger=migrator t=2026-10-06T19:50:00.552529464-03:00 level=info msg="Migration successfully executed" id="create index UQE_dashboard_snapshot_key - v5" duration=1.170296ms
logger=migrator t=2026-10-06T19:50:00.570542079-03:00 level=info msg="Executing migration" id="create index UQE_dashboard_snapshot_delete_key - v5"
logger=migrator t=2026-10-06T19:50:00.571599716-03:00 level=info msg="Migration successfully executed" id="create index UQE_dashboard_snapshot_delete_key - v5" duration=1.058837ms
logger=migrator t=2026-10-06T19:50:00.589448854-03:00 level=info msg="Executing migration" id="create index IDX_dashboard_snapshot_user_id - v5"
logger=migrator t=2026-10-06T19:50:00.590357341-03:00 level=info msg="Migration successfully executed" id="create index IDX_dashboard_snapshot_user_id - v5" duration=909.652µs
logger=migrator t=2026-10-06T19:50:00.62438724-03:00 level=info msg="Executing migration" id="alter dashboard_snapshot to mediumtext v2"
logger=migrator t=2026-10-06T19:50:00.624524548-03:00 level=info msg="Migration successfully executed" id="alter dashboard_snapshot to mediumtext v2" duration=140.531µs
logger=migrator t=2026-10-06T19:50:00.643221932-03:00 level=info msg="Executing migration" id="Update dashboard_snapshot table charset"
logger=migrator t=2026-10-06T19:50:00.643324881-03:00 level=info msg="Migration successfully executed" id="Update dashboard_snapshot table charset" duration=88.37µs
logger=migrator t=2026-10-06T19:50:00.660827325-03:00 level=info msg="Executing migration" id="Add column external_delete_url to dashboard_snapshots table"
logger=migrator t=2026-10-06T19:50:00.663123046-03:00 level=info msg="Migration successfully executed" id="Add column external_delete_url to dashboard_snapshots table" duration=2.294155ms
logger=migrator t=2026-10-06T19:50:00.68748847-03:00 level=info msg="Executing migration" id="Add encrypted dashboard json column"
logger=migrator t=2026-10-06T19:50:00.689729268-03:00 level=info msg="Migration successfully executed" id="Add encrypted dashboard json column" duration=2.241313ms
logger=migrator t=2026-10-06T19:50:00.707234122-03:00 level=info msg="Executing migration" id="Change dashboard_encrypted column to MEDIUMBLOB"
logger=migrator t=2026-10-06T19:50:00.70745967-03:00 level=info msg="Migration successfully executed" id="Change dashboard_encrypted column to MEDIUMBLOB" duration=228.953µs
logger=migrator t=2026-10-06T19:50:00.731899405-03:00 level=info msg="Executing migration" id="create quota table v1"
logger=migrator t=2026-10-06T19:50:00.733244947-03:00 level=info msg="Migration successfully executed" id="create quota table v1" duration=1.343532ms
logger=migrator t=2026-10-06T19:50:00.753780844-03:00 level=info msg="Executing migration" id="create index UQE_quota_org_id_user_id_target - v1"
logger=migrator t=2026-10-06T19:50:00.755983606-03:00 level=info msg="Migration successfully executed" id="create index UQE_quota_org_id_user_id_target - v1" duration=2.222408ms
logger=migrator t=2026-10-06T19:50:00.775032781-03:00 level=info msg="Executing migration" id="Update quota table charset"
logger=migrator t=2026-10-06T19:50:00.775153744-03:00 level=info msg="Migration successfully executed" id="Update quota table charset" duration=125.366µs
logger=migrator t=2026-10-06T19:50:00.804474912-03:00 level=info msg="Executing migration" id="create plugin_setting table"
logger=migrator t=2026-10-06T19:50:00.805834286-03:00 level=info msg="Migration successfully executed" id="create plugin_setting table" duration=1.357057ms
logger=migrator t=2026-10-06T19:50:00.828058046-03:00 level=info msg="Executing migration" id="create index UQE_plugin_setting_org_id_plugin_id - v1"
logger=migrator t=2026-10-06T19:50:00.829658274-03:00 level=info msg="Migration successfully executed" id="create index UQE_plugin_setting_org_id_plugin_id - v1" duration=1.600906ms
logger=migrator t=2026-10-06T19:50:00.852999336-03:00 level=info msg="Executing migration" id="Add column plugin_version to plugin_settings"
logger=migrator t=2026-10-06T19:50:00.857107205-03:00 level=info msg="Migration successfully executed" id="Add column plugin_version to plugin_settings" duration=4.102437ms
logger=migrator t=2026-10-06T19:50:00.887391428-03:00 level=info msg="Executing migration" id="Update plugin_setting table charset"
logger=migrator t=2026-10-06T19:50:00.887653389-03:00 level=info msg="Migration successfully executed" id="Update plugin_setting table charset" duration=273.399µs
logger=migrator t=2026-10-06T19:50:00.909991445-03:00 level=info msg="Executing migration" id="update NULL org_id to 1"
logger=migrator t=2026-10-06T19:50:00.910540867-03:00 level=info msg="Migration successfully executed" id="update NULL org_id to 1" duration=551.061µs
logger=migrator t=2026-10-06T19:50:00.933542264-03:00 level=info msg="Executing migration" id="make org_id NOT NULL and DEFAULT VALUE 1"
logger=migrator t=2026-10-06T19:50:00.945797825-03:00 level=info msg="Migration successfully executed" id="make org_id NOT NULL and DEFAULT VALUE 1" duration=12.252373ms
logger=migrator t=2026-10-06T19:50:00.968234199-03:00 level=info msg="Executing migration" id="create session table"
logger=migrator t=2026-10-06T19:50:00.969247511-03:00 level=info msg="Migration successfully executed" id="create session table" duration=1.013004ms
logger=migrator t=2026-10-06T19:50:00.987354114-03:00 level=info msg="Executing migration" id="Drop old table playlist table"
logger=migrator t=2026-10-06T19:50:00.987553507-03:00 level=info msg="Migration successfully executed" id="Drop old table playlist table" duration=202.077µs
logger=migrator t=2026-10-06T19:50:01.006978578-03:00 level=info msg="Executing migration" id="Drop old table playlist_item table"
logger=migrator t=2026-10-06T19:50:01.007155498-03:00 level=info msg="Migration successfully executed" id="Drop old table playlist_item table" duration=179.575µs
logger=migrator t=2026-10-06T19:50:01.025672953-03:00 level=info msg="Executing migration" id="create playlist table v2"
logger=migrator t=2026-10-06T19:50:01.027337868-03:00 level=info msg="Migration successfully executed" id="create playlist table v2" duration=1.643982ms
logger=migrator t=2026-10-06T19:50:01.046852565-03:00 level=info msg="Executing migration" id="create playlist item table v2"
logger=migrator t=2026-10-06T19:50:01.047825791-03:00 level=info msg="Migration successfully executed" id="create playlist item table v2" duration=994.842µs
logger=migrator t=2026-10-06T19:50:01.066772016-03:00 level=info msg="Executing migration" id="Update playlist table charset"
logger=migrator t=2026-10-06T19:50:01.066887246-03:00 level=info msg="Migration successfully executed" id="Update playlist table charset" duration=136.762µs
logger=migrator t=2026-10-06T19:50:01.082336547-03:00 level=info msg="Executing migration" id="Update playlist_item table charset"
logger=migrator t=2026-10-06T19:50:01.082425738-03:00 level=info msg="Migration successfully executed" id="Update playlist_item table charset" duration=98.325µs
logger=migrator t=2026-10-06T19:50:01.103850688-03:00 level=info msg="Executing migration" id="Add playlist column created_at"
logger=migrator t=2026-10-06T19:50:01.106876528-03:00 level=info msg="Migration successfully executed" id="Add playlist column created_at" duration=3.023838ms
logger=migrator t=2026-10-06T19:50:01.122387184-03:00 level=info msg="Executing migration" id="Add playlist column updated_at"
logger=migrator t=2026-10-06T19:50:01.126679302-03:00 level=info msg="Migration successfully executed" id="Add playlist column updated_at" duration=4.2916ms
logger=migrator t=2026-10-06T19:50:01.146297815-03:00 level=info msg="Executing migration" id="drop preferences table v2"
logger=migrator t=2026-10-06T19:50:01.146453883-03:00 level=info msg="Migration successfully executed" id="drop preferences table v2" duration=158.527µs
logger=migrator t=2026-10-06T19:50:01.16849249-03:00 level=info msg="Executing migration" id="drop preferences table v3"
logger=migrator t=2026-10-06T19:50:01.168749945-03:00 level=info msg="Migration successfully executed" id="drop preferences table v3" duration=259.823µs
logger=migrator t=2026-10-06T19:50:01.191134411-03:00 level=info msg="Executing migration" id="create preferences table v3"
logger=migrator t=2026-10-06T19:50:01.194039242-03:00 level=info msg="Migration successfully executed" id="create preferences table v3" duration=2.878487ms
logger=migrator t=2026-10-06T19:50:01.213072533-03:00 level=info msg="Executing migration" id="Update preferences table charset"
logger=migrator t=2026-10-06T19:50:01.213177984-03:00 level=info msg="Migration successfully executed" id="Update preferences table charset" duration=109.324µs
logger=migrator t=2026-10-06T19:50:01.233237718-03:00 level=info msg="Executing migration" id="Add column team_id in preferences"
logger=migrator t=2026-10-06T19:50:01.236355195-03:00 level=info msg="Migration successfully executed" id="Add column team_id in preferences" duration=3.116134ms
logger=migrator t=2026-10-06T19:50:01.256887889-03:00 level=info msg="Executing migration" id="Update team_id column values in preferences"
logger=migrator t=2026-10-06T19:50:01.257608195-03:00 level=info msg="Migration successfully executed" id="Update team_id column values in preferences" duration=720.633µs
logger=migrator t=2026-10-06T19:50:01.284933079-03:00 level=info msg="Executing migration" id="Add column week_start in preferences"
logger=migrator t=2026-10-06T19:50:01.288666223-03:00 level=info msg="Migration successfully executed" id="Add column week_start in preferences" duration=3.72791ms
logger=migrator t=2026-10-06T19:50:01.313186442-03:00 level=info msg="Executing migration" id="Add column preferences.json_data"
logger=migrator t=2026-10-06T19:50:01.317416558-03:00 level=info msg="Migration successfully executed" id="Add column preferences.json_data" duration=4.210126ms
logger=migrator t=2026-10-06T19:50:01.337954497-03:00 level=info msg="Executing migration" id="alter preferences.json_data to mediumtext v1"
logger=migrator t=2026-10-06T19:50:01.338127473-03:00 level=info msg="Migration successfully executed" id="alter preferences.json_data to mediumtext v1" duration=175.999µs
logger=migrator t=2026-10-06T19:50:01.361769959-03:00 level=info msg="Executing migration" id="Add preferences index org_id"
logger=migrator t=2026-10-06T19:50:01.362809495-03:00 level=info msg="Migration successfully executed" id="Add preferences index org_id" duration=1.041784ms
logger=migrator t=2026-10-06T19:50:01.381640756-03:00 level=info msg="Executing migration" id="Add preferences index user_id"
logger=migrator t=2026-10-06T19:50:01.383341493-03:00 level=info msg="Migration successfully executed" id="Add preferences index user_id" duration=1.701162ms
logger=migrator t=2026-10-06T19:50:01.408512782-03:00 level=info msg="Executing migration" id="create alert table v1"
logger=migrator t=2026-10-06T19:50:01.410158453-03:00 level=info msg="Migration successfully executed" id="create alert table v1" duration=1.646924ms
logger=migrator t=2026-10-06T19:50:01.432001674-03:00 level=info msg="Executing migration" id="add index alert org_id & id "
logger=migrator t=2026-10-06T19:50:01.433745495-03:00 level=info msg="Migration successfully executed" id="add index alert org_id & id " duration=1.743313ms
logger=migrator t=2026-10-06T19:50:01.450534252-03:00 level=info msg="Executing migration" id="add index alert state"
logger=migrator t=2026-10-06T19:50:01.451913221-03:00 level=info msg="Migration successfully executed" id="add index alert state" duration=1.388719ms
logger=migrator t=2026-10-06T19:50:01.472804508-03:00 level=info msg="Executing migration" id="add index alert dashboard_id"
logger=migrator t=2026-10-06T19:50:01.473692077-03:00 level=info msg="Migration successfully executed" id="add index alert dashboard_id" duration=888.555µs
logger=migrator t=2026-10-06T19:50:01.492235254-03:00 level=info msg="Executing migration" id="Create alert_rule_tag table v1"
logger=migrator t=2026-10-06T19:50:01.493710507-03:00 level=info msg="Migration successfully executed" id="Create alert_rule_tag table v1" duration=1.475038ms
logger=migrator t=2026-10-06T19:50:01.513753081-03:00 level=info msg="Executing migration" id="Add unique index alert_rule_tag.alert_id_tag_id"
logger=migrator t=2026-10-06T19:50:01.515101566-03:00 level=info msg="Migration successfully executed" id="Add unique index alert_rule_tag.alert_id_tag_id" duration=1.346605ms
logger=migrator t=2026-10-06T19:50:01.538839503-03:00 level=info msg="Executing migration" id="drop index UQE_alert_rule_tag_alert_id_tag_id - v1"
logger=migrator t=2026-10-06T19:50:01.539855133-03:00 level=info msg="Migration successfully executed" id="drop index UQE_alert_rule_tag_alert_id_tag_id - v1" duration=1.016404ms
logger=migrator t=2026-10-06T19:50:01.557729631-03:00 level=info msg="Executing migration" id="Rename table alert_rule_tag to alert_rule_tag_v1 - v1"
logger=migrator t=2026-10-06T19:50:01.572176627-03:00 level=info msg="Migration successfully executed" id="Rename table alert_rule_tag to alert_rule_tag_v1 - v1" duration=14.445421ms
logger=migrator t=2026-10-06T19:50:01.591330906-03:00 level=info msg="Executing migration" id="Create alert_rule_tag table v2"
logger=migrator t=2026-10-06T19:50:01.592337596-03:00 level=info msg="Migration successfully executed" id="Create alert_rule_tag table v2" duration=1.007694ms
logger=migrator t=2026-10-06T19:50:01.622052041-03:00 level=info msg="Executing migration" id="create index UQE_alert_rule_tag_alert_id_tag_id - Add unique index alert_rule_tag.alert_id_tag_id V2"
logger=migrator t=2026-10-06T19:50:01.623506242-03:00 level=info msg="Migration successfully executed" id="create index UQE_alert_rule_tag_alert_id_tag_id - Add unique index alert_rule_tag.alert_id_tag_id V2" duration=1.455175ms
logger=migrator t=2026-10-06T19:50:01.645393395-03:00 level=info msg="Executing migration" id="copy alert_rule_tag v1 to v2"
logger=migrator t=2026-10-06T19:50:01.645941485-03:00 level=info msg="Migration successfully executed" id="copy alert_rule_tag v1 to v2" duration=548.335µs
logger=migrator t=2026-10-06T19:50:01.662670342-03:00 level=info msg="Executing migration" id="drop table alert_rule_tag_v1"
logger=migrator t=2026-10-06T19:50:01.663612005-03:00 level=info msg="Migration successfully executed" id="drop table alert_rule_tag_v1" duration=940.529µs
logger=migrator t=2026-10-06T19:50:01.682311735-03:00 level=info msg="Executing migration" id="create alert_notification table v1"
logger=migrator t=2026-10-06T19:50:01.683461036-03:00 level=info msg="Migration successfully executed" id="create alert_notification table v1" duration=1.151153ms
logger=migrator t=2026-10-06T19:50:01.707366595-03:00 level=info msg="Executing migration" id="Add column is_default"
logger=migrator t=2026-10-06T19:50:01.71016533-03:00 level=info msg="Migration successfully executed" id="Add column is_default" duration=2.798699ms
logger=migrator t=2026-10-06T19:50:01.725421374-03:00 level=info msg="Executing migration" id="Add column frequency"
logger=migrator t=2026-10-06T19:50:01.729316246-03:00 level=info msg="Migration successfully executed" id="Add column frequency" duration=3.89311ms
logger=migrator t=2026-10-06T19:50:01.748918901-03:00 level=info msg="Executing migration" id="Add column send_reminder"
logger=migrator t=2026-10-06T19:50:01.752679987-03:00 level=info msg="Migration successfully executed" id="Add column send_reminder" duration=3.759938ms
logger=migrator t=2026-10-06T19:50:01.771926914-03:00 level=info msg="Executing migration" id="Add column disable_resolve_message"
logger=migrator t=2026-10-06T19:50:01.774863647-03:00 level=info msg="Migration successfully executed" id="Add column disable_resolve_message" duration=2.936951ms
logger=migrator t=2026-10-06T19:50:01.790602487-03:00 level=info msg="Executing migration" id="add index alert_notification org_id & name"
logger=migrator t=2026-10-06T19:50:01.791764484-03:00 level=info msg="Migration successfully executed" id="add index alert_notification org_id & name" duration=1.163208ms
logger=migrator t=2026-10-06T19:50:01.815199454-03:00 level=info msg="Executing migration" id="Update alert table charset"
logger=migrator t=2026-10-06T19:50:01.815296033-03:00 level=info msg="Migration successfully executed" id="Update alert table charset" duration=99.268µs
logger=migrator t=2026-10-06T19:50:01.832239148-03:00 level=info msg="Executing migration" id="Update alert_notification table charset"
logger=migrator t=2026-10-06T19:50:01.832357158-03:00 level=info msg="Migration successfully executed" id="Update alert_notification table charset" duration=138.028µs
logger=migrator t=2026-10-06T19:50:01.849785741-03:00 level=info msg="Executing migration" id="create notification_journal table v1"
logger=migrator t=2026-10-06T19:50:01.850885037-03:00 level=info msg="Migration successfully executed" id="create notification_journal table v1" duration=1.100508ms
logger=migrator t=2026-10-06T19:50:01.870633782-03:00 level=info msg="Executing migration" id="add index notification_journal org_id & alert_id & notifier_id"
logger=migrator t=2026-10-06T19:50:01.872990353-03:00 level=info msg="Migration successfully executed" id="add index notification_journal org_id & alert_id & notifier_id" duration=2.35302ms
logger=migrator t=2026-10-06T19:50:01.891046344-03:00 level=info msg="Executing migration" id="drop alert_notification_journal"
logger=migrator t=2026-10-06T19:50:01.892187614-03:00 level=info msg="Migration successfully executed" id="drop alert_notification_journal" duration=1.139105ms
logger=migrator t=2026-10-06T19:50:01.913283278-03:00 level=info msg="Executing migration" id="create alert_notification_state table v1"
logger=migrator t=2026-10-06T19:50:01.914536036-03:00 level=info msg="Migration successfully executed" id="create alert_notification_state table v1" duration=1.25093ms
logger=migrator t=2026-10-06T19:50:01.930715697-03:00 level=info msg="Executing migration" id="add index alert_notification_state org_id & alert_id & notifier_id"
logger=migrator t=2026-10-06T19:50:01.932182081-03:00 level=info msg="Migration successfully executed" id="add index alert_notification_state org_id & alert_id & notifier_id" duration=1.464803ms
logger=migrator t=2026-10-06T19:50:01.951989441-03:00 level=info msg="Executing migration" id="Add for to alert table"
logger=migrator t=2026-10-06T19:50:01.956430955-03:00 level=info msg="Migration successfully executed" id="Add for to alert table" duration=4.454084ms
logger=migrator t=2026-10-06T19:50:01.975319863-03:00 level=info msg="Executing migration" id="Add column uid in alert_notification"
logger=migrator t=2026-10-06T19:50:01.979716971-03:00 level=info msg="Migration successfully executed" id="Add column uid in alert_notification" duration=4.393776ms
logger=migrator t=2026-10-06T19:50:01.998483783-03:00 level=info msg="Executing migration" id="Update uid column values in alert_notification"
logger=migrator t=2026-10-06T19:50:01.998880607-03:00 level=info msg="Migration successfully executed" id="Update uid column values in alert_notification" duration=398.044µs
logger=migrator t=2026-10-06T19:50:02.019841286-03:00 level=info msg="Executing migration" id="Add unique index alert_notification_org_id_uid"
logger=migrator t=2026-10-06T19:50:02.021246604-03:00 level=info msg="Migration successfully executed" id="Add unique index alert_notification_org_id_uid" duration=1.400904ms
logger=migrator t=2026-10-06T19:50:02.040803898-03:00 level=info msg="Executing migration" id="Remove unique index org_id_name"
logger=migrator t=2026-10-06T19:50:02.04208041-03:00 level=info msg="Migration successfully executed" id="Remove unique index org_id_name" duration=1.27934ms
logger=migrator t=2026-10-06T19:50:02.070199669-03:00 level=info msg="Executing migration" id="Add column secure_settings in alert_notification"
logger=migrator t=2026-10-06T19:50:02.074926816-03:00 level=info msg="Migration successfully executed" id="Add column secure_settings in alert_notification" duration=4.723522ms
logger=migrator t=2026-10-06T19:50:02.09105476-03:00 level=info msg="Executing migration" id="alter alert.settings to mediumtext"
logger=migrator t=2026-10-06T19:50:02.091256286-03:00 level=info msg="Migration successfully executed" id="alter alert.settings to mediumtext" duration=191.704µs
logger=migrator t=2026-10-06T19:50:02.118198915-03:00 level=info msg="Executing migration" id="Add non-unique index alert_notification_state_alert_id"
logger=migrator t=2026-10-06T19:50:02.119275419-03:00 level=info msg="Migration successfully executed" id="Add non-unique index alert_notification_state_alert_id" duration=1.076538ms
logger=migrator t=2026-10-06T19:50:02.140859453-03:00 level=info msg="Executing migration" id="Add non-unique index alert_rule_tag_alert_id"
logger=migrator t=2026-10-06T19:50:02.142315001-03:00 level=info msg="Migration successfully executed" id="Add non-unique index alert_rule_tag_alert_id" duration=1.457577ms
logger=migrator t=2026-10-06T19:50:02.161904004-03:00 level=info msg="Executing migration" id="Drop old annotation table v4"
logger=migrator t=2026-10-06T19:50:02.162106318-03:00 level=info msg="Migration successfully executed" id="Drop old annotation table v4" duration=206.73µs
logger=migrator t=2026-10-06T19:50:02.191211698-03:00 level=info msg="Executing migration" id="create annotation table v5"
logger=migrator t=2026-10-06T19:50:02.192623204-03:00 level=info msg="Migration successfully executed" id="create annotation table v5" duration=1.408845ms
logger=migrator t=2026-10-06T19:50:02.229238565-03:00 level=info msg="Executing migration" id="add index annotation 0 v3"
logger=migrator t=2026-10-06T19:50:02.230738206-03:00 level=info msg="Migration successfully executed" id="add index annotation 0 v3" duration=1.519719ms
logger=migrator t=2026-10-06T19:50:02.253300985-03:00 level=info msg="Executing migration" id="add index annotation 1 v3"
logger=migrator t=2026-10-06T19:50:02.254931054-03:00 level=info msg="Migration successfully executed" id="add index annotation 1 v3" duration=1.627926ms
logger=migrator t=2026-10-06T19:50:02.272968115-03:00 level=info msg="Executing migration" id="add index annotation 2 v3"
logger=migrator t=2026-10-06T19:50:02.274484591-03:00 level=info msg="Migration successfully executed" id="add index annotation 2 v3" duration=1.5181ms
logger=migrator t=2026-10-06T19:50:02.292630407-03:00 level=info msg="Executing migration" id="add index annotation 3 v3"
logger=migrator t=2026-10-06T19:50:02.294129757-03:00 level=info msg="Migration successfully executed" id="add index annotation 3 v3" duration=1.498754ms
logger=migrator t=2026-10-06T19:50:02.317969771-03:00 level=info msg="Executing migration" id="add index annotation 4 v3"
logger=migrator t=2026-10-06T19:50:02.319592734-03:00 level=info msg="Migration successfully executed" id="add index annotation 4 v3" duration=1.620477ms
logger=migrator t=2026-10-06T19:50:02.341422295-03:00 level=info msg="Executing migration" id="Update annotation table charset"
logger=migrator t=2026-10-06T19:50:02.341574796-03:00 level=info msg="Migration successfully executed" id="Update annotation table charset" duration=156.756µs
logger=migrator t=2026-10-06T19:50:02.364515311-03:00 level=info msg="Executing migration" id="Add column region_id to annotation table"
logger=migrator t=2026-10-06T19:50:02.369281301-03:00 level=info msg="Migration successfully executed" id="Add column region_id to annotation table" duration=4.762664ms
logger=migrator t=2026-10-06T19:50:02.392155341-03:00 level=info msg="Executing migration" id="Drop category_id index"
logger=migrator t=2026-10-06T19:50:02.393471143-03:00 level=info msg="Migration successfully executed" id="Drop category_id index" duration=1.315966ms
logger=migrator t=2026-10-06T19:50:02.458677584-03:00 level=info msg="Executing migration" id="Add column tags to annotation table"
logger=migrator t=2026-10-06T19:50:02.463628949-03:00 level=info msg="Migration successfully executed" id="Add column tags to annotation table" duration=4.944256ms
logger=migrator t=2026-10-06T19:50:02.491996558-03:00 level=info msg="Executing migration" id="Create annotation_tag table v2"
logger=migrator t=2026-10-06T19:50:02.493312503-03:00 level=info msg="Migration successfully executed" id="Create annotation_tag table v2" duration=1.314944ms
logger=migrator t=2026-10-06T19:50:02.520743749-03:00 level=info msg="Executing migration" id="Add unique index annotation_tag.annotation_id_tag_id"
logger=migrator t=2026-10-06T19:50:02.523163353-03:00 level=info msg="Migration successfully executed" id="Add unique index annotation_tag.annotation_id_tag_id" duration=2.407096ms
logger=migrator t=2026-10-06T19:50:02.542603637-03:00 level=info msg="Executing migration" id="drop index UQE_annotation_tag_annotation_id_tag_id - v2"
logger=migrator t=2026-10-06T19:50:02.54396384-03:00 level=info msg="Migration successfully executed" id="drop index UQE_annotation_tag_annotation_id_tag_id - v2" duration=1.37172ms
logger=migrator t=2026-10-06T19:50:02.562456805-03:00 level=info msg="Executing migration" id="Rename table annotation_tag to annotation_tag_v2 - v2"
logger=migrator t=2026-10-06T19:50:02.575183058-03:00 level=info msg="Migration successfully executed" id="Rename table annotation_tag to annotation_tag_v2 - v2" duration=12.720966ms
logger=migrator t=2026-10-06T19:50:02.594928873-03:00 level=info msg="Executing migration" id="Create annotation_tag table v3"
logger=migrator t=2026-10-06T19:50:02.5960465-03:00 level=info msg="Migration successfully executed" id="Create annotation_tag table v3" duration=1.11605ms
logger=migrator t=2026-10-06T19:50:02.611562686-03:00 level=info msg="Executing migration" id="create index UQE_annotation_tag_annotation_id_tag_id - Add unique index annotation_tag.annotation_id_tag_id V3"
logger=migrator t=2026-10-06T19:50:02.612965957-03:00 level=info msg="Migration successfully executed" id="create index UQE_annotation_tag_annotation_id_tag_id - Add unique index annotation_tag.annotation_id_tag_id V3" duration=1.402643ms
logger=migrator t=2026-10-06T19:50:02.635949324-03:00 level=info msg="Executing migration" id="copy annotation_tag v2 to v3"
logger=migrator t=2026-10-06T19:50:02.636563875-03:00 level=info msg="Migration successfully executed" id="copy annotation_tag v2 to v3" duration=613.744µs
logger=migrator t=2026-10-06T19:50:02.651193232-03:00 level=info msg="Executing migration" id="drop table annotation_tag_v2"
logger=migrator t=2026-10-06T19:50:02.652145369-03:00 level=info msg="Migration successfully executed" id="drop table annotation_tag_v2" duration=915.963µs
logger=migrator t=2026-10-06T19:50:02.680969638-03:00 level=info msg="Executing migration" id="Update alert annotations and set TEXT to empty"
logger=migrator t=2026-10-06T19:50:02.681552532-03:00 level=info msg="Migration successfully executed" id="Update alert annotations and set TEXT to empty" duration=585.221µs
logger=migrator t=2026-10-06T19:50:02.837114966-03:00 level=info msg="Executing migration" id="Add created time to annotation table"
logger=migrator t=2026-10-06T19:50:02.842612531-03:00 level=info msg="Migration successfully executed" id="Add created time to annotation table" duration=5.494607ms
logger=migrator t=2026-10-06T19:50:02.873017654-03:00 level=info msg="Executing migration" id="Add updated time to annotation table"
logger=migrator t=2026-10-06T19:50:02.878327052-03:00 level=info msg="Migration successfully executed" id="Add updated time to annotation table" duration=5.304385ms
logger=migrator t=2026-10-06T19:50:02.917515304-03:00 level=info msg="Executing migration" id="Add index for created in annotation table"
logger=migrator t=2026-10-06T19:50:02.919066433-03:00 level=info msg="Migration successfully executed" id="Add index for created in annotation table" duration=1.551036ms
logger=migrator t=2026-10-06T19:50:03.046508635-03:00 level=info msg="Executing migration" id="Add index for updated in annotation table"
logger=migrator t=2026-10-06T19:50:03.048206332-03:00 level=info msg="Migration successfully executed" id="Add index for updated in annotation table" duration=1.693622ms
logger=migrator t=2026-10-06T19:50:03.138642921-03:00 level=info msg="Executing migration" id="Convert existing annotations from seconds to milliseconds"
logger=migrator t=2026-10-06T19:50:03.139083451-03:00 level=info msg="Migration successfully executed" id="Convert existing annotations from seconds to milliseconds" duration=442.494µs
logger=migrator t=2026-10-06T19:50:03.169102715-03:00 level=info msg="Executing migration" id="Add epoch_end column"
logger=migrator t=2026-10-06T19:50:03.174361571-03:00 level=info msg="Migration successfully executed" id="Add epoch_end column" duration=5.255492ms
logger=migrator t=2026-10-06T19:50:03.202214954-03:00 level=info msg="Executing migration" id="Add index for epoch_end"
logger=migrator t=2026-10-06T19:50:03.204046204-03:00 level=info msg="Migration successfully executed" id="Add index for epoch_end" duration=1.824354ms
logger=migrator t=2026-10-06T19:50:03.221871538-03:00 level=info msg="Executing migration" id="Make epoch_end the same as epoch"
logger=migrator t=2026-10-06T19:50:03.222230311-03:00 level=info msg="Migration successfully executed" id="Make epoch_end the same as epoch" duration=360.013µs
logger=migrator t=2026-10-06T19:50:03.242066179-03:00 level=info msg="Executing migration" id="Move region to single row"
logger=migrator t=2026-10-06T19:50:03.24272924-03:00 level=info msg="Migration successfully executed" id="Move region to single row" duration=661.344µs
logger=migrator t=2026-10-06T19:50:03.259466374-03:00 level=info msg="Executing migration" id="Remove index org_id_epoch from annotation table"
logger=migrator t=2026-10-06T19:50:03.262411784-03:00 level=info msg="Migration successfully executed" id="Remove index org_id_epoch from annotation table" duration=2.93291ms
logger=migrator t=2026-10-06T19:50:03.283100311-03:00 level=info msg="Executing migration" id="Remove index org_id_dashboard_id_panel_id_epoch from annotation table"
logger=migrator t=2026-10-06T19:50:03.284608805-03:00 level=info msg="Migration successfully executed" id="Remove index org_id_dashboard_id_panel_id_epoch from annotation table" duration=1.508829ms
logger=migrator t=2026-10-06T19:50:03.310091073-03:00 level=info msg="Executing migration" id="Add index for org_id_dashboard_id_epoch_end_epoch on annotation table"
logger=migrator t=2026-10-06T19:50:03.311568637-03:00 level=info msg="Migration successfully executed" id="Add index for org_id_dashboard_id_epoch_end_epoch on annotation table" duration=1.495835ms
logger=migrator t=2026-10-06T19:50:03.334234768-03:00 level=info msg="Executing migration" id="Add index for org_id_epoch_end_epoch on annotation table"
logger=migrator t=2026-10-06T19:50:03.336466475-03:00 level=info msg="Migration successfully executed" id="Add index for org_id_epoch_end_epoch on annotation table" duration=2.221619ms
logger=migrator t=2026-10-06T19:50:03.374024528-03:00 level=info msg="Executing migration" id="Remove index org_id_epoch_epoch_end from annotation table"
logger=migrator t=2026-10-06T19:50:03.375949163-03:00 level=info msg="Migration successfully executed" id="Remove index org_id_epoch_epoch_end from annotation table" duration=1.925568ms
logger=migrator t=2026-10-06T19:50:03.414575757-03:00 level=info msg="Executing migration" id="Add index for alert_id on annotation table"
logger=migrator t=2026-10-06T19:50:03.415902172-03:00 level=info msg="Migration successfully executed" id="Add index for alert_id on annotation table" duration=1.327258ms
logger=migrator t=2026-10-06T19:50:03.4367668-03:00 level=info msg="Executing migration" id="Increase tags column to length 4096"
logger=migrator t=2026-10-06T19:50:03.437006589-03:00 level=info msg="Migration successfully executed" id="Increase tags column to length 4096" duration=243.341µs
logger=migrator t=2026-10-06T19:50:03.457578629-03:00 level=info msg="Executing migration" id="Increase prev_state column to length 40 not null"
logger=migrator t=2026-10-06T19:50:03.457773806-03:00 level=info msg="Migration successfully executed" id="Increase prev_state column to length 40 not null" duration=198.182µs
logger=migrator t=2026-10-06T19:50:03.486926638-03:00 level=info msg="Executing migration" id="Increase new_state column to length 40 not null"
logger=migrator t=2026-10-06T19:50:03.487127015-03:00 level=info msg="Migration successfully executed" id="Increase new_state column to length 40 not null" duration=204.104µs
logger=migrator t=2026-10-06T19:50:03.50675949-03:00 level=info msg="Executing migration" id="create test_data table"
logger=migrator t=2026-10-06T19:50:03.507989338-03:00 level=info msg="Migration successfully executed" id="create test_data table" duration=1.228394ms
logger=migrator t=2026-10-06T19:50:03.530697208-03:00 level=info msg="Executing migration" id="create dashboard_version table v1"
logger=migrator t=2026-10-06T19:50:03.532175548-03:00 level=info msg="Migration successfully executed" id="create dashboard_version table v1" duration=1.468404ms
logger=migrator t=2026-10-06T19:50:03.568345231-03:00 level=info msg="Executing migration" id="add index dashboard_version.dashboard_id"
logger=migrator t=2026-10-06T19:50:03.570046397-03:00 level=info msg="Migration successfully executed" id="add index dashboard_version.dashboard_id" duration=1.699295ms
logger=migrator t=2026-10-06T19:50:03.599659417-03:00 level=info msg="Executing migration" id="add unique index dashboard_version.dashboard_id and dashboard_version.version"
logger=migrator t=2026-10-06T19:50:03.601229102-03:00 level=info msg="Migration successfully executed" id="add unique index dashboard_version.dashboard_id and dashboard_version.version" duration=1.569219ms
logger=migrator t=2026-10-06T19:50:03.636414785-03:00 level=info msg="Executing migration" id="Set dashboard version to 1 where 0"
logger=migrator t=2026-10-06T19:50:03.637378026-03:00 level=info msg="Migration successfully executed" id="Set dashboard version to 1 where 0" duration=957.904µs
logger=migrator t=2026-10-06T19:50:03.662993551-03:00 level=info msg="Executing migration" id="save existing dashboard data in dashboard_version table v1"
logger=migrator t=2026-10-06T19:50:03.663841672-03:00 level=info msg="Migration successfully executed" id="save existing dashboard data in dashboard_version table v1" duration=848.086µs
logger=migrator t=2026-10-06T19:50:03.690951914-03:00 level=info msg="Executing migration" id="alter dashboard_version.data to mediumtext v1"
logger=migrator t=2026-10-06T19:50:03.691182748-03:00 level=info msg="Migration successfully executed" id="alter dashboard_version.data to mediumtext v1" duration=234.538µs
logger=migrator t=2026-10-06T19:50:03.714346722-03:00 level=info msg="Executing migration" id="create team table"
logger=migrator t=2026-10-06T19:50:03.715727749-03:00 level=info msg="Migration successfully executed" id="create team table" duration=1.379813ms
logger=migrator t=2026-10-06T19:50:03.742247258-03:00 level=info msg="Executing migration" id="add index team.org_id"
logger=migrator t=2026-10-06T19:50:03.744170796-03:00 level=info msg="Migration successfully executed" id="add index team.org_id" duration=1.923322ms
logger=migrator t=2026-10-06T19:50:03.766872378-03:00 level=info msg="Executing migration" id="add unique index team_org_id_name"
logger=migrator t=2026-10-06T19:50:03.768517065-03:00 level=info msg="Migration successfully executed" id="add unique index team_org_id_name" duration=1.645321ms
logger=migrator t=2026-10-06T19:50:03.793172778-03:00 level=info msg="Executing migration" id="Add column uid in team"
logger=migrator t=2026-10-06T19:50:03.799810075-03:00 level=info msg="Migration successfully executed" id="Add column uid in team" duration=6.63262ms
logger=migrator t=2026-10-06T19:50:03.824608239-03:00 level=info msg="Executing migration" id="Update uid column values in team"
logger=migrator t=2026-10-06T19:50:03.825101324-03:00 level=info msg="Migration successfully executed" id="Update uid column values in team" duration=495.598µs
logger=migrator t=2026-10-06T19:50:03.844022056-03:00 level=info msg="Executing migration" id="Add unique index team_org_id_uid"
logger=migrator t=2026-10-06T19:50:03.845716481-03:00 level=info msg="Migration successfully executed" id="Add unique index team_org_id_uid" duration=1.694862ms
logger=migrator t=2026-10-06T19:50:03.868724954-03:00 level=info msg="Executing migration" id="create team member table"
logger=migrator t=2026-10-06T19:50:03.870063445-03:00 level=info msg="Migration successfully executed" id="create team member table" duration=1.377798ms
logger=migrator t=2026-10-06T19:50:03.897526443-03:00 level=info msg="Executing migration" id="add index team_member.org_id"
logger=migrator t=2026-10-06T19:50:03.899729105-03:00 level=info msg="Migration successfully executed" id="add index team_member.org_id" duration=2.203947ms
logger=migrator t=2026-10-06T19:50:03.921511609-03:00 level=info msg="Executing migration" id="add unique index team_member_org_id_team_id_user_id"
logger=migrator t=2026-10-06T19:50:03.92310693-03:00 level=info msg="Migration successfully executed" id="add unique index team_member_org_id_team_id_user_id" duration=1.59563ms
logger=migrator t=2026-10-06T19:50:03.942575015-03:00 level=info msg="Executing migration" id="add index team_member.team_id"
logger=migrator t=2026-10-06T19:50:03.944430902-03:00 level=info msg="Migration successfully executed" id="add index team_member.team_id" duration=1.855791ms
logger=migrator t=2026-10-06T19:50:03.966344066-03:00 level=info msg="Executing migration" id="Add column email to team table"
logger=migrator t=2026-10-06T19:50:03.9721384-03:00 level=info msg="Migration successfully executed" id="Add column email to team table" duration=5.79112ms
logger=migrator t=2026-10-06T19:50:03.992835747-03:00 level=info msg="Executing migration" id="Add column external to team_member table"
logger=migrator t=2026-10-06T19:50:03.997660168-03:00 level=info msg="Migration successfully executed" id="Add column external to team_member table" duration=4.820648ms
logger=migrator t=2026-10-06T19:50:04.016909827-03:00 level=info msg="Executing migration" id="Add column permission to team_member table"
logger=migrator t=2026-10-06T19:50:04.02376306-03:00 level=info msg="Migration successfully executed" id="Add column permission to team_member table" duration=6.812924ms
logger=migrator t=2026-10-06T19:50:04.214038627-03:00 level=info msg="Executing migration" id="add unique index team_member_user_id_org_id"
logger=migrator t=2026-10-06T19:50:04.215506444-03:00 level=info msg="Migration successfully executed" id="add unique index team_member_user_id_org_id" duration=1.467937ms
logger=migrator t=2026-10-06T19:50:04.277033963-03:00 level=info msg="Executing migration" id="create dashboard acl table"
logger=migrator t=2026-10-06T19:50:04.278398414-03:00 level=info msg="Migration successfully executed" id="create dashboard acl table" duration=1.362384ms
logger=migrator t=2026-10-06T19:50:04.30882376-03:00 level=info msg="Executing migration" id="add index dashboard_acl_dashboard_id"
logger=migrator t=2026-10-06T19:50:04.310340221-03:00 level=info msg="Migration successfully executed" id="add index dashboard_acl_dashboard_id" duration=1.518414ms
logger=migrator t=2026-10-06T19:50:04.362302839-03:00 level=info msg="Executing migration" id="add unique index dashboard_acl_dashboard_id_user_id"
logger=migrator t=2026-10-06T19:50:04.363862516-03:00 level=info msg="Migration successfully executed" id="add unique index dashboard_acl_dashboard_id_user_id" duration=1.559468ms
logger=migrator t=2026-10-06T19:50:04.404826598-03:00 level=info msg="Executing migration" id="add unique index dashboard_acl_dashboard_id_team_id"
logger=migrator t=2026-10-06T19:50:04.406318048-03:00 level=info msg="Migration successfully executed" id="add unique index dashboard_acl_dashboard_id_team_id" duration=1.491503ms
logger=migrator t=2026-10-06T19:50:04.431871751-03:00 level=info msg="Executing migration" id="add index dashboard_acl_user_id"
logger=migrator t=2026-10-06T19:50:04.433504045-03:00 level=info msg="Migration successfully executed" id="add index dashboard_acl_user_id" duration=1.659709ms
logger=migrator t=2026-10-06T19:50:04.504441736-03:00 level=info msg="Executing migration" id="add index dashboard_acl_team_id"
logger=migrator t=2026-10-06T19:50:04.506200608-03:00 level=info msg="Migration successfully executed" id="add index dashboard_acl_team_id" duration=1.759669ms
logger=migrator t=2026-10-06T19:50:04.566437167-03:00 level=info msg="Executing migration" id="add index dashboard_acl_org_id_role"
logger=migrator t=2026-10-06T19:50:04.568384095-03:00 level=info msg="Migration successfully executed" id="add index dashboard_acl_org_id_role" duration=1.943421ms
logger=migrator t=2026-10-06T19:50:04.594244968-03:00 level=info msg="Executing migration" id="add index dashboard_permission"
logger=migrator t=2026-10-06T19:50:04.595689821-03:00 level=info msg="Migration successfully executed" id="add index dashboard_permission" duration=1.440534ms
logger=migrator t=2026-10-06T19:50:04.62165945-03:00 level=info msg="Executing migration" id="save default acl rules in dashboard_acl table"
logger=migrator t=2026-10-06T19:50:04.622579445-03:00 level=info msg="Migration successfully executed" id="save default acl rules in dashboard_acl table" duration=919.198µs
logger=migrator t=2026-10-06T19:50:04.648994166-03:00 level=info msg="Executing migration" id="delete acl rules for deleted dashboards and folders"
logger=migrator t=2026-10-06T19:50:04.649518203-03:00 level=info msg="Migration successfully executed" id="delete acl rules for deleted dashboards and folders" duration=523.841µs
logger=migrator t=2026-10-06T19:50:04.670829056-03:00 level=info msg="Executing migration" id="create tag table"
logger=migrator t=2026-10-06T19:50:04.672443109-03:00 level=info msg="Migration successfully executed" id="create tag table" duration=1.59601ms
logger=migrator t=2026-10-06T19:50:04.708776646-03:00 level=info msg="Executing migration" id="add index tag.key_value"
logger=migrator t=2026-10-06T19:50:04.710512406-03:00 level=info msg="Migration successfully executed" id="add index tag.key_value" duration=1.841563ms
logger=migrator t=2026-10-06T19:50:04.738385659-03:00 level=info msg="Executing migration" id="create login attempt table"
logger=migrator t=2026-10-06T19:50:04.739732357-03:00 level=info msg="Migration successfully executed" id="create login attempt table" duration=1.346393ms
logger=migrator t=2026-10-06T19:50:04.764124374-03:00 level=info msg="Executing migration" id="add index login_attempt.username"
logger=migrator t=2026-10-06T19:50:04.766155655-03:00 level=info msg="Migration successfully executed" id="add index login_attempt.username" duration=2.055173ms
logger=migrator t=2026-10-06T19:50:04.791796543-03:00 level=info msg="Executing migration" id="drop index IDX_login_attempt_username - v1"
logger=migrator t=2026-10-06T19:50:04.793479036-03:00 level=info msg="Migration successfully executed" id="drop index IDX_login_attempt_username - v1" duration=1.68251ms
logger=migrator t=2026-10-06T19:50:04.852286452-03:00 level=info msg="Executing migration" id="Rename table login_attempt to login_attempt_tmp_qwerty - v1"
logger=migrator t=2026-10-06T19:50:04.874671062-03:00 level=info msg="Migration successfully executed" id="Rename table login_attempt to login_attempt_tmp_qwerty - v1" duration=22.377246ms
logger=migrator t=2026-10-06T19:50:04.912430828-03:00 level=info msg="Executing migration" id="create login_attempt v2"
logger=migrator t=2026-10-06T19:50:04.914129848-03:00 level=info msg="Migration successfully executed" id="create login_attempt v2" duration=1.723735ms
logger=migrator t=2026-10-06T19:50:04.938034636-03:00 level=info msg="Executing migration" id="create index IDX_login_attempt_username - v2"
logger=migrator t=2026-10-06T19:50:04.939168851-03:00 level=info msg="Migration successfully executed" id="create index IDX_login_attempt_username - v2" duration=1.134631ms
logger=migrator t=2026-10-06T19:50:04.968352922-03:00 level=info msg="Executing migration" id="copy login_attempt v1 to v2"
logger=migrator t=2026-10-06T19:50:04.968989848-03:00 level=info msg="Migration successfully executed" id="copy login_attempt v1 to v2" duration=636.176µs
logger=migrator t=2026-10-06T19:50:04.992341146-03:00 level=info msg="Executing migration" id="drop login_attempt_tmp_qwerty"
logger=migrator t=2026-10-06T19:50:04.993353712-03:00 level=info msg="Migration successfully executed" id="drop login_attempt_tmp_qwerty" duration=1.011542ms
logger=migrator t=2026-10-06T19:50:05.015631732-03:00 level=info msg="Executing migration" id="create user auth table"
logger=migrator t=2026-10-06T19:50:05.016952712-03:00 level=info msg="Migration successfully executed" id="create user auth table" duration=1.321176ms
logger=migrator t=2026-10-06T19:50:05.038470279-03:00 level=info msg="Executing migration" id="create index IDX_user_auth_auth_module_auth_id - v1"
logger=migrator t=2026-10-06T19:50:05.03989464-03:00 level=info msg="Migration successfully executed" id="create index IDX_user_auth_auth_module_auth_id - v1" duration=1.423998ms
logger=migrator t=2026-10-06T19:50:05.074087067-03:00 level=info msg="Executing migration" id="alter user_auth.auth_id to length 190"
logger=migrator t=2026-10-06T19:50:05.074307638-03:00 level=info msg="Migration successfully executed" id="alter user_auth.auth_id to length 190" duration=224.566µs
logger=migrator t=2026-10-06T19:50:05.100769988-03:00 level=info msg="Executing migration" id="Add OAuth access token to user_auth"
logger=migrator t=2026-10-06T19:50:05.106857905-03:00 level=info msg="Migration successfully executed" id="Add OAuth access token to user_auth" duration=6.082236ms
logger=migrator t=2026-10-06T19:50:05.128556787-03:00 level=info msg="Executing migration" id="Add OAuth refresh token to user_auth"
logger=migrator t=2026-10-06T19:50:05.133830525-03:00 level=info msg="Migration successfully executed" id="Add OAuth refresh token to user_auth" duration=5.253218ms
logger=migrator t=2026-10-06T19:50:05.150414205-03:00 level=info msg="Executing migration" id="Add OAuth token type to user_auth"
logger=migrator t=2026-10-06T19:50:05.156487183-03:00 level=info msg="Migration successfully executed" id="Add OAuth token type to user_auth" duration=6.06851ms
logger=migrator t=2026-10-06T19:50:05.180958136-03:00 level=info msg="Executing migration" id="Add OAuth expiry to user_auth"
logger=migrator t=2026-10-06T19:50:05.187074907-03:00 level=info msg="Migration successfully executed" id="Add OAuth expiry to user_auth" duration=6.111258ms
logger=migrator t=2026-10-06T19:50:05.208465576-03:00 level=info msg="Executing migration" id="Add index to user_id column in user_auth"
logger=migrator t=2026-10-06T19:50:05.211059337-03:00 level=info msg="Migration successfully executed" id="Add index to user_id column in user_auth" duration=2.60309ms
logger=migrator t=2026-10-06T19:50:05.232384601-03:00 level=info msg="Executing migration" id="Add OAuth ID token to user_auth"
logger=migrator t=2026-10-06T19:50:05.238613028-03:00 level=info msg="Migration successfully executed" id="Add OAuth ID token to user_auth" duration=6.224066ms
logger=migrator t=2026-10-06T19:50:05.281512002-03:00 level=info msg="Executing migration" id="create server_lock table"
logger=migrator t=2026-10-06T19:50:05.282792755-03:00 level=info msg="Migration successfully executed" id="create server_lock table" duration=1.281663ms
logger=migrator t=2026-10-06T19:50:05.59868179-03:00 level=info msg="Executing migration" id="add index server_lock.operation_uid"
logger=migrator t=2026-10-06T19:50:05.600550795-03:00 level=info msg="Migration successfully executed" id="add index server_lock.operation_uid" duration=1.868823ms
logger=migrator t=2026-10-06T19:50:05.66562217-03:00 level=info msg="Executing migration" id="create user auth token table"
logger=migrator t=2026-10-06T19:50:05.668643183-03:00 level=info msg="Migration successfully executed" id="create user auth token table" duration=2.972572ms
logger=migrator t=2026-10-06T19:50:05.695491337-03:00 level=info msg="Executing migration" id="add unique index user_auth_token.auth_token"
logger=migrator t=2026-10-06T19:50:05.697537975-03:00 level=info msg="Migration successfully executed" id="add unique index user_auth_token.auth_token" duration=2.0399ms
logger=migrator t=2026-10-06T19:50:05.731478799-03:00 level=info msg="Executing migration" id="add unique index user_auth_token.prev_auth_token"
logger=migrator t=2026-10-06T19:50:05.733419122-03:00 level=info msg="Migration successfully executed" id="add unique index user_auth_token.prev_auth_token" duration=1.970342ms
logger=migrator t=2026-10-06T19:50:05.755122589-03:00 level=info msg="Executing migration" id="add index user_auth_token.user_id"
logger=migrator t=2026-10-06T19:50:05.756528098-03:00 level=info msg="Migration successfully executed" id="add index user_auth_token.user_id" duration=1.405659ms
logger=migrator t=2026-10-06T19:50:05.781478109-03:00 level=info msg="Executing migration" id="Add revoked_at to the user auth token"
logger=migrator t=2026-10-06T19:50:05.78785833-03:00 level=info msg="Migration successfully executed" id="Add revoked_at to the user auth token" duration=6.388048ms
logger=migrator t=2026-10-06T19:50:05.811528152-03:00 level=info msg="Executing migration" id="add index user_auth_token.revoked_at"
logger=migrator t=2026-10-06T19:50:05.813376858-03:00 level=info msg="Migration successfully executed" id="add index user_auth_token.revoked_at" duration=1.848611ms
logger=migrator t=2026-10-06T19:50:05.831953862-03:00 level=info msg="Executing migration" id="add external_session_id to user_auth_token"
logger=migrator t=2026-10-06T19:50:05.839270386-03:00 level=info msg="Migration successfully executed" id="add external_session_id to user_auth_token" duration=7.313417ms
logger=migrator t=2026-10-06T19:50:05.890031008-03:00 level=info msg="Executing migration" id="create cache_data table"
logger=migrator t=2026-10-06T19:50:05.891626979-03:00 level=info msg="Migration successfully executed" id="create cache_data table" duration=1.594444ms
logger=migrator t=2026-10-06T19:50:05.933498028-03:00 level=info msg="Executing migration" id="add unique index cache_data.cache_key"
logger=migrator t=2026-10-06T19:50:05.935482812-03:00 level=info msg="Migration successfully executed" id="add unique index cache_data.cache_key" duration=1.976331ms
logger=migrator t=2026-10-06T19:50:06.022153901-03:00 level=info msg="Executing migration" id="create short_url table v1"
logger=migrator t=2026-10-06T19:50:06.023665607-03:00 level=info msg="Migration successfully executed" id="create short_url table v1" duration=1.508851ms
logger=migrator t=2026-10-06T19:50:06.047399526-03:00 level=info msg="Executing migration" id="add index short_url.org_id-uid"
logger=migrator t=2026-10-06T19:50:06.04918751-03:00 level=info msg="Migration successfully executed" id="add index short_url.org_id-uid" duration=1.789835ms
logger=migrator t=2026-10-06T19:50:06.102029086-03:00 level=info msg="Executing migration" id="alter table short_url alter column created_by type to bigint"
logger=migrator t=2026-10-06T19:50:06.102266651-03:00 level=info msg="Migration successfully executed" id="alter table short_url alter column created_by type to bigint" duration=240.693µs
logger=migrator t=2026-10-06T19:50:06.13120822-03:00 level=info msg="Executing migration" id="delete alert_definition table"
logger=migrator t=2026-10-06T19:50:06.13141367-03:00 level=info msg="Migration successfully executed" id="delete alert_definition table" duration=208.199µs
logger=migrator t=2026-10-06T19:50:06.165778843-03:00 level=info msg="Executing migration" id="recreate alert_definition table"
logger=migrator t=2026-10-06T19:50:06.167298194-03:00 level=info msg="Migration successfully executed" id="recreate alert_definition table" duration=1.517319ms
logger=migrator t=2026-10-06T19:50:06.234900115-03:00 level=info msg="Executing migration" id="add index in alert_definition on org_id and title columns"
logger=migrator t=2026-10-06T19:50:06.236602563-03:00 level=info msg="Migration successfully executed" id="add index in alert_definition on org_id and title columns" duration=1.700803ms
logger=migrator t=2026-10-06T19:50:06.297355062-03:00 level=info msg="Executing migration" id="add index in alert_definition on org_id and uid columns"
logger=migrator t=2026-10-06T19:50:06.298985642-03:00 level=info msg="Migration successfully executed" id="add index in alert_definition on org_id and uid columns" duration=1.664543ms
logger=migrator t=2026-10-06T19:50:06.37591423-03:00 level=info msg="Executing migration" id="alter alert_definition table data column to mediumtext in mysql"
logger=migrator t=2026-10-06T19:50:06.376132088-03:00 level=info msg="Migration successfully executed" id="alter alert_definition table data column to mediumtext in mysql" duration=221.307µs
logger=migrator t=2026-10-06T19:50:06.424253468-03:00 level=info msg="Executing migration" id="drop index in alert_definition on org_id and title columns"
logger=migrator t=2026-10-06T19:50:06.42638449-03:00 level=info msg="Migration successfully executed" id="drop index in alert_definition on org_id and title columns" duration=2.132589ms
logger=migrator t=2026-10-06T19:50:06.573429338-03:00 level=info msg="Executing migration" id="drop index in alert_definition on org_id and uid columns"
logger=migrator t=2026-10-06T19:50:06.575060827-03:00 level=info msg="Migration successfully executed" id="drop index in alert_definition on org_id and uid columns" duration=1.633ms
logger=migrator t=2026-10-06T19:50:06.630779246-03:00 level=info msg="Executing migration" id="add unique index in alert_definition on org_id and title columns"
logger=migrator t=2026-10-06T19:50:06.632587392-03:00 level=info msg="Migration successfully executed" id="add unique index in alert_definition on org_id and title columns" duration=1.808049ms
logger=migrator t=2026-10-06T19:50:06.673235348-03:00 level=info msg="Executing migration" id="add unique index in alert_definition on org_id and uid columns"
logger=migrator t=2026-10-06T19:50:06.674841707-03:00 level=info msg="Migration successfully executed" id="add unique index in alert_definition on org_id and uid columns" duration=1.59123ms
logger=migrator t=2026-10-06T19:50:06.743446405-03:00 level=info msg="Executing migration" id="Add column paused in alert_definition"
logger=migrator t=2026-10-06T19:50:06.749672315-03:00 level=info msg="Migration successfully executed" id="Add column paused in alert_definition" duration=6.219895ms
logger=migrator t=2026-10-06T19:50:06.776229884-03:00 level=info msg="Executing migration" id="drop alert_definition table"
logger=migrator t=2026-10-06T19:50:06.778187733-03:00 level=info msg="Migration successfully executed" id="drop alert_definition table" duration=1.956338ms
logger=migrator t=2026-10-06T19:50:06.891689067-03:00 level=info msg="Executing migration" id="delete alert_definition_version table"
logger=migrator t=2026-10-06T19:50:06.892038613-03:00 level=info msg="Migration successfully executed" id="delete alert_definition_version table" duration=351.33µs
logger=migrator t=2026-10-06T19:50:06.93473257-03:00 level=info msg="Executing migration" id="recreate alert_definition_version table"
logger=migrator t=2026-10-06T19:50:06.938102902-03:00 level=info msg="Migration successfully executed" id="recreate alert_definition_version table" duration=3.366061ms
logger=migrator t=2026-10-06T19:50:06.994700785-03:00 level=info msg="Executing migration" id="add index in alert_definition_version table on alert_definition_id and version columns"
logger=migrator t=2026-10-06T19:50:06.999187764-03:00 level=info msg="Migration successfully executed" id="add index in alert_definition_version table on alert_definition_id and version columns" duration=4.463962ms
logger=migrator t=2026-10-06T19:50:07.047583943-03:00 level=info msg="Executing migration" id="add index in alert_definition_version table on alert_definition_uid and version columns"
logger=migrator t=2026-10-06T19:50:07.049373109-03:00 level=info msg="Migration successfully executed" id="add index in alert_definition_version table on alert_definition_uid and version columns" duration=1.722145ms
logger=migrator t=2026-10-06T19:50:07.095298627-03:00 level=info msg="Executing migration" id="alter alert_definition_version table data column to mediumtext in mysql"
logger=migrator t=2026-10-06T19:50:07.095923027-03:00 level=info msg="Migration successfully executed" id="alter alert_definition_version table data column to mediumtext in mysql" duration=654.542µs
logger=migrator t=2026-10-06T19:50:07.12084859-03:00 level=info msg="Executing migration" id="drop alert_definition_version table"
logger=migrator t=2026-10-06T19:50:07.123659426-03:00 level=info msg="Migration successfully executed" id="drop alert_definition_version table" duration=2.805612ms
logger=migrator t=2026-10-06T19:50:07.149463372-03:00 level=info msg="Executing migration" id="create alert_instance table"
logger=migrator t=2026-10-06T19:50:07.151034886-03:00 level=info msg="Migration successfully executed" id="create alert_instance table" duration=1.568215ms
logger=migrator t=2026-10-06T19:50:07.179150529-03:00 level=info msg="Executing migration" id="add index in alert_instance table on def_org_id, def_uid and current_state columns"
logger=migrator t=2026-10-06T19:50:07.18289147-03:00 level=info msg="Migration successfully executed" id="add index in alert_instance table on def_org_id, def_uid and current_state columns" duration=3.738215ms
logger=migrator t=2026-10-06T19:50:07.226921658-03:00 level=info msg="Executing migration" id="add index in alert_instance table on def_org_id, current_state columns"
logger=migrator t=2026-10-06T19:50:07.22885094-03:00 level=info msg="Migration successfully executed" id="add index in alert_instance table on def_org_id, current_state columns" duration=1.925131ms
logger=migrator t=2026-10-06T19:50:07.645902171-03:00 level=info msg="Executing migration" id="add column current_state_end to alert_instance"
logger=migrator t=2026-10-06T19:50:07.654023241-03:00 level=info msg="Migration successfully executed" id="add column current_state_end to alert_instance" duration=8.114567ms
logger=migrator t=2026-10-06T19:50:08.394040994-03:00 level=info msg="Executing migration" id="remove index def_org_id, def_uid, current_state on alert_instance"
logger=migrator t=2026-10-06T19:50:08.395666904-03:00 level=info msg="Migration successfully executed" id="remove index def_org_id, def_uid, current_state on alert_instance" duration=1.6275ms
logger=migrator t=2026-10-06T19:50:08.939388632-03:00 level=info msg="Executing migration" id="remove index def_org_id, current_state on alert_instance"
logger=migrator t=2026-10-06T19:50:08.941093808-03:00 level=info msg="Migration successfully executed" id="remove index def_org_id, current_state on alert_instance" duration=1.708075ms
logger=migrator t=2026-10-06T19:50:08.965227526-03:00 level=info msg="Executing migration" id="rename def_org_id to rule_org_id in alert_instance"
logger=migrator t=2026-10-06T19:50:08.995801279-03:00 level=info msg="Migration successfully executed" id="rename def_org_id to rule_org_id in alert_instance" duration=30.571756ms
logger=migrator t=2026-10-06T19:50:09.018734077-03:00 level=info msg="Executing migration" id="rename def_uid to rule_uid in alert_instance"
logger=migrator t=2026-10-06T19:50:09.043786721-03:00 level=info msg="Migration successfully executed" id="rename def_uid to rule_uid in alert_instance" duration=25.049708ms
logger=migrator t=2026-10-06T19:50:09.070906268-03:00 level=info msg="Executing migration" id="add index rule_org_id, rule_uid, current_state on alert_instance"
logger=migrator t=2026-10-06T19:50:09.072523876-03:00 level=info msg="Migration successfully executed" id="add index rule_org_id, rule_uid, current_state on alert_instance" duration=1.616829ms
logger=migrator t=2026-10-06T19:50:09.09930773-03:00 level=info msg="Executing migration" id="add index rule_org_id, current_state on alert_instance"
logger=migrator t=2026-10-06T19:50:09.101266174-03:00 level=info msg="Migration successfully executed" id="add index rule_org_id, current_state on alert_instance" duration=1.958866ms
logger=migrator t=2026-10-06T19:50:09.120595451-03:00 level=info msg="Executing migration" id="add current_reason column related to current_state"
logger=migrator t=2026-10-06T19:50:09.127829579-03:00 level=info msg="Migration successfully executed" id="add current_reason column related to current_state" duration=7.229038ms
logger=migrator t=2026-10-06T19:50:09.150898441-03:00 level=info msg="Executing migration" id="add result_fingerprint column to alert_instance"
logger=migrator t=2026-10-06T19:50:09.158077605-03:00 level=info msg="Migration successfully executed" id="add result_fingerprint column to alert_instance" duration=7.167209ms
logger=migrator t=2026-10-06T19:50:09.178209082-03:00 level=info msg="Executing migration" id="create alert_rule table"
logger=migrator t=2026-10-06T19:50:09.179828632-03:00 level=info msg="Migration successfully executed" id="create alert_rule table" duration=1.615395ms
logger=migrator t=2026-10-06T19:50:09.202787369-03:00 level=info msg="Executing migration" id="add index in alert_rule on org_id and title columns"
logger=migrator t=2026-10-06T19:50:09.204631139-03:00 level=info msg="Migration successfully executed" id="add index in alert_rule on org_id and title columns" duration=1.842461ms
logger=migrator t=2026-10-06T19:50:09.227529785-03:00 level=info msg="Executing migration" id="add index in alert_rule on org_id and uid columns"
logger=migrator t=2026-10-06T19:50:09.229087108-03:00 level=info msg="Migration successfully executed" id="add index in alert_rule on org_id and uid columns" duration=1.556576ms
logger=migrator t=2026-10-06T19:50:09.250308326-03:00 level=info msg="Executing migration" id="add index in alert_rule on org_id, namespace_uid, group_uid columns"
logger=migrator t=2026-10-06T19:50:09.252093759-03:00 level=info msg="Migration successfully executed" id="add index in alert_rule on org_id, namespace_uid, group_uid columns" duration=1.784187ms
logger=migrator t=2026-10-06T19:50:09.274167304-03:00 level=info msg="Executing migration" id="alter alert_rule table data column to mediumtext in mysql"
logger=migrator t=2026-10-06T19:50:09.274412439-03:00 level=info msg="Migration successfully executed" id="alter alert_rule table data column to mediumtext in mysql" duration=252.78µs
logger=migrator t=2026-10-06T19:50:09.295365138-03:00 level=info msg="Executing migration" id="add column for to alert_rule"
logger=migrator t=2026-10-06T19:50:09.301108548-03:00 level=info msg="Migration successfully executed" id="add column for to alert_rule" duration=5.741291ms
logger=migrator t=2026-10-06T19:50:09.319996308-03:00 level=info msg="Executing migration" id="add column annotations to alert_rule"
logger=migrator t=2026-10-06T19:50:09.328481304-03:00 level=info msg="Migration successfully executed" id="add column annotations to alert_rule" duration=8.480947ms
logger=migrator t=2026-10-06T19:50:09.356892046-03:00 level=info msg="Executing migration" id="add column labels to alert_rule"
logger=migrator t=2026-10-06T19:50:09.365348409-03:00 level=info msg="Migration successfully executed" id="add column labels to alert_rule" duration=8.452836ms
logger=migrator t=2026-10-06T19:50:09.383770407-03:00 level=info msg="Executing migration" id="remove unique index from alert_rule on org_id, title columns"
logger=migrator t=2026-10-06T19:50:09.386084242-03:00 level=info msg="Migration successfully executed" id="remove unique index from alert_rule on org_id, title columns" duration=2.333871ms
logger=migrator t=2026-10-06T19:50:09.407521703-03:00 level=info msg="Executing migration" id="add index in alert_rule on org_id, namespase_uid and title columns"
logger=migrator t=2026-10-06T19:50:09.409115589-03:00 level=info msg="Migration successfully executed" id="add index in alert_rule on org_id, namespase_uid and title columns" duration=1.594478ms
logger=migrator t=2026-10-06T19:50:09.43522678-03:00 level=info msg="Executing migration" id="add dashboard_uid column to alert_rule"
logger=migrator t=2026-10-06T19:50:09.441844002-03:00 level=info msg="Migration successfully executed" id="add dashboard_uid column to alert_rule" duration=6.615081ms
logger=migrator t=2026-10-06T19:50:09.465822193-03:00 level=info msg="Executing migration" id="add panel_id column to alert_rule"
logger=migrator t=2026-10-06T19:50:09.470771672-03:00 level=info msg="Migration successfully executed" id="add panel_id column to alert_rule" duration=4.949253ms
logger=migrator t=2026-10-06T19:50:09.49674783-03:00 level=info msg="Executing migration" id="add index in alert_rule on org_id, dashboard_uid and panel_id columns"
logger=migrator t=2026-10-06T19:50:09.498556034-03:00 level=info msg="Migration successfully executed" id="add index in alert_rule on org_id, dashboard_uid and panel_id columns" duration=1.810145ms
logger=migrator t=2026-10-06T19:50:09.527742395-03:00 level=info msg="Executing migration" id="add rule_group_idx column to alert_rule"
logger=migrator t=2026-10-06T19:50:09.537366378-03:00 level=info msg="Migration successfully executed" id="add rule_group_idx column to alert_rule" duration=9.596493ms
logger=migrator t=2026-10-06T19:50:09.56258513-03:00 level=info msg="Executing migration" id="add is_paused column to alert_rule table"
logger=migrator t=2026-10-06T19:50:09.568836781-03:00 level=info msg="Migration successfully executed" id="add is_paused column to alert_rule table" duration=6.245618ms
logger=migrator t=2026-10-06T19:50:09.592467946-03:00 level=info msg="Executing migration" id="fix is_paused column for alert_rule table"
logger=migrator t=2026-10-06T19:50:09.59273351-03:00 level=info msg="Migration successfully executed" id="fix is_paused column for alert_rule table" duration=269.101µs
logger=migrator t=2026-10-06T19:50:09.617633451-03:00 level=info msg="Executing migration" id="create alert_rule_version table"
logger=migrator t=2026-10-06T19:50:09.619433183-03:00 level=info msg="Migration successfully executed" id="create alert_rule_version table" duration=1.836545ms
logger=migrator t=2026-10-06T19:50:09.658562312-03:00 level=info msg="Executing migration" id="add index in alert_rule_version table on rule_org_id, rule_uid and version columns"
logger=migrator t=2026-10-06T19:50:09.661702354-03:00 level=info msg="Migration successfully executed" id="add index in alert_rule_version table on rule_org_id, rule_uid and version columns" duration=3.140915ms
logger=migrator t=2026-10-06T19:50:09.690654632-03:00 level=info msg="Executing migration" id="add index in alert_rule_version table on rule_org_id, rule_namespace_uid and rule_group columns"
logger=migrator t=2026-10-06T19:50:09.692598979-03:00 level=info msg="Migration successfully executed" id="add index in alert_rule_version table on rule_org_id, rule_namespace_uid and rule_group columns" duration=1.944489ms
logger=migrator t=2026-10-06T19:50:09.717461509-03:00 level=info msg="Executing migration" id="alter alert_rule_version table data column to mediumtext in mysql"
logger=migrator t=2026-10-06T19:50:09.717626682-03:00 level=info msg="Migration successfully executed" id="alter alert_rule_version table data column to mediumtext in mysql" duration=167.616µs
logger=migrator t=2026-10-06T19:50:09.737595651-03:00 level=info msg="Executing migration" id="add column for to alert_rule_version"
logger=migrator t=2026-10-06T19:50:09.743355455-03:00 level=info msg="Migration successfully executed" id="add column for to alert_rule_version" duration=5.757744ms
logger=migrator t=2026-10-06T19:50:09.770302126-03:00 level=info msg="Executing migration" id="add column annotations to alert_rule_version"
logger=migrator t=2026-10-06T19:50:09.777602407-03:00 level=info msg="Migration successfully executed" id="add column annotations to alert_rule_version" duration=7.27427ms
logger=migrator t=2026-10-06T19:50:09.805846909-03:00 level=info msg="Executing migration" id="add column labels to alert_rule_version"
logger=migrator t=2026-10-06T19:50:09.812868422-03:00 level=info msg="Migration successfully executed" id="add column labels to alert_rule_version" duration=7.020597ms
logger=migrator t=2026-10-06T19:50:09.83445366-03:00 level=info msg="Executing migration" id="add rule_group_idx column to alert_rule_version"
logger=migrator t=2026-10-06T19:50:09.842127967-03:00 level=info msg="Migration successfully executed" id="add rule_group_idx column to alert_rule_version" duration=7.671293ms
logger=migrator t=2026-10-06T19:50:09.864357114-03:00 level=info msg="Executing migration" id="add is_paused column to alert_rule_versions table"
logger=migrator t=2026-10-06T19:50:09.87316174-03:00 level=info msg="Migration successfully executed" id="add is_paused column to alert_rule_versions table" duration=8.801888ms
logger=migrator t=2026-10-06T19:50:09.894198764-03:00 level=info msg="Executing migration" id="fix is_paused column for alert_rule_version table"
logger=migrator t=2026-10-06T19:50:09.894406083-03:00 level=info msg="Migration successfully executed" id="fix is_paused column for alert_rule_version table" duration=245.437µs
logger=migrator t=2026-10-06T19:50:09.918772834-03:00 level=info msg="Executing migration" id=create_alert_configuration_table
logger=migrator t=2026-10-06T19:50:09.92000942-03:00 level=info msg="Migration successfully executed" id=create_alert_configuration_table duration=1.234524ms
logger=migrator t=2026-10-06T19:50:09.945837665-03:00 level=info msg="Executing migration" id="Add column default in alert_configuration"
logger=migrator t=2026-10-06T19:50:09.952162188-03:00 level=info msg="Migration successfully executed" id="Add column default in alert_configuration" duration=6.321694ms
logger=migrator t=2026-10-06T19:50:09.966203429-03:00 level=info msg="Executing migration" id="alert alert_configuration alertmanager_configuration column from TEXT to MEDIUMTEXT if mysql"
logger=migrator t=2026-10-06T19:50:09.966453372-03:00 level=info msg="Migration successfully executed" id="alert alert_configuration alertmanager_configuration column from TEXT to MEDIUMTEXT if mysql" duration=254.066µs
logger=migrator t=2026-10-06T19:50:09.994851793-03:00 level=info msg="Executing migration" id="add column org_id in alert_configuration"
logger=migrator t=2026-10-06T19:50:10.001524749-03:00 level=info msg="Migration successfully executed" id="add column org_id in alert_configuration" duration=6.668456ms
logger=migrator t=2026-10-06T19:50:10.018712685-03:00 level=info msg="Executing migration" id="add index in alert_configuration table on org_id column"
logger=migrator t=2026-10-06T19:50:10.020332276-03:00 level=info msg="Migration successfully executed" id="add index in alert_configuration table on org_id column" duration=1.618626ms
logger=migrator t=2026-10-06T19:50:10.044005953-03:00 level=info msg="Executing migration" id="add configuration_hash column to alert_configuration"
logger=migrator t=2026-10-06T19:50:10.051579524-03:00 level=info msg="Migration successfully executed" id="add configuration_hash column to alert_configuration" duration=7.568772ms
logger=migrator t=2026-10-06T19:50:10.077343274-03:00 level=info msg="Executing migration" id=create_ngalert_configuration_table
logger=migrator t=2026-10-06T19:50:10.078796787-03:00 level=info msg="Migration successfully executed" id=create_ngalert_configuration_table duration=1.450885ms
logger=migrator t=2026-10-06T19:50:10.115336737-03:00 level=info msg="Executing migration" id="add index in ngalert_configuration on org_id column"
logger=migrator t=2026-10-06T19:50:10.117653756-03:00 level=info msg="Migration successfully executed" id="add index in ngalert_configuration on org_id column" duration=2.341542ms
logger=migrator t=2026-10-06T19:50:10.141950339-03:00 level=info msg="Executing migration" id="add column send_alerts_to in ngalert_configuration"
logger=migrator t=2026-10-06T19:50:10.149236302-03:00 level=info msg="Migration successfully executed" id="add column send_alerts_to in ngalert_configuration" duration=7.281578ms
logger=migrator t=2026-10-06T19:50:10.181129205-03:00 level=info msg="Executing migration" id="create provenance_type table"
logger=migrator t=2026-10-06T19:50:10.182724957-03:00 level=info msg="Migration successfully executed" id="create provenance_type table" duration=1.593942ms
logger=migrator t=2026-10-06T19:50:10.212397259-03:00 level=info msg="Executing migration" id="add index to uniquify (record_key, record_type, org_id) columns"
logger=migrator t=2026-10-06T19:50:10.214276111-03:00 level=info msg="Migration successfully executed" id="add index to uniquify (record_key, record_type, org_id) columns" duration=1.878184ms
logger=migrator t=2026-10-06T19:50:10.245693316-03:00 level=info msg="Executing migration" id="create alert_image table"
logger=migrator t=2026-10-06T19:50:10.247123337-03:00 level=info msg="Migration successfully executed" id="create alert_image table" duration=1.427801ms
logger=migrator t=2026-10-06T19:50:10.26934558-03:00 level=info msg="Executing migration" id="add unique index on token to alert_image table"
logger=migrator t=2026-10-06T19:50:10.27104341-03:00 level=info msg="Migration successfully executed" id="add unique index on token to alert_image table" duration=1.698378ms
logger=migrator t=2026-10-06T19:50:10.306591561-03:00 level=info msg="Executing migration" id="support longer URLs in alert_image table"
logger=migrator t=2026-10-06T19:50:10.306855952-03:00 level=info msg="Migration successfully executed" id="support longer URLs in alert_image table" duration=270.356µs
logger=migrator t=2026-10-06T19:50:10.334469129-03:00 level=info msg="Executing migration" id=create_alert_configuration_history_table
logger=migrator t=2026-10-06T19:50:10.336220993-03:00 level=info msg="Migration successfully executed" id=create_alert_configuration_history_table duration=1.747809ms
logger=migrator t=2026-10-06T19:50:10.36989161-03:00 level=info msg="Executing migration" id="drop non-unique orgID index on alert_configuration"
logger=migrator t=2026-10-06T19:50:10.371577327-03:00 level=info msg="Migration successfully executed" id="drop non-unique orgID index on alert_configuration" duration=1.686317ms
logger=migrator t=2026-10-06T19:50:10.401932984-03:00 level=info msg="Executing migration" id="drop unique orgID index on alert_configuration if exists"
logger=migrator t=2026-10-06T19:50:10.402661856-03:00 level=warn msg="Skipping migration: Already executed, but not recorded in migration log" id="drop unique orgID index on alert_configuration if exists"
logger=migrator t=2026-10-06T19:50:10.436612757-03:00 level=info msg="Executing migration" id="extract alertmanager configuration history to separate table"
logger=migrator t=2026-10-06T19:50:10.437645113-03:00 level=info msg="Migration successfully executed" id="extract alertmanager configuration history to separate table" duration=1.033188ms
logger=migrator t=2026-10-06T19:50:10.460762957-03:00 level=info msg="Executing migration" id="add unique index on orgID to alert_configuration"
logger=migrator t=2026-10-06T19:50:10.462110171-03:00 level=info msg="Migration successfully executed" id="add unique index on orgID to alert_configuration" duration=1.348429ms
logger=migrator t=2026-10-06T19:50:10.4931207-03:00 level=info msg="Executing migration" id="add last_applied column to alert_configuration_history"
logger=migrator t=2026-10-06T19:50:10.498965093-03:00 level=info msg="Migration successfully executed" id="add last_applied column to alert_configuration_history" duration=5.840861ms
logger=migrator t=2026-10-06T19:50:10.520398574-03:00 level=info msg="Executing migration" id="create library_element table v1"
logger=migrator t=2026-10-06T19:50:10.522739503-03:00 level=info msg="Migration successfully executed" id="create library_element table v1" duration=2.323892ms
logger=migrator t=2026-10-06T19:50:10.545553289-03:00 level=info msg="Executing migration" id="add index library_element org_id-folder_id-name-kind"
logger=migrator t=2026-10-06T19:50:10.547137351-03:00 level=info msg="Migration successfully executed" id="add index library_element org_id-folder_id-name-kind" duration=1.592996ms
logger=migrator t=2026-10-06T19:50:10.566836566-03:00 level=info msg="Executing migration" id="create library_element_connection table v1"
logger=migrator t=2026-10-06T19:50:10.568766448-03:00 level=info msg="Migration successfully executed" id="create library_element_connection table v1" duration=1.926531ms
logger=migrator t=2026-10-06T19:50:10.592424905-03:00 level=info msg="Executing migration" id="add index library_element_connection element_id-kind-connection_id"
logger=migrator t=2026-10-06T19:50:10.593963142-03:00 level=info msg="Migration successfully executed" id="add index library_element_connection element_id-kind-connection_id" duration=1.537774ms
logger=migrator t=2026-10-06T19:50:10.61586047-03:00 level=info msg="Executing migration" id="add unique index library_element org_id_uid"
logger=migrator t=2026-10-06T19:50:10.617567672-03:00 level=info msg="Migration successfully executed" id="add unique index library_element org_id_uid" duration=1.706366ms
logger=migrator t=2026-10-06T19:50:10.643061395-03:00 level=info msg="Executing migration" id="increase max description length to 2048"
logger=migrator t=2026-10-06T19:50:10.643193421-03:00 level=info msg="Migration successfully executed" id="increase max description length to 2048" duration=135.513µs
logger=migrator t=2026-10-06T19:50:10.665512061-03:00 level=info msg="Executing migration" id="alter library_element model to mediumtext"
logger=migrator t=2026-10-06T19:50:10.665746035-03:00 level=info msg="Migration successfully executed" id="alter library_element model to mediumtext" duration=238.047µs
logger=migrator t=2026-10-06T19:50:10.687268273-03:00 level=info msg="Executing migration" id="add library_element folder uid"
logger=migrator t=2026-10-06T19:50:10.696858588-03:00 level=info msg="Migration successfully executed" id="add library_element folder uid" duration=9.598189ms
logger=migrator t=2026-10-06T19:50:10.721307833-03:00 level=info msg="Executing migration" id="populate library_element folder_uid"
logger=migrator t=2026-10-06T19:50:10.722127932-03:00 level=info msg="Migration successfully executed" id="populate library_element folder_uid" duration=819.638µs
logger=migrator t=2026-10-06T19:50:10.752397551-03:00 level=info msg="Executing migration" id="add index library_element org_id-folder_uid-name-kind"
logger=migrator t=2026-10-06T19:50:10.75408319-03:00 level=info msg="Migration successfully executed" id="add index library_element org_id-folder_uid-name-kind" duration=1.684483ms
logger=migrator t=2026-10-06T19:50:10.851455079-03:00 level=info msg="Executing migration" id="clone move dashboard alerts to unified alerting"
logger=migrator t=2026-10-06T19:50:10.857384048-03:00 level=info msg="Migration successfully executed" id="clone move dashboard alerts to unified alerting" duration=5.926303ms
logger=migrator t=2026-10-06T19:50:10.883501221-03:00 level=info msg="Executing migration" id="create data_keys table"
logger=migrator t=2026-10-06T19:50:10.885241745-03:00 level=info msg="Migration successfully executed" id="create data_keys table" duration=1.754835ms
logger=migrator t=2026-10-06T19:50:10.937762416-03:00 level=info msg="Executing migration" id="create secrets table"
logger=migrator t=2026-10-06T19:50:10.939235846-03:00 level=info msg="Migration successfully executed" id="create secrets table" duration=1.48465ms
logger=migrator t=2026-10-06T19:50:10.965875842-03:00 level=info msg="Executing migration" id="rename data_keys name column to id"
logger=migrator t=2026-10-06T19:50:11.025706215-03:00 level=info msg="Migration successfully executed" id="rename data_keys name column to id" duration=59.731405ms
logger=migrator t=2026-10-06T19:50:11.061929898-03:00 level=info msg="Executing migration" id="add name column into data_keys"
logger=migrator t=2026-10-06T19:50:11.081228227-03:00 level=info msg="Migration successfully executed" id="add name column into data_keys" duration=19.293503ms
logger=migrator t=2026-10-06T19:50:11.108664547-03:00 level=info msg="Executing migration" id="copy data_keys id column values into name"
logger=migrator t=2026-10-06T19:50:11.109079345-03:00 level=info msg="Migration successfully executed" id="copy data_keys id column values into name" duration=416.428µs
logger=migrator t=2026-10-06T19:50:11.133307186-03:00 level=info msg="Executing migration" id="rename data_keys name column to label"
logger=migrator t=2026-10-06T19:50:11.197026409-03:00 level=info msg="Migration successfully executed" id="rename data_keys name column to label" duration=63.724019ms
logger=migrator t=2026-10-06T19:50:11.221212911-03:00 level=info msg="Executing migration" id="rename data_keys id column back to name"
logger=migrator t=2026-10-06T19:50:11.26552665-03:00 level=info msg="Migration successfully executed" id="rename data_keys id column back to name" duration=44.328169ms
logger=migrator t=2026-10-06T19:50:11.289501734-03:00 level=info msg="Executing migration" id="create kv_store table v1"
logger=migrator t=2026-10-06T19:50:11.290871551-03:00 level=info msg="Migration successfully executed" id="create kv_store table v1" duration=1.366958ms
logger=migrator t=2026-10-06T19:50:11.315443838-03:00 level=info msg="Executing migration" id="add index kv_store.org_id-namespace-key"
logger=migrator t=2026-10-06T19:50:11.317179837-03:00 level=info msg="Migration successfully executed" id="add index kv_store.org_id-namespace-key" duration=1.735377ms
logger=migrator t=2026-10-06T19:50:11.35528221-03:00 level=info msg="Executing migration" id="update dashboard_uid and panel_id from existing annotations"
logger=migrator t=2026-10-06T19:50:11.355899517-03:00 level=info msg="Migration successfully executed" id="update dashboard_uid and panel_id from existing annotations" duration=619.634µs
logger=migrator t=2026-10-06T19:50:11.375774192-03:00 level=info msg="Executing migration" id="create permission table"
logger=migrator t=2026-10-06T19:50:11.38115861-03:00 level=info msg="Migration successfully executed" id="create permission table" duration=5.349048ms
logger=migrator t=2026-10-06T19:50:11.411416564-03:00 level=info msg="Executing migration" id="add unique index permission.role_id"
logger=migrator t=2026-10-06T19:50:11.413213003-03:00 level=info msg="Migration successfully executed" id="add unique index permission.role_id" duration=1.796201ms
logger=migrator t=2026-10-06T19:50:11.445309465-03:00 level=info msg="Executing migration" id="add unique index role_id_action_scope"
logger=migrator t=2026-10-06T19:50:11.446935315-03:00 level=info msg="Migration successfully executed" id="add unique index role_id_action_scope" duration=1.625455ms
logger=migrator t=2026-10-06T19:50:11.477360604-03:00 level=info msg="Executing migration" id="create role table"
logger=migrator t=2026-10-06T19:50:11.478768476-03:00 level=info msg="Migration successfully executed" id="create role table" duration=1.406953ms
logger=migrator t=2026-10-06T19:50:11.517794067-03:00 level=info msg="Executing migration" id="add column display_name"
logger=migrator t=2026-10-06T19:50:11.528335873-03:00 level=info msg="Migration successfully executed" id="add column display_name" duration=10.538896ms
logger=migrator t=2026-10-06T19:50:11.582435762-03:00 level=info msg="Executing migration" id="add column group_name"
logger=migrator t=2026-10-06T19:50:11.593841046-03:00 level=info msg="Migration successfully executed" id="add column group_name" duration=11.423404ms
logger=migrator t=2026-10-06T19:50:11.613660287-03:00 level=info msg="Executing migration" id="add index role.org_id"
logger=migrator t=2026-10-06T19:50:11.615448776-03:00 level=info msg="Migration successfully executed" id="add index role.org_id" duration=1.788187ms
logger=migrator t=2026-10-06T19:50:11.640396357-03:00 level=info msg="Executing migration" id="add unique index role_org_id_name"
logger=migrator t=2026-10-06T19:50:11.641974466-03:00 level=info msg="Migration successfully executed" id="add unique index role_org_id_name" duration=1.579318ms
logger=migrator t=2026-10-06T19:50:11.686911962-03:00 level=info msg="Executing migration" id="add index role_org_id_uid"
logger=migrator t=2026-10-06T19:50:11.688774295-03:00 level=info msg="Migration successfully executed" id="add index role_org_id_uid" duration=1.862604ms
logger=migrator t=2026-10-06T19:50:11.721889232-03:00 level=info msg="Executing migration" id="create team role table"
logger=migrator t=2026-10-06T19:50:11.723525727-03:00 level=info msg="Migration successfully executed" id="create team role table" duration=1.635702ms
logger=migrator t=2026-10-06T19:50:11.769528325-03:00 level=info msg="Executing migration" id="add index team_role.org_id"
logger=migrator t=2026-10-06T19:50:11.771414593-03:00 level=info msg="Migration successfully executed" id="add index team_role.org_id" duration=1.885661ms
logger=migrator t=2026-10-06T19:50:11.795842615-03:00 level=info msg="Executing migration" id="add unique index team_role_org_id_team_id_role_id"
logger=migrator t=2026-10-06T19:50:11.797949615-03:00 level=info msg="Migration successfully executed" id="add unique index team_role_org_id_team_id_role_id" duration=2.107311ms
logger=migrator t=2026-10-06T19:50:11.820491121-03:00 level=info msg="Executing migration" id="add index team_role.team_id"
logger=migrator t=2026-10-06T19:50:11.822546278-03:00 level=info msg="Migration successfully executed" id="add index team_role.team_id" duration=2.05492ms
logger=migrator t=2026-10-06T19:50:12.052155108-03:00 level=info msg="Executing migration" id="create user role table"
logger=migrator t=2026-10-06T19:50:12.053535837-03:00 level=info msg="Migration successfully executed" id="create user role table" duration=1.375975ms
logger=migrator t=2026-10-06T19:50:12.109652085-03:00 level=info msg="Executing migration" id="add index user_role.org_id"
logger=migrator t=2026-10-06T19:50:12.111613559-03:00 level=info msg="Migration successfully executed" id="add index user_role.org_id" duration=1.960972ms
logger=migrator t=2026-10-06T19:50:12.135429747-03:00 level=info msg="Executing migration" id="add unique index user_role_org_id_user_id_role_id"
logger=migrator t=2026-10-06T19:50:12.137281133-03:00 level=info msg="Migration successfully executed" id="add unique index user_role_org_id_user_id_role_id" duration=1.835733ms
logger=migrator t=2026-10-06T19:50:12.162865238-03:00 level=info msg="Executing migration" id="add index user_role.user_id"
logger=migrator t=2026-10-06T19:50:12.164859574-03:00 level=info msg="Migration successfully executed" id="add index user_role.user_id" duration=2.011833ms
logger=migrator t=2026-10-06T19:50:12.193775838-03:00 level=info msg="Executing migration" id="create builtin role table"
logger=migrator t=2026-10-06T19:50:12.195287583-03:00 level=info msg="Migration successfully executed" id="create builtin role table" duration=1.508177ms
logger=migrator t=2026-10-06T19:50:12.240084578-03:00 level=info msg="Executing migration" id="add index builtin_role.role_id"
logger=migrator t=2026-10-06T19:50:12.242277644-03:00 level=info msg="Migration successfully executed" id="add index builtin_role.role_id" duration=2.192461ms
logger=migrator t=2026-10-06T19:50:12.302429075-03:00 level=info msg="Executing migration" id="add index builtin_role.name"
logger=migrator t=2026-10-06T19:50:12.304105368-03:00 level=info msg="Migration successfully executed" id="add index builtin_role.name" duration=1.678254ms
logger=migrator t=2026-10-06T19:50:12.343715702-03:00 level=info msg="Executing migration" id="Add column org_id to builtin_role table"
logger=migrator t=2026-10-06T19:50:12.352223749-03:00 level=info msg="Migration successfully executed" id="Add column org_id to builtin_role table" duration=8.502657ms
logger=migrator t=2026-10-06T19:50:12.42056543-03:00 level=info msg="Executing migration" id="add index builtin_role.org_id"
logger=migrator t=2026-10-06T19:50:12.422489495-03:00 level=info msg="Migration successfully executed" id="add index builtin_role.org_id" duration=1.923989ms
logger=migrator t=2026-10-06T19:50:12.463629635-03:00 level=info msg="Executing migration" id="add unique index builtin_role_org_id_role_id_role"
logger=migrator t=2026-10-06T19:50:12.466147857-03:00 level=info msg="Migration successfully executed" id="add unique index builtin_role_org_id_role_id_role" duration=2.49819ms
logger=migrator t=2026-10-06T19:50:12.52312899-03:00 level=info msg="Executing migration" id="Remove unique index role_org_id_uid"
logger=migrator t=2026-10-06T19:50:12.524824746-03:00 level=info msg="Migration successfully executed" id="Remove unique index role_org_id_uid" duration=1.694599ms
logger=migrator t=2026-10-06T19:50:12.563481283-03:00 level=info msg="Executing migration" id="add unique index role.uid"
logger=migrator t=2026-10-06T19:50:12.566012977-03:00 level=info msg="Migration successfully executed" id="add unique index role.uid" duration=2.530408ms
logger=migrator t=2026-10-06T19:50:12.604110907-03:00 level=info msg="Executing migration" id="create seed assignment table"
logger=migrator t=2026-10-06T19:50:12.605489321-03:00 level=info msg="Migration successfully executed" id="create seed assignment table" duration=1.375638ms
logger=migrator t=2026-10-06T19:50:12.641476987-03:00 level=info msg="Executing migration" id="add unique index builtin_role_role_name"
logger=migrator t=2026-10-06T19:50:12.643353384-03:00 level=info msg="Migration successfully executed" id="add unique index builtin_role_role_name" duration=1.875424ms
logger=migrator t=2026-10-06T19:50:12.685975691-03:00 level=info msg="Executing migration" id="add column hidden to role table"
logger=migrator t=2026-10-06T19:50:12.696545991-03:00 level=info msg="Migration successfully executed" id="add column hidden to role table" duration=10.575275ms
logger=migrator t=2026-10-06T19:50:12.834791666-03:00 level=info msg="Executing migration" id="permission kind migration"
logger=migrator t=2026-10-06T19:50:12.855935611-03:00 level=info msg="Migration successfully executed" id="permission kind migration" duration=21.138632ms
logger=migrator t=2026-10-06T19:50:12.911547509-03:00 level=info msg="Executing migration" id="permission attribute migration"
logger=migrator t=2026-10-06T19:50:12.92049883-03:00 level=info msg="Migration successfully executed" id="permission attribute migration" duration=8.946836ms
logger=migrator t=2026-10-06T19:50:12.983710557-03:00 level=info msg="Executing migration" id="permission identifier migration"
logger=migrator t=2026-10-06T19:50:12.999595976-03:00 level=info msg="Migration successfully executed" id="permission identifier migration" duration=15.864903ms
logger=migrator t=2026-10-06T19:50:13.053837281-03:00 level=info msg="Executing migration" id="add permission identifier index"
logger=migrator t=2026-10-06T19:50:13.055463259-03:00 level=info msg="Migration successfully executed" id="add permission identifier index" duration=1.627475ms
logger=migrator t=2026-10-06T19:50:13.109248949-03:00 level=info msg="Executing migration" id="add permission action scope role_id index"
logger=migrator t=2026-10-06T19:50:13.111025397-03:00 level=info msg="Migration successfully executed" id="add permission action scope role_id index" duration=1.760491ms
logger=migrator t=2026-10-06T19:50:13.181268167-03:00 level=info msg="Executing migration" id="remove permission role_id action scope index"
logger=migrator t=2026-10-06T19:50:13.183563639-03:00 level=info msg="Migration successfully executed" id="remove permission role_id action scope index" duration=2.421386ms
logger=migrator t=2026-10-06T19:50:13.242424649-03:00 level=info msg="Executing migration" id="add group mapping UID column to user_role table"
logger=migrator t=2026-10-06T19:50:13.265157796-03:00 level=info msg="Migration successfully executed" id="add group mapping UID column to user_role table" duration=22.729159ms
logger=migrator t=2026-10-06T19:50:13.350472245-03:00 level=info msg="Executing migration" id="add user_role org ID, user ID, role ID, group mapping UID index"
logger=migrator t=2026-10-06T19:50:13.35257703-03:00 level=info msg="Migration successfully executed" id="add user_role org ID, user ID, role ID, group mapping UID index" duration=2.104341ms
logger=migrator t=2026-10-06T19:50:13.393257389-03:00 level=info msg="Executing migration" id="remove user_role org ID, user ID, role ID index"
logger=migrator t=2026-10-06T19:50:13.414088638-03:00 level=info msg="Migration successfully executed" id="remove user_role org ID, user ID, role ID index" duration=20.823996ms
logger=migrator t=2026-10-06T19:50:13.45324329-03:00 level=info msg="Executing migration" id="create query_history table v1"
logger=migrator t=2026-10-06T19:50:13.455382153-03:00 level=info msg="Migration successfully executed" id="create query_history table v1" duration=2.136892ms
logger=migrator t=2026-10-06T19:50:13.516155134-03:00 level=info msg="Executing migration" id="add index query_history.org_id-created_by-datasource_uid"
logger=migrator t=2026-10-06T19:50:13.517951057-03:00 level=info msg="Migration successfully executed" id="add index query_history.org_id-created_by-datasource_uid" duration=1.794582ms
logger=migrator t=2026-10-06T19:50:13.574600568-03:00 level=info msg="Executing migration" id="alter table query_history alter column created_by type to bigint"
logger=migrator t=2026-10-06T19:50:13.574821713-03:00 level=info msg="Migration successfully executed" id="alter table query_history alter column created_by type to bigint" duration=224.767µs
logger=migrator t=2026-10-06T19:50:13.719777517-03:00 level=info msg="Executing migration" id="create query_history_details table v1"
logger=migrator t=2026-10-06T19:50:13.734456595-03:00 level=info msg="Migration successfully executed" id="create query_history_details table v1" duration=14.676525ms
logger=migrator t=2026-10-06T19:50:13.792873574-03:00 level=info msg="Executing migration" id="rbac disabled migrator"
logger=migrator t=2026-10-06T19:50:13.793951139-03:00 level=info msg="Migration successfully executed" id="rbac disabled migrator" duration=1.105636ms
logger=migrator t=2026-10-06T19:50:13.853958192-03:00 level=info msg="Executing migration" id="teams permissions migration"
logger=migrator t=2026-10-06T19:50:13.861464657-03:00 level=info msg="Migration successfully executed" id="teams permissions migration" duration=7.505273ms
logger=migrator t=2026-10-06T19:50:13.90628465-03:00 level=info msg="Executing migration" id="dashboard permissions"
logger=migrator t=2026-10-06T19:50:13.917372128-03:00 level=info msg="Migration successfully executed" id="dashboard permissions" duration=9.70433ms
logger=migrator t=2026-10-06T19:50:13.990892981-03:00 level=info msg="Executing migration" id="dashboard permissions uid scopes"
logger=migrator t=2026-10-06T19:50:13.992152882-03:00 level=info msg="Migration successfully executed" id="dashboard permissions uid scopes" duration=1.260622ms
logger=migrator t=2026-10-06T19:50:14.06737571-03:00 level=info msg="Executing migration" id="drop managed folder create actions"
logger=migrator t=2026-10-06T19:50:14.067835078-03:00 level=info msg="Migration successfully executed" id="drop managed folder create actions" duration=458.509µs
logger=migrator t=2026-10-06T19:50:14.154088487-03:00 level=info msg="Executing migration" id="alerting notification permissions"
logger=migrator t=2026-10-06T19:50:14.156307413-03:00 level=info msg="Migration successfully executed" id="alerting notification permissions" duration=2.207013ms
logger=migrator t=2026-10-06T19:50:14.475077548-03:00 level=info msg="Executing migration" id="create query_history_star table v1"
logger=migrator t=2026-10-06T19:50:14.476301977-03:00 level=info msg="Migration successfully executed" id="create query_history_star table v1" duration=1.206435ms
logger=migrator t=2026-10-06T19:50:14.604356391-03:00 level=info msg="Executing migration" id="add index query_history.user_id-query_uid"
logger=migrator t=2026-10-06T19:50:14.60606883-03:00 level=info msg="Migration successfully executed" id="add index query_history.user_id-query_uid" duration=1.712134ms
logger=migrator t=2026-10-06T19:50:14.877733072-03:00 level=info msg="Executing migration" id="add column org_id in query_history_star"
logger=migrator t=2026-10-06T19:50:14.965039133-03:00 level=info msg="Migration successfully executed" id="add column org_id in query_history_star" duration=87.301966ms
logger=migrator t=2026-10-06T19:50:15.125079186-03:00 level=info msg="Executing migration" id="alter table query_history_star_mig column user_id type to bigint"
logger=migrator t=2026-10-06T19:50:15.125280965-03:00 level=info msg="Migration successfully executed" id="alter table query_history_star_mig column user_id type to bigint" duration=204.878µs
logger=migrator t=2026-10-06T19:50:15.205521898-03:00 level=info msg="Executing migration" id="create correlation table v1"
logger=migrator t=2026-10-06T19:50:15.206995301-03:00 level=info msg="Migration successfully executed" id="create correlation table v1" duration=1.471285ms
logger=migrator t=2026-10-06T19:50:15.243657072-03:00 level=info msg="Executing migration" id="add index correlations.uid"
logger=migrator t=2026-10-06T19:50:15.245403584-03:00 level=info msg="Migration successfully executed" id="add index correlations.uid" duration=1.726813ms
logger=migrator t=2026-10-06T19:50:15.283537841-03:00 level=info msg="Executing migration" id="add index correlations.source_uid"
logger=migrator t=2026-10-06T19:50:15.285408971-03:00 level=info msg="Migration successfully executed" id="add index correlations.source_uid" duration=1.870865ms
logger=migrator t=2026-10-06T19:50:15.316828399-03:00 level=info msg="Executing migration" id="add correlation config column"
logger=migrator t=2026-10-06T19:50:15.330221231-03:00 level=info msg="Migration successfully executed" id="add correlation config column" duration=13.388434ms
logger=migrator t=2026-10-06T19:50:15.356631218-03:00 level=info msg="Executing migration" id="drop index IDX_correlation_uid - v1"
logger=migrator t=2026-10-06T19:50:15.358714979-03:00 level=info msg="Migration successfully executed" id="drop index IDX_correlation_uid - v1" duration=2.085407ms
logger=migrator t=2026-10-06T19:50:15.378907477-03:00 level=info msg="Executing migration" id="drop index IDX_correlation_source_uid - v1"
logger=migrator t=2026-10-06T19:50:15.382372342-03:00 level=info msg="Migration successfully executed" id="drop index IDX_correlation_source_uid - v1" duration=3.445258ms
logger=migrator t=2026-10-06T19:50:15.405099838-03:00 level=info msg="Executing migration" id="Rename table correlation to correlation_tmp_qwerty - v1"
logger=migrator t=2026-10-06T19:50:15.448175661-03:00 level=info msg="Migration successfully executed" id="Rename table correlation to correlation_tmp_qwerty - v1" duration=43.072447ms
logger=migrator t=2026-10-06T19:50:15.49522733-03:00 level=info msg="Executing migration" id="create correlation v2"
logger=migrator t=2026-10-06T19:50:15.496846545-03:00 level=info msg="Migration successfully executed" id="create correlation v2" duration=1.615973ms
logger=migrator t=2026-10-06T19:50:15.520290792-03:00 level=info msg="Executing migration" id="create index IDX_correlation_uid - v2"
logger=migrator t=2026-10-06T19:50:15.522066709-03:00 level=info msg="Migration successfully executed" id="create index IDX_correlation_uid - v2" duration=1.776463ms
logger=migrator t=2026-10-06T19:50:15.560401377-03:00 level=info msg="Executing migration" id="create index IDX_correlation_source_uid - v2"
logger=migrator t=2026-10-06T19:50:15.562375689-03:00 level=info msg="Migration successfully executed" id="create index IDX_correlation_source_uid - v2" duration=1.975757ms
logger=migrator t=2026-10-06T19:50:15.592902709-03:00 level=info msg="Executing migration" id="create index IDX_correlation_org_id - v2"
logger=migrator t=2026-10-06T19:50:15.59470589-03:00 level=info msg="Migration successfully executed" id="create index IDX_correlation_org_id - v2" duration=1.802088ms
logger=migrator t=2026-10-06T19:50:15.74561945-03:00 level=info msg="Executing migration" id="copy correlation v1 to v2"
logger=migrator t=2026-10-06T19:50:15.74618023-03:00 level=info msg="Migration successfully executed" id="copy correlation v1 to v2" duration=561.496µs
logger=migrator t=2026-10-06T19:50:16.015888289-03:00 level=info msg="Executing migration" id="drop correlation_tmp_qwerty"
logger=migrator t=2026-10-06T19:50:16.017456734-03:00 level=info msg="Migration successfully executed" id="drop correlation_tmp_qwerty" duration=1.565566ms
logger=migrator t=2026-10-06T19:50:16.604936611-03:00 level=info msg="Executing migration" id="add provisioning column"
logger=migrator t=2026-10-06T19:50:16.6131898-03:00 level=info msg="Migration successfully executed" id="add provisioning column" duration=8.257114ms
logger=migrator t=2026-10-06T19:50:17.117916715-03:00 level=info msg="Executing migration" id="add type column"
logger=migrator t=2026-10-06T19:50:17.137396092-03:00 level=info msg="Migration successfully executed" id="add type column" duration=19.453432ms
logger=migrator t=2026-10-06T19:50:17.180063775-03:00 level=info msg="Executing migration" id="create entity_events table"
logger=migrator t=2026-10-06T19:50:17.181391702-03:00 level=info msg="Migration successfully executed" id="create entity_events table" duration=1.327411ms
logger=migrator t=2026-10-06T19:50:17.218518341-03:00 level=info msg="Executing migration" id="create dashboard public config v1"
logger=migrator t=2026-10-06T19:50:17.219666922-03:00 level=info msg="Migration successfully executed" id="create dashboard public config v1" duration=1.14768ms
logger=migrator t=2026-10-06T19:50:17.245580189-03:00 level=info msg="Executing migration" id="drop index UQE_dashboard_public_config_uid - v1"
logger=migrator t=2026-10-06T19:50:17.246902434-03:00 level=warn msg="Skipping migration: Already executed, but not recorded in migration log" id="drop index UQE_dashboard_public_config_uid - v1"
logger=migrator t=2026-10-06T19:50:17.274371507-03:00 level=info msg="Executing migration" id="drop index IDX_dashboard_public_config_org_id_dashboard_uid - v1"
logger=migrator t=2026-10-06T19:50:17.275356974-03:00 level=warn msg="Skipping migration: Already executed, but not recorded in migration log" id="drop index IDX_dashboard_public_config_org_id_dashboard_uid - v1"
logger=migrator t=2026-10-06T19:50:17.296388925-03:00 level=info msg="Executing migration" id="Drop old dashboard public config table"
logger=migrator t=2026-10-06T19:50:17.298671277-03:00 level=info msg="Migration successfully executed" id="Drop old dashboard public config table" duration=2.283575ms
logger=migrator t=2026-10-06T19:50:17.318819774-03:00 level=info msg="Executing migration" id="recreate dashboard public config v1"
logger=migrator t=2026-10-06T19:50:17.321842558-03:00 level=info msg="Migration successfully executed" id="recreate dashboard public config v1" duration=3.005911ms
logger=migrator t=2026-10-06T19:50:17.348424626-03:00 level=info msg="Executing migration" id="create index UQE_dashboard_public_config_uid - v1"
logger=migrator t=2026-10-06T19:50:17.35011231-03:00 level=info msg="Migration successfully executed" id="create index UQE_dashboard_public_config_uid - v1" duration=1.687534ms
logger=migrator t=2026-10-06T19:50:17.372256738-03:00 level=info msg="Executing migration" id="create index IDX_dashboard_public_config_org_id_dashboard_uid - v1"
logger=migrator t=2026-10-06T19:50:17.373773032-03:00 level=info msg="Migration successfully executed" id="create index IDX_dashboard_public_config_org_id_dashboard_uid - v1" duration=1.518024ms
logger=migrator t=2026-10-06T19:50:17.39840537-03:00 level=info msg="Executing migration" id="drop index UQE_dashboard_public_config_uid - v2"
logger=migrator t=2026-10-06T19:50:17.400150381-03:00 level=info msg="Migration successfully executed" id="drop index UQE_dashboard_public_config_uid - v2" duration=1.730008ms
logger=migrator t=2026-10-06T19:50:17.425109955-03:00 level=info msg="Executing migration" id="drop index IDX_dashboard_public_config_org_id_dashboard_uid - v2"
logger=migrator t=2026-10-06T19:50:17.426714138-03:00 level=info msg="Migration successfully executed" id="drop index IDX_dashboard_public_config_org_id_dashboard_uid - v2" duration=1.605449ms
logger=migrator t=2026-10-06T19:50:17.450766258-03:00 level=info msg="Executing migration" id="Drop public config table"
logger=migrator t=2026-10-06T19:50:17.452155404-03:00 level=info msg="Migration successfully executed" id="Drop public config table" duration=1.385201ms
logger=migrator t=2026-10-06T19:50:17.473658396-03:00 level=info msg="Executing migration" id="Recreate dashboard public config v2"
logger=migrator t=2026-10-06T19:50:17.47521378-03:00 level=info msg="Migration successfully executed" id="Recreate dashboard public config v2" duration=1.554998ms
logger=migrator t=2026-10-06T19:50:17.497899666-03:00 level=info msg="Executing migration" id="create index UQE_dashboard_public_config_uid - v2"
logger=migrator t=2026-10-06T19:50:17.500463343-03:00 level=info msg="Migration successfully executed" id="create index UQE_dashboard_public_config_uid - v2" duration=2.561406ms
logger=migrator t=2026-10-06T19:50:17.518196529-03:00 level=info msg="Executing migration" id="create index IDX_dashboard_public_config_org_id_dashboard_uid - v2"
logger=migrator t=2026-10-06T19:50:17.519957816-03:00 level=info msg="Migration successfully executed" id="create index IDX_dashboard_public_config_org_id_dashboard_uid - v2" duration=1.761588ms
logger=migrator t=2026-10-06T19:50:17.546903253-03:00 level=info msg="Executing migration" id="create index UQE_dashboard_public_config_access_token - v2"
logger=migrator t=2026-10-06T19:50:17.548507683-03:00 level=info msg="Migration successfully executed" id="create index UQE_dashboard_public_config_access_token - v2" duration=1.60537ms
logger=migrator t=2026-10-06T19:50:17.586008596-03:00 level=info msg="Executing migration" id="Rename table dashboard_public_config to dashboard_public - v2"
logger=migrator t=2026-10-06T19:50:17.615420269-03:00 level=info msg="Migration successfully executed" id="Rename table dashboard_public_config to dashboard_public - v2" duration=29.347647ms
logger=migrator t=2026-10-06T19:50:17.639690484-03:00 level=info msg="Executing migration" id="add annotations_enabled column"
logger=migrator t=2026-10-06T19:50:17.645925875-03:00 level=info msg="Migration successfully executed" id="add annotations_enabled column" duration=6.249293ms
logger=migrator t=2026-10-06T19:50:17.667583968-03:00 level=info msg="Executing migration" id="add time_selection_enabled column"
logger=migrator t=2026-10-06T19:50:17.675954755-03:00 level=info msg="Migration successfully executed" id="add time_selection_enabled column" duration=8.382466ms
logger=migrator t=2026-10-06T19:50:17.720030697-03:00 level=info msg="Executing migration" id="delete orphaned public dashboards"
logger=migrator t=2026-10-06T19:50:17.721388173-03:00 level=info msg="Migration successfully executed" id="delete orphaned public dashboards" duration=1.851218ms
logger=migrator t=2026-10-06T19:50:17.83202003-03:00 level=info msg="Executing migration" id="add share column"
logger=migrator t=2026-10-06T19:50:17.843794033-03:00 level=info msg="Migration successfully executed" id="add share column" duration=11.769563ms
logger=migrator t=2026-10-06T19:50:17.862427913-03:00 level=info msg="Executing migration" id="backfill empty share column fields with default of public"
logger=migrator t=2026-10-06T19:50:17.862841101-03:00 level=info msg="Migration successfully executed" id="backfill empty share column fields with default of public" duration=415.329µs
logger=migrator t=2026-10-06T19:50:17.883921084-03:00 level=info msg="Executing migration" id="create file table"
logger=migrator t=2026-10-06T19:50:17.885710853-03:00 level=info msg="Migration successfully executed" id="create file table" duration=1.799349ms
logger=migrator t=2026-10-06T19:50:17.910514767-03:00 level=info msg="Executing migration" id="file table idx: path natural pk"
logger=migrator t=2026-10-06T19:50:17.912203995-03:00 level=info msg="Migration successfully executed" id="file table idx: path natural pk" duration=1.691121ms
logger=migrator t=2026-10-06T19:50:17.943055979-03:00 level=info msg="Executing migration" id="file table idx: parent_folder_path_hash fast folder retrieval"
logger=migrator t=2026-10-06T19:50:17.944860654-03:00 level=info msg="Migration successfully executed" id="file table idx: parent_folder_path_hash fast folder retrieval" duration=1.805069ms
logger=migrator t=2026-10-06T19:50:17.9926308-03:00 level=info msg="Executing migration" id="create file_meta table"
logger=migrator t=2026-10-06T19:50:17.993977775-03:00 level=info msg="Migration successfully executed" id="create file_meta table" duration=1.3462ms
logger=migrator t=2026-10-06T19:50:18.02946684-03:00 level=info msg="Executing migration" id="file table idx: path key"
logger=migrator t=2026-10-06T19:50:18.031212302-03:00 level=info msg="Migration successfully executed" id="file table idx: path key" duration=1.744064ms
logger=migrator t=2026-10-06T19:50:18.052460409-03:00 level=info msg="Executing migration" id="set path collation in file table"
logger=migrator t=2026-10-06T19:50:18.052649946-03:00 level=info msg="Migration successfully executed" id="set path collation in file table" duration=192.889µs
logger=migrator t=2026-10-06T19:50:18.080080124-03:00 level=info msg="Executing migration" id="migrate contents column to mediumblob for MySQL"
logger=migrator t=2026-10-06T19:50:18.08025913-03:00 level=info msg="Migration successfully executed" id="migrate contents column to mediumblob for MySQL" duration=181.277µs
logger=migrator t=2026-10-06T19:50:18.11719095-03:00 level=info msg="Executing migration" id="managed permissions migration"
logger=migrator t=2026-10-06T19:50:18.118569166-03:00 level=info msg="Migration successfully executed" id="managed permissions migration" duration=1.396097ms
logger=migrator t=2026-10-06T19:50:18.142865506-03:00 level=info msg="Executing migration" id="managed folder permissions alert actions migration"
logger=migrator t=2026-10-06T19:50:18.143784231-03:00 level=info msg="Migration successfully executed" id="managed folder permissions alert actions migration" duration=920.607µs
logger=migrator t=2026-10-06T19:50:18.164995653-03:00 level=info msg="Executing migration" id="RBAC action name migrator"
logger=migrator t=2026-10-06T19:50:18.168019551-03:00 level=info msg="Migration successfully executed" id="RBAC action name migrator" duration=3.024101ms
logger=migrator t=2026-10-06T19:50:18.197387052-03:00 level=info msg="Executing migration" id="Add UID column to playlist"
logger=migrator t=2026-10-06T19:50:18.216806048-03:00 level=info msg="Migration successfully executed" id="Add UID column to playlist" duration=19.414455ms
logger=migrator t=2026-10-06T19:50:18.24993681-03:00 level=info msg="Executing migration" id="Update uid column values in playlist"
logger=migrator t=2026-10-06T19:50:18.250358813-03:00 level=info msg="Migration successfully executed" id="Update uid column values in playlist" duration=424.532µs
logger=migrator t=2026-10-06T19:50:18.270339939-03:00 level=info msg="Executing migration" id="Add index for uid in playlist"
logger=migrator t=2026-10-06T19:50:18.271425453-03:00 level=info msg="Migration successfully executed" id="Add index for uid in playlist" duration=1.072168ms
logger=migrator t=2026-10-06T19:50:18.298401347-03:00 level=info msg="Executing migration" id="update group index for alert rules"
logger=migrator t=2026-10-06T19:50:18.299952263-03:00 level=info msg="Migration successfully executed" id="update group index for alert rules" duration=1.554094ms
logger=migrator t=2026-10-06T19:50:18.333880492-03:00 level=info msg="Executing migration" id="managed folder permissions alert actions repeated migration"
logger=migrator t=2026-10-06T19:50:18.334311702-03:00 level=info msg="Migration successfully executed" id="managed folder permissions alert actions repeated migration" duration=431.893µs
logger=migrator t=2026-10-06T19:50:18.355770986-03:00 level=info msg="Executing migration" id="admin only folder/dashboard permission"
logger=migrator t=2026-10-06T19:50:18.356627693-03:00 level=info msg="Migration successfully executed" id="admin only folder/dashboard permission" duration=848.114µs
logger=migrator t=2026-10-06T19:50:18.376536005-03:00 level=info msg="Executing migration" id="add action column to seed_assignment"
logger=migrator t=2026-10-06T19:50:18.386527124-03:00 level=info msg="Migration successfully executed" id="add action column to seed_assignment" duration=9.98618ms
logger=migrator t=2026-10-06T19:50:18.414949089-03:00 level=info msg="Executing migration" id="add scope column to seed_assignment"
logger=migrator t=2026-10-06T19:50:18.426437228-03:00 level=info msg="Migration successfully executed" id="add scope column to seed_assignment" duration=11.486522ms
logger=migrator t=2026-10-06T19:50:18.457557275-03:00 level=info msg="Executing migration" id="remove unique index builtin_role_role_name before nullable update"
logger=migrator t=2026-10-06T19:50:18.458720287-03:00 level=info msg="Migration successfully executed" id="remove unique index builtin_role_role_name before nullable update" duration=1.164188ms
logger=migrator t=2026-10-06T19:50:18.49723646-03:00 level=info msg="Executing migration" id="update seed_assignment role_name column to nullable"
logger=migrator t=2026-10-06T19:50:18.614944625-03:00 level=info msg="Migration successfully executed" id="update seed_assignment role_name column to nullable" duration=117.70571ms
logger=migrator t=2026-10-06T19:50:18.650344795-03:00 level=info msg="Executing migration" id="add unique index builtin_role_name back"
logger=migrator t=2026-10-06T19:50:18.65224703-03:00 level=info msg="Migration successfully executed" id="add unique index builtin_role_name back" duration=1.847929ms
logger=migrator t=2026-10-06T19:50:18.689382335-03:00 level=info msg="Executing migration" id="add unique index builtin_role_action_scope"
logger=migrator t=2026-10-06T19:50:18.691452195-03:00 level=info msg="Migration successfully executed" id="add unique index builtin_role_action_scope" duration=2.054784ms
logger=migrator t=2026-10-06T19:50:18.714456223-03:00 level=info msg="Executing migration" id="add primary key to seed_assigment"
logger=migrator t=2026-10-06T19:50:18.746017163-03:00 level=info msg="Migration successfully executed" id="add primary key to seed_assigment" duration=31.558321ms
logger=migrator t=2026-10-06T19:50:18.796270617-03:00 level=info msg="Executing migration" id="add origin column to seed_assignment"
logger=migrator t=2026-10-06T19:50:18.81256114-03:00 level=info msg="Migration successfully executed" id="add origin column to seed_assignment" duration=16.285469ms
logger=migrator t=2026-10-06T19:50:18.861656502-03:00 level=info msg="Executing migration" id="add origin to plugin seed_assignment"
logger=migrator t=2026-10-06T19:50:18.862317781-03:00 level=info msg="Migration successfully executed" id="add origin to plugin seed_assignment" duration=660.947µs
logger=migrator t=2026-10-06T19:50:18.88961653-03:00 level=info msg="Executing migration" id="prevent seeding OnCall access"
logger=migrator t=2026-10-06T19:50:18.8899528-03:00 level=info msg="Migration successfully executed" id="prevent seeding OnCall access" duration=339.609µs
logger=migrator t=2026-10-06T19:50:18.927544268-03:00 level=info msg="Executing migration" id="managed folder permissions alert actions repeated fixed migration"
logger=migrator t=2026-10-06T19:50:18.928054109-03:00 level=info msg="Migration successfully executed" id="managed folder permissions alert actions repeated fixed migration" duration=511.871µs
logger=migrator t=2026-10-06T19:50:18.965850667-03:00 level=info msg="Executing migration" id="managed folder permissions library panel actions migration"
logger=migrator t=2026-10-06T19:50:18.966450634-03:00 level=info msg="Migration successfully executed" id="managed folder permissions library panel actions migration" duration=601.264µs
logger=migrator t=2026-10-06T19:50:19.002292913-03:00 level=info msg="Executing migration" id="migrate external alertmanagers to datsourcse"
logger=migrator t=2026-10-06T19:50:19.002994718-03:00 level=info msg="Migration successfully executed" id="migrate external alertmanagers to datsourcse" duration=702.602µs
logger=migrator t=2026-10-06T19:50:19.025266524-03:00 level=info msg="Executing migration" id="create folder table"
logger=migrator t=2026-10-06T19:50:19.026970614-03:00 level=info msg="Migration successfully executed" id="create folder table" duration=1.706808ms
logger=migrator t=2026-10-06T19:50:19.06282686-03:00 level=info msg="Executing migration" id="Add index for parent_uid"
logger=migrator t=2026-10-06T19:50:19.064628069-03:00 level=info msg="Migration successfully executed" id="Add index for parent_uid" duration=1.80149ms
logger=migrator t=2026-10-06T19:50:19.100613442-03:00 level=info msg="Executing migration" id="Add unique index for folder.uid and folder.org_id"
logger=migrator t=2026-10-06T19:50:19.102354285-03:00 level=info msg="Migration successfully executed" id="Add unique index for folder.uid and folder.org_id" duration=1.728256ms
logger=migrator t=2026-10-06T19:50:19.122963304-03:00 level=info msg="Executing migration" id="Update folder title length"
logger=migrator t=2026-10-06T19:50:19.123052923-03:00 level=info msg="Migration successfully executed" id="Update folder title length" duration=92.703µs
logger=migrator t=2026-10-06T19:50:19.14052087-03:00 level=info msg="Executing migration" id="Add unique index for folder.title and folder.parent_uid"
logger=migrator t=2026-10-06T19:50:19.141965137-03:00 level=info msg="Migration successfully executed" id="Add unique index for folder.title and folder.parent_uid" duration=1.443671ms
logger=migrator t=2026-10-06T19:50:19.170009486-03:00 level=info msg="Executing migration" id="Remove unique index for folder.title and folder.parent_uid"
logger=migrator t=2026-10-06T19:50:19.171863715-03:00 level=info msg="Migration successfully executed" id="Remove unique index for folder.title and folder.parent_uid" duration=1.855291ms
logger=migrator t=2026-10-06T19:50:19.201988516-03:00 level=info msg="Executing migration" id="Add unique index for title, parent_uid, and org_id"
logger=migrator t=2026-10-06T19:50:19.203726342-03:00 level=info msg="Migration successfully executed" id="Add unique index for title, parent_uid, and org_id" duration=1.737769ms
logger=migrator t=2026-10-06T19:50:19.22317261-03:00 level=info msg="Executing migration" id="Sync dashboard and folder table"
logger=migrator t=2026-10-06T19:50:19.224059166-03:00 level=info msg="Migration successfully executed" id="Sync dashboard and folder table" duration=886.692µs
logger=migrator t=2026-10-06T19:50:19.246238313-03:00 level=info msg="Executing migration" id="Remove ghost folders from the folder table"
logger=migrator t=2026-10-06T19:50:19.246631578-03:00 level=info msg="Migration successfully executed" id="Remove ghost folders from the folder table" duration=392.103µs
logger=migrator t=2026-10-06T19:50:19.459383813-03:00 level=info msg="Executing migration" id="Remove unique index UQE_folder_uid_org_id"
logger=migrator t=2026-10-06T19:50:19.469808191-03:00 level=info msg="Migration successfully executed" id="Remove unique index UQE_folder_uid_org_id" duration=10.400349ms
logger=migrator t=2026-10-06T19:50:19.579262634-03:00 level=info msg="Executing migration" id="Add unique index UQE_folder_org_id_uid"
logger=migrator t=2026-10-06T19:50:19.585062088-03:00 level=info msg="Migration successfully executed" id="Add unique index UQE_folder_org_id_uid" duration=5.79672ms
logger=migrator t=2026-10-06T19:50:19.610440608-03:00 level=info msg="Executing migration" id="Remove unique index UQE_folder_title_parent_uid_org_id"
logger=migrator t=2026-10-06T19:50:19.614361435-03:00 level=info msg="Migration successfully executed" id="Remove unique index UQE_folder_title_parent_uid_org_id" duration=3.921011ms
logger=migrator t=2026-10-06T19:50:19.646072222-03:00 level=info msg="Executing migration" id="Add unique index UQE_folder_org_id_parent_uid_title"
logger=migrator t=2026-10-06T19:50:19.647817469-03:00 level=info msg="Migration successfully executed" id="Add unique index UQE_folder_org_id_parent_uid_title" duration=1.745943ms
logger=migrator t=2026-10-06T19:50:19.670954676-03:00 level=info msg="Executing migration" id="Remove index IDX_folder_parent_uid_org_id"
logger=migrator t=2026-10-06T19:50:19.680022702-03:00 level=info msg="Migration successfully executed" id="Remove index IDX_folder_parent_uid_org_id" duration=9.063211ms
logger=migrator t=2026-10-06T19:50:19.715795531-03:00 level=info msg="Executing migration" id="Remove unique index UQE_folder_org_id_parent_uid_title"
logger=migrator t=2026-10-06T19:50:19.717884936-03:00 level=info msg="Migration successfully executed" id="Remove unique index UQE_folder_org_id_parent_uid_title" duration=2.088754ms
logger=migrator t=2026-10-06T19:50:19.741340713-03:00 level=info msg="Executing migration" id="create anon_device table"
logger=migrator t=2026-10-06T19:50:19.742827815-03:00 level=info msg="Migration successfully executed" id="create anon_device table" duration=1.485953ms
logger=migrator t=2026-10-06T19:50:19.766473754-03:00 level=info msg="Executing migration" id="add unique index anon_device.device_id"
logger=migrator t=2026-10-06T19:50:19.768127131-03:00 level=info msg="Migration successfully executed" id="add unique index anon_device.device_id" duration=1.65228ms
logger=migrator t=2026-10-06T19:50:19.787335959-03:00 level=info msg="Executing migration" id="add index anon_device.updated_at"
logger=migrator t=2026-10-06T19:50:19.790374335-03:00 level=info msg="Migration successfully executed" id="add index anon_device.updated_at" duration=3.017543ms
logger=migrator t=2026-10-06T19:50:19.812679881-03:00 level=info msg="Executing migration" id="create signing_key table"
logger=migrator t=2026-10-06T19:50:19.814130627-03:00 level=info msg="Migration successfully executed" id="create signing_key table" duration=1.448858ms
logger=migrator t=2026-10-06T19:50:19.844344586-03:00 level=info msg="Executing migration" id="add unique index signing_key.key_id"
logger=migrator t=2026-10-06T19:50:19.845856418-03:00 level=info msg="Migration successfully executed" id="add unique index signing_key.key_id" duration=1.512739ms
logger=migrator t=2026-10-06T19:50:19.869356575-03:00 level=info msg="Executing migration" id="set legacy alert migration status in kvstore"
logger=migrator t=2026-10-06T19:50:19.871255088-03:00 level=info msg="Migration successfully executed" id="set legacy alert migration status in kvstore" duration=1.898182ms
logger=migrator t=2026-10-06T19:50:19.888131485-03:00 level=info msg="Executing migration" id="migrate record of created folders during legacy migration to kvstore"
logger=migrator t=2026-10-06T19:50:19.88887668-03:00 level=info msg="Migration successfully executed" id="migrate record of created folders during legacy migration to kvstore" duration=748.194µs
logger=migrator t=2026-10-06T19:50:19.919480813-03:00 level=info msg="Executing migration" id="Add folder_uid for dashboard"
logger=migrator t=2026-10-06T19:50:19.929034458-03:00 level=info msg="Migration successfully executed" id="Add folder_uid for dashboard" duration=9.549455ms
logger=migrator t=2026-10-06T19:50:19.97581604-03:00 level=info msg="Executing migration" id="Populate dashboard folder_uid column"
logger=migrator t=2026-10-06T19:50:19.977616832-03:00 level=info msg="Migration successfully executed" id="Populate dashboard folder_uid column" duration=1.803973ms
logger=migrator t=2026-10-06T19:50:20.015127812-03:00 level=info msg="Executing migration" id="Add unique index for dashboard_org_id_folder_uid_title"
logger=migrator t=2026-10-06T19:50:20.015195898-03:00 level=info msg="Migration successfully executed" id="Add unique index for dashboard_org_id_folder_uid_title" duration=70.905µs
logger=migrator t=2026-10-06T19:50:20.062419565-03:00 level=info msg="Executing migration" id="Delete unique index for dashboard_org_id_folder_id_title"
logger=migrator t=2026-10-06T19:50:20.066679003-03:00 level=info msg="Migration successfully executed" id="Delete unique index for dashboard_org_id_folder_id_title" duration=4.238853ms
logger=migrator t=2026-10-06T19:50:20.108270998-03:00 level=info msg="Executing migration" id="Delete unique index for dashboard_org_id_folder_uid_title"
logger=migrator t=2026-10-06T19:50:20.108343664-03:00 level=info msg="Migration successfully executed" id="Delete unique index for dashboard_org_id_folder_uid_title" duration=76.648µs
logger=migrator t=2026-10-06T19:50:20.143952838-03:00 level=info msg="Executing migration" id="Add unique index for dashboard_org_id_folder_uid_title_is_folder"
logger=migrator t=2026-10-06T19:50:20.146251489-03:00 level=info msg="Migration successfully executed" id="Add unique index for dashboard_org_id_folder_uid_title_is_folder" duration=2.298058ms
logger=migrator t=2026-10-06T19:50:20.181560739-03:00 level=info msg="Executing migration" id="Restore index for dashboard_org_id_folder_id_title"
logger=migrator t=2026-10-06T19:50:20.183487159-03:00 level=info msg="Migration successfully executed" id="Restore index for dashboard_org_id_folder_id_title" duration=1.924427ms
logger=migrator t=2026-10-06T19:50:20.220970628-03:00 level=info msg="Executing migration" id="Remove unique index for dashboard_org_id_folder_uid_title_is_folder"
logger=migrator t=2026-10-06T19:50:20.223903295-03:00 level=info msg="Migration successfully executed" id="Remove unique index for dashboard_org_id_folder_uid_title_is_folder" duration=2.932897ms
logger=migrator t=2026-10-06T19:50:20.266087383-03:00 level=info msg="Executing migration" id="create sso_setting table"
logger=migrator t=2026-10-06T19:50:20.267802741-03:00 level=info msg="Migration successfully executed" id="create sso_setting table" duration=1.71351ms
logger=migrator t=2026-10-06T19:50:20.30182055-03:00 level=info msg="Executing migration" id="copy kvstore migration status to each org"
logger=migrator t=2026-10-06T19:50:20.303658182-03:00 level=info msg="Migration successfully executed" id="copy kvstore migration status to each org" duration=1.840884ms
logger=migrator t=2026-10-06T19:50:20.338200052-03:00 level=info msg="Executing migration" id="add back entry for orgid=0 migrated status"
logger=migrator t=2026-10-06T19:50:20.33944571-03:00 level=info msg="Migration successfully executed" id="add back entry for orgid=0 migrated status" duration=1.248557ms
logger=migrator t=2026-10-06T19:50:20.427989967-03:00 level=info msg="Executing migration" id="managed dashboard permissions annotation actions migration"
logger=migrator t=2026-10-06T19:50:20.432448835-03:00 level=info msg="Migration successfully executed" id="managed dashboard permissions annotation actions migration" duration=4.453793ms
logger=migrator t=2026-10-06T19:50:20.492553144-03:00 level=info msg="Executing migration" id="create cloud_migration table v1"
logger=migrator t=2026-10-06T19:50:20.494631503-03:00 level=info msg="Migration successfully executed" id="create cloud_migration table v1" duration=2.0914ms
logger=migrator t=2026-10-06T19:50:20.524349542-03:00 level=info msg="Executing migration" id="create cloud_migration_run table v1"
logger=migrator t=2026-10-06T19:50:20.526292133-03:00 level=info msg="Migration successfully executed" id="create cloud_migration_run table v1" duration=1.94165ms
logger=migrator t=2026-10-06T19:50:20.565468897-03:00 level=info msg="Executing migration" id="add stack_id column"
logger=migrator t=2026-10-06T19:50:20.584658852-03:00 level=info msg="Migration successfully executed" id="add stack_id column" duration=19.094692ms
logger=migrator t=2026-10-06T19:50:20.617419656-03:00 level=info msg="Executing migration" id="add region_slug column"
logger=migrator t=2026-10-06T19:50:20.629203231-03:00 level=info msg="Migration successfully executed" id="add region_slug column" duration=11.784932ms
logger=migrator t=2026-10-06T19:50:20.665483036-03:00 level=info msg="Executing migration" id="add cluster_slug column"
logger=migrator t=2026-10-06T19:50:20.68590507-03:00 level=info msg="Migration successfully executed" id="add cluster_slug column" duration=20.374505ms
logger=migrator t=2026-10-06T19:50:20.716714478-03:00 level=info msg="Executing migration" id="add migration uid column"
logger=migrator t=2026-10-06T19:50:20.724051068-03:00 level=info msg="Migration successfully executed" id="add migration uid column" duration=7.334809ms
logger=migrator t=2026-10-06T19:50:20.742904832-03:00 level=info msg="Executing migration" id="Update uid column values for migration"
logger=migrator t=2026-10-06T19:50:20.743263585-03:00 level=info msg="Migration successfully executed" id="Update uid column values for migration" duration=360.462µs
logger=migrator t=2026-10-06T19:50:20.77362477-03:00 level=info msg="Executing migration" id="Add unique index migration_uid"
logger=migrator t=2026-10-06T19:50:20.776127684-03:00 level=info msg="Migration successfully executed" id="Add unique index migration_uid" duration=2.503923ms
logger=migrator t=2026-10-06T19:50:20.814514675-03:00 level=info msg="Executing migration" id="add migration run uid column"
logger=migrator t=2026-10-06T19:50:20.826839408-03:00 level=info msg="Migration successfully executed" id="add migration run uid column" duration=12.323607ms
logger=migrator t=2026-10-06T19:50:20.85829175-03:00 level=info msg="Executing migration" id="Update uid column values for migration run"
logger=migrator t=2026-10-06T19:50:20.858716933-03:00 level=info msg="Migration successfully executed" id="Update uid column values for migration run" duration=426.59µs
logger=migrator t=2026-10-06T19:50:20.88161982-03:00 level=info msg="Executing migration" id="Add unique index migration_run_uid"
logger=migrator t=2026-10-06T19:50:20.883813573-03:00 level=info msg="Migration successfully executed" id="Add unique index migration_run_uid" duration=2.212809ms
logger=migrator t=2026-10-06T19:50:20.915959954-03:00 level=info msg="Executing migration" id="Rename table cloud_migration to cloud_migration_session_tmp_qwerty - v1"
logger=migrator t=2026-10-06T19:50:20.959454414-03:00 level=info msg="Migration successfully executed" id="Rename table cloud_migration to cloud_migration_session_tmp_qwerty - v1" duration=43.460283ms
logger=migrator t=2026-10-06T19:50:21.002545734-03:00 level=info msg="Executing migration" id="create cloud_migration_session v2"
logger=migrator t=2026-10-06T19:50:21.004297233-03:00 level=info msg="Migration successfully executed" id="create cloud_migration_session v2" duration=1.749034ms
logger=migrator t=2026-10-06T19:50:21.051758694-03:00 level=info msg="Executing migration" id="create index UQE_cloud_migration_session_uid - v2"
logger=migrator t=2026-10-06T19:50:21.053873291-03:00 level=info msg="Migration successfully executed" id="create index UQE_cloud_migration_session_uid - v2" duration=2.11211ms
logger=migrator t=2026-10-06T19:50:21.097190258-03:00 level=info msg="Executing migration" id="copy cloud_migration_session v1 to v2"
logger=migrator t=2026-10-06T19:50:21.097917448-03:00 level=info msg="Migration successfully executed" id="copy cloud_migration_session v1 to v2" duration=726.431µs
logger=migrator t=2026-10-06T19:50:21.137076995-03:00 level=info msg="Executing migration" id="drop cloud_migration_session_tmp_qwerty"
logger=migrator t=2026-10-06T19:50:21.139555646-03:00 level=info msg="Migration successfully executed" id="drop cloud_migration_session_tmp_qwerty" duration=2.495722ms
logger=migrator t=2026-10-06T19:50:21.179569422-03:00 level=info msg="Executing migration" id="Rename table cloud_migration_run to cloud_migration_snapshot_tmp_qwerty - v1"
logger=migrator t=2026-10-06T19:50:21.216413649-03:00 level=info msg="Migration successfully executed" id="Rename table cloud_migration_run to cloud_migration_snapshot_tmp_qwerty - v1" duration=36.813142ms
logger=migrator t=2026-10-06T19:50:21.300339786-03:00 level=info msg="Executing migration" id="create cloud_migration_snapshot v2"
logger=migrator t=2026-10-06T19:50:21.301786065-03:00 level=info msg="Migration successfully executed" id="create cloud_migration_snapshot v2" duration=1.443089ms
logger=migrator t=2026-10-06T19:50:21.357233328-03:00 level=info msg="Executing migration" id="create index UQE_cloud_migration_snapshot_uid - v2"
logger=migrator t=2026-10-06T19:50:21.362587506-03:00 level=info msg="Migration successfully executed" id="create index UQE_cloud_migration_snapshot_uid - v2" duration=5.348529ms
logger=migrator t=2026-10-06T19:50:21.464758975-03:00 level=info msg="Executing migration" id="copy cloud_migration_snapshot v1 to v2"
logger=migrator t=2026-10-06T19:50:21.465611949-03:00 level=info msg="Migration successfully executed" id="copy cloud_migration_snapshot v1 to v2" duration=850.887µs
logger=migrator t=2026-10-06T19:50:21.501955762-03:00 level=info msg="Executing migration" id="drop cloud_migration_snapshot_tmp_qwerty"
logger=migrator t=2026-10-06T19:50:21.505947874-03:00 level=info msg="Migration successfully executed" id="drop cloud_migration_snapshot_tmp_qwerty" duration=4.009046ms
logger=migrator t=2026-10-06T19:50:21.528249286-03:00 level=info msg="Executing migration" id="add snapshot upload_url column"
logger=migrator t=2026-10-06T19:50:21.544330149-03:00 level=info msg="Migration successfully executed" id="add snapshot upload_url column" duration=16.092876ms
logger=migrator t=2026-10-06T19:50:21.567077737-03:00 level=info msg="Executing migration" id="add snapshot status column"
logger=migrator t=2026-10-06T19:50:21.581021301-03:00 level=info msg="Migration successfully executed" id="add snapshot status column" duration=13.939984ms
logger=migrator t=2026-10-06T19:50:21.605726701-03:00 level=info msg="Executing migration" id="add snapshot local_directory column"
logger=migrator t=2026-10-06T19:50:21.623714152-03:00 level=info msg="Migration successfully executed" id="add snapshot local_directory column" duration=17.98355ms
logger=migrator t=2026-10-06T19:50:21.761967581-03:00 level=info msg="Executing migration" id="add snapshot gms_snapshot_uid column"
logger=migrator t=2026-10-06T19:50:21.778688675-03:00 level=info msg="Migration successfully executed" id="add snapshot gms_snapshot_uid column" duration=16.717939ms
logger=migrator t=2026-10-06T19:50:21.820289807-03:00 level=info msg="Executing migration" id="add snapshot encryption_key column"
logger=migrator t=2026-10-06T19:50:21.834756974-03:00 level=info msg="Migration successfully executed" id="add snapshot encryption_key column" duration=14.462564ms
logger=migrator t=2026-10-06T19:50:21.867207573-03:00 level=info msg="Executing migration" id="add snapshot error_string column"
logger=migrator t=2026-10-06T19:50:21.87780997-03:00 level=info msg="Migration successfully executed" id="add snapshot error_string column" duration=10.602528ms
logger=migrator t=2026-10-06T19:50:21.929948086-03:00 level=info msg="Executing migration" id="create cloud_migration_resource table v1"
logger=migrator t=2026-10-06T19:50:21.931179551-03:00 level=info msg="Migration successfully executed" id="create cloud_migration_resource table v1" duration=1.228483ms
logger=migrator t=2026-10-06T19:50:21.950789587-03:00 level=info msg="Executing migration" id="delete cloud_migration_snapshot.result column"
logger=migrator t=2026-10-06T19:50:21.993871508-03:00 level=info msg="Migration successfully executed" id="delete cloud_migration_snapshot.result column" duration=43.079969ms
logger=migrator t=2026-10-06T19:50:22.015978626-03:00 level=info msg="Executing migration" id="add cloud_migration_resource.name column"
logger=migrator t=2026-10-06T19:50:22.031786388-03:00 level=info msg="Migration successfully executed" id="add cloud_migration_resource.name column" duration=15.801349ms
logger=migrator t=2026-10-06T19:50:22.053501042-03:00 level=info msg="Executing migration" id="add cloud_migration_resource.parent_name column"
logger=migrator t=2026-10-06T19:50:22.061933421-03:00 level=info msg="Migration successfully executed" id="add cloud_migration_resource.parent_name column" duration=8.429565ms
logger=migrator t=2026-10-06T19:50:22.081541256-03:00 level=info msg="Executing migration" id="add cloud_migration_session.org_id column"
logger=migrator t=2026-10-06T19:50:22.093600167-03:00 level=info msg="Migration successfully executed" id="add cloud_migration_session.org_id column" duration=12.055446ms
logger=migrator t=2026-10-06T19:50:22.127446618-03:00 level=info msg="Executing migration" id="add cloud_migration_resource.error_code column"
logger=migrator t=2026-10-06T19:50:22.137944836-03:00 level=info msg="Migration successfully executed" id="add cloud_migration_resource.error_code column" duration=10.493814ms
logger=migrator t=2026-10-06T19:50:22.170306917-03:00 level=info msg="Executing migration" id="increase resource_uid column length"
logger=migrator t=2026-10-06T19:50:22.17076487-03:00 level=info msg="Migration successfully executed" id="increase resource_uid column length" duration=440.325µs
logger=migrator t=2026-10-06T19:50:22.202222855-03:00 level=info msg="Executing migration" id="alter kv_store.value to longtext"
logger=migrator t=2026-10-06T19:50:22.202404065-03:00 level=info msg="Migration successfully executed" id="alter kv_store.value to longtext" duration=183.549µs
logger=migrator t=2026-10-06T19:50:22.221522088-03:00 level=info msg="Executing migration" id="add notification_settings column to alert_rule table"
logger=migrator t=2026-10-06T19:50:22.227725598-03:00 level=info msg="Migration successfully executed" id="add notification_settings column to alert_rule table" duration=6.203588ms
logger=migrator t=2026-10-06T19:50:22.246971908-03:00 level=info msg="Executing migration" id="add notification_settings column to alert_rule_version table"
logger=migrator t=2026-10-06T19:50:22.257021697-03:00 level=info msg="Migration successfully executed" id="add notification_settings column to alert_rule_version table" duration=9.998611ms
logger=migrator t=2026-10-06T19:50:22.287849273-03:00 level=info msg="Executing migration" id="removing scope from alert.instances:read action migration"
logger=migrator t=2026-10-06T19:50:22.28917269-03:00 level=info msg="Migration successfully executed" id="removing scope from alert.instances:read action migration" duration=1.322524ms
logger=migrator t=2026-10-06T19:50:22.319414347-03:00 level=info msg="Executing migration" id="managed folder permissions alerting silences actions migration"
logger=migrator t=2026-10-06T19:50:22.319970242-03:00 level=info msg="Migration successfully executed" id="managed folder permissions alerting silences actions migration" duration=555.87µs
logger=migrator t=2026-10-06T19:50:22.352068002-03:00 level=info msg="Executing migration" id="add record column to alert_rule table"
logger=migrator t=2026-10-06T19:50:22.366868705-03:00 level=info msg="Migration successfully executed" id="add record column to alert_rule table" duration=14.788476ms
logger=migrator t=2026-10-06T19:50:22.386517212-03:00 level=info msg="Executing migration" id="add record column to alert_rule_version table"
logger=migrator t=2026-10-06T19:50:22.402707425-03:00 level=info msg="Migration successfully executed" id="add record column to alert_rule_version table" duration=16.152401ms
logger=migrator t=2026-10-06T19:50:22.427460268-03:00 level=info msg="Executing migration" id="add resolved_at column to alert_instance table"
logger=migrator t=2026-10-06T19:50:22.43629314-03:00 level=info msg="Migration successfully executed" id="add resolved_at column to alert_instance table" duration=8.83093ms
logger=migrator t=2026-10-06T19:50:22.457857351-03:00 level=info msg="Executing migration" id="add last_sent_at column to alert_instance table"
logger=migrator t=2026-10-06T19:50:22.465329179-03:00 level=info msg="Migration successfully executed" id="add last_sent_at column to alert_instance table" duration=7.468763ms
logger=migrator t=2026-10-06T19:50:22.490384371-03:00 level=info msg="Executing migration" id="Enable traceQL streaming for all Tempo datasources"
logger=migrator t=2026-10-06T19:50:22.490478231-03:00 level=info msg="Migration successfully executed" id="Enable traceQL streaming for all Tempo datasources" duration=97.393µs
logger=migrator t=2026-10-06T19:50:22.508366206-03:00 level=info msg="Executing migration" id="Add scope to alert.notifications.receivers:read and alert.notifications.receivers.secrets:read"
logger=migrator t=2026-10-06T19:50:22.509472027-03:00 level=info msg="Migration successfully executed" id="Add scope to alert.notifications.receivers:read and alert.notifications.receivers.secrets:read" duration=1.106997ms
logger=migrator t=2026-10-06T19:50:22.529197892-03:00 level=info msg="Executing migration" id="add metadata column to alert_rule table"
logger=migrator t=2026-10-06T19:50:22.538572423-03:00 level=info msg="Migration successfully executed" id="add metadata column to alert_rule table" duration=9.3699ms
logger=migrator t=2026-10-06T19:50:22.560278547-03:00 level=info msg="Executing migration" id="add metadata column to alert_rule_version table"
logger=migrator t=2026-10-06T19:50:22.569074941-03:00 level=info msg="Migration successfully executed" id="add metadata column to alert_rule_version table" duration=8.793316ms
logger=migrator t=2026-10-06T19:50:22.589492822-03:00 level=info msg="Executing migration" id="delete orphaned service account permissions"
logger=migrator t=2026-10-06T19:50:22.589970445-03:00 level=info msg="Migration successfully executed" id="delete orphaned service account permissions" duration=478.675µs
logger=migrator t=2026-10-06T19:50:22.621843888-03:00 level=info msg="Executing migration" id="adding action set permissions"
logger=migrator t=2026-10-06T19:50:22.623107436-03:00 level=info msg="Migration successfully executed" id="adding action set permissions" duration=1.267014ms
logger=migrator t=2026-10-06T19:50:22.654874706-03:00 level=info msg="Executing migration" id="create user_external_session table"
logger=migrator t=2026-10-06T19:50:22.656109887-03:00 level=info msg="Migration successfully executed" id="create user_external_session table" duration=1.237014ms
logger=migrator t=2026-10-06T19:50:22.676956067-03:00 level=info msg="Executing migration" id="increase name_id column length to 1024"
logger=migrator t=2026-10-06T19:50:22.677139958-03:00 level=info msg="Migration successfully executed" id="increase name_id column length to 1024" duration=187.141µs
logger=migrator t=2026-10-06T19:50:22.696592695-03:00 level=info msg="Executing migration" id="increase session_id column length to 1024"
logger=migrator t=2026-10-06T19:50:22.69682137-03:00 level=info msg="Migration successfully executed" id="increase session_id column length to 1024" duration=231.502µs
logger=migrator t=2026-10-06T19:50:22.720089127-03:00 level=info msg="Executing migration" id="remove scope from alert.notifications.receivers:create"
logger=migrator t=2026-10-06T19:50:22.72190622-03:00 level=info msg="Migration successfully executed" id="remove scope from alert.notifications.receivers:create" duration=1.804903ms
logger=migrator t=2026-10-06T19:50:22.740549909-03:00 level=info msg="migrations completed" performed=629 skipped=0 duration=26.055964942s
logger=migrator t=2026-10-06T19:50:22.741607991-03:00 level=info msg="Unlocking database"
logger=sqlstore t=2026-10-06T19:50:22.767079778-03:00 level=info msg="Created default admin" user=admin
logger=sqlstore t=2026-10-06T19:50:22.767662721-03:00 level=info msg="Created default organization"
logger=secrets t=2026-10-06T19:50:22.800919934-03:00 level=info msg="Envelope encryption state" enabled=true currentprovider=secretKey.v1
logger=renderer.manager t=2026-10-06T19:50:22.92096543-03:00 level=error msg="Failed to get renderer plugin sources" error="failed to open plugins path"
logger=plugin.angulardetectorsprovider.dynamic t=2026-10-06T19:50:22.922022155-03:00 level=info msg="Restored cache from database" duration=510.102µs
logger=plugin.store t=2026-10-06T19:50:22.943118944-03:00 level=info msg="Loading plugins..."
logger=plugin.sources t=2026-10-06T19:50:22.943200894-03:00 level=error msg="Failed to load external plugins" error="failed to open plugins path"
logger=plugin.store t=2026-10-06T19:50:23.242480654-03:00 level=info msg="Plugins loaded" count=54 duration=299.363261ms
logger=resource-migrator t=2026-10-06T19:50:23.247176578-03:00 level=info msg="Locking database"
logger=resource-migrator t=2026-10-06T19:50:23.247248897-03:00 level=info msg="Starting DB migrations"
logger=resource-migrator t=2026-10-06T19:50:23.248665218-03:00 level=info msg="Executing migration" id="create resource_migration_log table"
logger=resource-migrator t=2026-10-06T19:50:23.250166821-03:00 level=info msg="Migration successfully executed" id="create resource_migration_log table" duration=1.498927ms
logger=resource-migrator t=2026-10-06T19:50:23.290357756-03:00 level=info msg="Executing migration" id="Initialize resource tables"
logger=resource-migrator t=2026-10-06T19:50:23.290531907-03:00 level=info msg="Migration successfully executed" id="Initialize resource tables" duration=177.206µs
logger=resource-migrator t=2026-10-06T19:50:23.326428301-03:00 level=info msg="Executing migration" id="drop table resource"
logger=resource-migrator t=2026-10-06T19:50:23.326730212-03:00 level=info msg="Migration successfully executed" id="drop table resource" duration=303.643µs
logger=resource-migrator t=2026-10-06T19:50:23.343885905-03:00 level=info msg="Executing migration" id="create table resource"
logger=resource-migrator t=2026-10-06T19:50:23.344941596-03:00 level=info msg="Migration successfully executed" id="create table resource" duration=1.054908ms
logger=resource-migrator t=2026-10-06T19:50:23.374005676-03:00 level=info msg="Executing migration" id="create table resource, index: 0"
logger=resource-migrator t=2026-10-06T19:50:23.376284454-03:00 level=info msg="Migration successfully executed" id="create table resource, index: 0" duration=2.280028ms
logger=resource-migrator t=2026-10-06T19:50:23.397987575-03:00 level=info msg="Executing migration" id="drop table resource_history"
logger=resource-migrator t=2026-10-06T19:50:23.398157962-03:00 level=info msg="Migration successfully executed" id="drop table resource_history" duration=174.413µs
logger=resource-migrator t=2026-10-06T19:50:23.413309271-03:00 level=info msg="Executing migration" id="create table resource_history"
logger=resource-migrator t=2026-10-06T19:50:23.414781438-03:00 level=info msg="Migration successfully executed" id="create table resource_history" duration=1.467263ms
logger=resource-migrator t=2026-10-06T19:50:23.442696372-03:00 level=info msg="Executing migration" id="create table resource_history, index: 0"
logger=resource-migrator t=2026-10-06T19:50:23.444663417-03:00 level=info msg="Migration successfully executed" id="create table resource_history, index: 0" duration=1.965109ms
logger=resource-migrator t=2026-10-06T19:50:23.465609839-03:00 level=info msg="Executing migration" id="create table resource_history, index: 1"
logger=resource-migrator t=2026-10-06T19:50:23.468576646-03:00 level=info msg="Migration successfully executed" id="create table resource_history, index: 1" duration=2.951576ms
logger=resource-migrator t=2026-10-06T19:50:23.494158699-03:00 level=info msg="Executing migration" id="drop table resource_version"
logger=resource-migrator t=2026-10-06T19:50:23.494355291-03:00 level=info msg="Migration successfully executed" id="drop table resource_version" duration=195.468µs
logger=resource-migrator t=2026-10-06T19:50:23.519277041-03:00 level=info msg="Executing migration" id="create table resource_version"
logger=resource-migrator t=2026-10-06T19:50:23.520599521-03:00 level=info msg="Migration successfully executed" id="create table resource_version" duration=1.320437ms
logger=resource-migrator t=2026-10-06T19:50:23.560706687-03:00 level=info msg="Executing migration" id="create table resource_version, index: 0"
logger=resource-migrator t=2026-10-06T19:50:23.562583261-03:00 level=info msg="Migration successfully executed" id="create table resource_version, index: 0" duration=1.876593ms
logger=resource-migrator t=2026-10-06T19:50:23.586806078-03:00 level=info msg="Executing migration" id="drop table resource_blob"
logger=resource-migrator t=2026-10-06T19:50:23.586999932-03:00 level=info msg="Migration successfully executed" id="drop table resource_blob" duration=196.633µs
logger=resource-migrator t=2026-10-06T19:50:23.610618951-03:00 level=info msg="Executing migration" id="create table resource_blob"
logger=resource-migrator t=2026-10-06T19:50:23.612213287-03:00 level=info msg="Migration successfully executed" id="create table resource_blob" duration=1.593523ms
logger=resource-migrator t=2026-10-06T19:50:23.641958377-03:00 level=info msg="Executing migration" id="create table resource_blob, index: 0"
logger=resource-migrator t=2026-10-06T19:50:23.643823996-03:00 level=info msg="Migration successfully executed" id="create table resource_blob, index: 0" duration=1.86576ms
logger=resource-migrator t=2026-10-06T19:50:23.67739421-03:00 level=info msg="Executing migration" id="create table resource_blob, index: 1"
logger=resource-migrator t=2026-10-06T19:50:23.678862635-03:00 level=info msg="Migration successfully executed" id="create table resource_blob, index: 1" duration=1.471677ms
logger=resource-migrator t=2026-10-06T19:50:23.700384678-03:00 level=info msg="Executing migration" id="Add column previous_resource_version in resource_history"
logger=resource-migrator t=2026-10-06T19:50:23.708849711-03:00 level=info msg="Migration successfully executed" id="Add column previous_resource_version in resource_history" duration=8.460294ms
logger=resource-migrator t=2026-10-06T19:50:23.73580269-03:00 level=info msg="Executing migration" id="Add column previous_resource_version in resource"
logger=resource-migrator t=2026-10-06T19:50:23.742802105-03:00 level=info msg="Migration successfully executed" id="Add column previous_resource_version in resource" duration=6.993743ms
logger=resource-migrator t=2026-10-06T19:50:23.760440312-03:00 level=info msg="Executing migration" id="Add index to resource_history for polling"
logger=resource-migrator t=2026-10-06T19:50:23.762156795-03:00 level=info msg="Migration successfully executed" id="Add index to resource_history for polling" duration=1.723178ms
logger=resource-migrator t=2026-10-06T19:50:23.782218801-03:00 level=info msg="Executing migration" id="Add index to resource for loading"
logger=resource-migrator t=2026-10-06T19:50:23.783700125-03:00 level=info msg="Migration successfully executed" id="Add index to resource for loading" duration=1.479993ms
logger=resource-migrator t=2026-10-06T19:50:23.80485053-03:00 level=info msg="Executing migration" id="Add column folder in resource_history"
logger=resource-migrator t=2026-10-06T19:50:23.811133213-03:00 level=info msg="Migration successfully executed" id="Add column folder in resource_history" duration=6.287578ms
logger=resource-migrator t=2026-10-06T19:50:23.83057345-03:00 level=info msg="Executing migration" id="Add column folder in resource"
logger=resource-migrator t=2026-10-06T19:50:23.839594514-03:00 level=info msg="Migration successfully executed" id="Add column folder in resource" duration=9.018644ms
logger=resource-migrator t=2026-10-06T19:50:23.860179781-03:00 level=info msg="migrations completed" performed=22 skipped=0 duration=611.694925ms
logger=resource-migrator t=2026-10-06T19:50:23.860882991-03:00 level=info msg="Unlocking database"
logger=query_data t=2026-10-06T19:50:23.896532913-03:00 level=info msg="Query Service initialization"
logger=live.push_http t=2026-10-06T19:50:23.9307046-03:00 level=info msg="Live Push Gateway initialization"
logger=ngalert.notifier.alertmanager org=1 t=2026-10-06T19:50:23.944621107-03:00 level=info msg="Applying new configuration to Alertmanager" configHash=d2c56faca6af2a5772ff4253222f7386
logger=ngalert.state.manager t=2026-10-06T19:50:23.968133756-03:00 level=info msg="Running in alternative execution of Error/NoData mode"
logger=cloudmigration.service t=2026-10-06T19:50:23.992559059-03:00 level=info msg="using gcom client for auth"
logger=infra.usagestats.collector t=2026-10-06T19:50:23.99318418-03:00 level=info msg="registering usage stat providers" usageStatsProvidersLen=2
logger=provisioning.datasources t=2026-10-06T19:50:23.997494295-03:00 level=info msg="inserting datasource from configuration" name="B1 Prometheus" uid=b1-prometheus
logger=provisioning.plugins t=2026-10-06T19:50:24.054628132-03:00 level=error msg="Failed to read plugin provisioning files from directory" path=/home/engler/devops/gamificacao-educacao-continuada/ops/grafana/provisioning/plugins error="open /home/engler/devops/gamificacao-educacao-continuada/ops/grafana/provisioning/plugins: no such file or directory"
logger=provisioning.alerting t=2026-10-06T19:50:24.054736882-03:00 level=error msg="can't read alerting provisioning files from directory" path=/home/engler/devops/gamificacao-educacao-continuada/ops/grafana/provisioning/alerting error="open /home/engler/devops/gamificacao-educacao-continuada/ops/grafana/provisioning/alerting: no such file or directory"
logger=provisioning.alerting t=2026-10-06T19:50:24.054754869-03:00 level=info msg="starting to provision alerting"
logger=provisioning.alerting t=2026-10-06T19:50:24.0547692-03:00 level=info msg="finished to provision alerting"
logger=ngalert.multiorg.alertmanager t=2026-10-06T19:50:24.056666837-03:00 level=info msg="Starting MultiOrg Alertmanager"
logger=renderer.manager t=2026-10-06T19:50:24.056798204-03:00 level=error msg="Failed to get renderer plugin sources" error="failed to open plugins path"
logger=grafanaStorageLogger t=2026-10-06T19:50:24.057068072-03:00 level=info msg="Storage starting"
logger=plugin.backgroundinstaller t=2026-10-06T19:50:24.057986878-03:00 level=info msg="Installing plugin" pluginId=grafana-pyroscope-app version=
logger=ngalert.state.manager t=2026-10-06T19:50:24.056123535-03:00 level=info msg="Warming state cache for startup"
logger=http.server t=2026-10-06T19:50:24.076682218-03:00 level=info msg="HTTP Server Listen" address=127.0.0.1:3000 protocol=http subUrl= socket=
logger=ngalert.state.manager t=2026-10-06T19:50:24.261544361-03:00 level=info msg="State cache has been initialized" states=0 duration=205.413871ms
logger=ngalert.scheduler t=2026-10-06T19:50:24.261671381-03:00 level=info msg="Starting scheduler" tickInterval=10s maxAttempts=3
logger=ticker t=2026-10-06T19:50:24.262643229-03:00 level=info msg=starting first_tick=2026-10-06T19:50:30-03:00
logger=provisioning.dashboard t=2026-10-06T19:50:24.322504854-03:00 level=info msg="starting to provision dashboards"
logger=folder-service t=2026-10-06T19:50:24.378543422-03:00 level=warn msg="User does not belong to a user or service account namespace, using 0 as user ID" id=:0
logger=folder-service t=2026-10-06T19:50:24.379292637-03:00 level=warn msg="User does not belong to a user or service account namespace, using 0 as user ID" id=:0
logger=dashboard-service t=2026-10-06T19:50:24.453733723-03:00 level=warn msg="Changing refresh interval for provisioned dashboard to minimum refresh interval" dashboardUid=b1-architecture dashboardTitle="B1 — Evidências dos ASRs" minRefreshInterval=5s
logger=provisioning.dashboard t=2026-10-06T19:50:24.502462049-03:00 level=info msg="finished to provision dashboards"
logger=grafana-apiserver t=2026-10-06T19:50:24.584028435-03:00 level=info msg="Adding GroupVersion userstorage.grafana.app v0alpha1 to ResourceManager"
logger=grafana-apiserver t=2026-10-06T19:50:24.58552199-03:00 level=info msg="Adding GroupVersion playlist.grafana.app v0alpha1 to ResourceManager"
logger=resource-server t=2026-10-06T19:50:24.585895222-03:00 level=warn msg="failed to register storage metrics" error="duplicate metrics collector registration attempted"
logger=resource-server t=2026-10-06T19:50:24.587785393-03:00 level=warn msg="failed to register storage metrics" error="duplicate metrics collector registration attempted"
logger=resource-server t=2026-10-06T19:50:24.58791963-03:00 level=warn msg="failed to register storage metrics" error="duplicate metrics collector registration attempted"
logger=grafana-apiserver t=2026-10-06T19:50:24.591847832-03:00 level=info msg="Adding GroupVersion dashboard.grafana.app v0alpha1 to ResourceManager"
logger=grafana-apiserver t=2026-10-06T19:50:24.592674755-03:00 level=info msg="Adding GroupVersion dashboard.grafana.app v1alpha1 to ResourceManager"
logger=grafana-apiserver t=2026-10-06T19:50:24.593607195-03:00 level=info msg="Adding GroupVersion dashboard.grafana.app v2alpha1 to ResourceManager"
logger=grafana-apiserver t=2026-10-06T19:50:24.594753051-03:00 level=info msg="Adding GroupVersion featuretoggle.grafana.app v0alpha1 to ResourceManager"
logger=grafana-apiserver t=2026-10-06T19:50:24.597618422-03:00 level=info msg="Adding GroupVersion iam.grafana.app v0alpha1 to ResourceManager"
logger=grafana-apiserver t=2026-10-06T19:50:24.604382891-03:00 level=info msg="Adding GroupVersion notifications.alerting.grafana.app v0alpha1 to ResourceManager"
logger=app-registry t=2026-10-06T19:50:24.679425965-03:00 level=info msg="app registry initialized"
logger=plugins.update.checker t=2026-10-06T19:50:25.332446835-03:00 level=info msg="Update check succeeded" duration=1.275855259s
logger=plugin.angulardetectorsprovider.dynamic t=2026-10-06T19:50:25.452911842-03:00 level=info msg="Patterns update finished" duration=1.170940254s
logger=plugin.installer t=2026-10-06T19:50:26.33732636-03:00 level=info msg="Installing plugin" pluginId=grafana-pyroscope-app version=
logger=installer.fs t=2026-10-06T19:50:26.470553786-03:00 level=info msg="Downloaded and extracted grafana-pyroscope-app v1.17.0 zip successfully to /home/engler/devops/gamificacao-educacao-continuada/.runtime/run-20261006T224940Z/grafana-plugins/grafana-pyroscope-app"
logger=plugins.registration t=2026-10-06T19:50:26.499916876-03:00 level=info msg="Plugin registered" pluginId=grafana-pyroscope-app
logger=plugin.backgroundinstaller t=2026-10-06T19:50:26.50003219-03:00 level=info msg="Plugin successfully installed" pluginId=grafana-pyroscope-app version= duration=2.441991116s
logger=plugin.backgroundinstaller t=2026-10-06T19:50:26.500065949-03:00 level=info msg="Installing plugin" pluginId=grafana-lokiexplore-app version=
logger=plugin.installer t=2026-10-06T19:50:27.437820708-03:00 level=info msg="Installing plugin" pluginId=grafana-lokiexplore-app version=
logger=installer.fs t=2026-10-06T19:50:27.572101609-03:00 level=info msg="Downloaded and extracted grafana-lokiexplore-app v1.0.10 zip successfully to /home/engler/devops/gamificacao-educacao-continuada/.runtime/run-20261006T224940Z/grafana-plugins/grafana-lokiexplore-app"
logger=plugins.registration t=2026-10-06T19:50:27.599338483-03:00 level=info msg="Plugin registered" pluginId=grafana-lokiexplore-app
logger=plugin.backgroundinstaller t=2026-10-06T19:50:27.599406763-03:00 level=info msg="Plugin successfully installed" pluginId=grafana-lokiexplore-app version= duration=1.099329592s
logger=infra.usagestats t=2026-10-06T19:52:01.078170803-03:00 level=info msg="Usage stats are ready to report"
logger=cleanup t=2026-10-06T20:00:24.148215512-03:00 level=info msg="Completed cleanup jobs" duration=89.242879ms
logger=plugins.update.checker t=2026-10-06T20:00:25.727652589-03:00 level=info msg="Update check succeeded" duration=387.505278ms
logger=context userId=1 orgId=1 uname=admin t=2026-10-06T20:04:01.560594483-03:00 level=info msg="Request Completed" method=GET path=/api/live/ws status=-1 remote_addr=127.0.0.1 time_ms=30 duration=30.378247ms size=0 referer= handler=/api/live/ws status_source=server
logger=context userId=1 orgId=1 uname=admin t=2026-10-06T20:04:01.953043816-03:00 level=info msg="Request Completed" method=GET path=/api/live/ws status=-1 remote_addr=127.0.0.1 time_ms=5 duration=5.464703ms size=0 referer= handler=/api/live/ws status_source=server
logger=live t=2026-10-06T20:04:02.678665544-03:00 level=info msg="Initialized channel handler" channel=grafana/dashboard/uid/b1-architecture address=grafana/dashboard/uid/b1-architecture
logger=context userId=1 orgId=1 uname=admin t=2026-10-06T20:05:08.611168629-03:00 level=info msg="Request Completed" method=GET path=/api/live/ws status=-1 remote_addr=127.0.0.1 time_ms=18 duration=18.313276ms size=0 referer= handler=/api/live/ws status_source=server
logger=context userId=1 orgId=1 uname=admin t=2026-10-06T20:05:09.153894368-03:00 level=info msg="Request Completed" method=GET path=/api/live/ws status=-1 remote_addr=127.0.0.1 time_ms=13 duration=13.045914ms size=0 referer= handler=/api/live/ws status_source=server
logger=context userId=0 orgId=0 uname= t=2026-10-06T20:48:05.709360929-03:00 level=info msg="Request Completed" method=GET path=/api/annotations status=401 remote_addr=127.0.0.1 time_ms=297 duration=297.020855ms size=105 referer="http://127.0.0.1:3000/d/b1-architecture/b1-e28094-evidencias-dos-asrs?from=now-30m&orgId=1&refresh=5s&timezone=browser&to=now" handler=/api/annotations status_source=server errorReason=Unauthorized errorMessageID=session.token.rotate error="token needs to be rotated"
logger=context userId=0 orgId=0 uname= t=2026-10-06T20:48:05.736708589-03:00 level=info msg="Request Completed" method=POST path=/api/ds/query status=401 remote_addr=127.0.0.1 time_ms=336 duration=336.947156ms size=105 referer="http://127.0.0.1:3000/d/b1-architecture/b1-e28094-evidencias-dos-asrs?from=now-30m&orgId=1&refresh=5s&timezone=browser&to=now" handler=/api/ds/query status_source=server errorReason=Unauthorized errorMessageID=session.token.rotate error="token needs to be rotated"
logger=context userId=0 orgId=0 uname= t=2026-10-06T20:48:05.709360911-03:00 level=info msg="Request Completed" method=POST path=/api/ds/query status=401 remote_addr=127.0.0.1 time_ms=306 duration=306.514599ms size=105 referer="http://127.0.0.1:3000/d/b1-architecture/b1-e28094-evidencias-dos-asrs?from=now-30m&orgId=1&refresh=5s&timezone=browser&to=now" handler=/api/ds/query status_source=server errorReason=Unauthorized errorMessageID=session.token.rotate error="token needs to be rotated"
logger=context userId=0 orgId=0 uname= t=2026-10-06T20:48:05.735074955-03:00 level=info msg="Request Completed" method=POST path=/api/ds/query status=401 remote_addr=127.0.0.1 time_ms=337 duration=337.110069ms size=105 referer="http://127.0.0.1:3000/d/b1-architecture/b1-e28094-evidencias-dos-asrs?from=now-30m&orgId=1&refresh=5s&timezone=browser&to=now" handler=/api/ds/query status_source=server errorReason=Unauthorized errorMessageID=session.token.rotate error="token needs to be rotated"
logger=context userId=0 orgId=0 uname= t=2026-10-06T20:48:05.738643332-03:00 level=info msg="Request Completed" method=POST path=/api/ds/query status=401 remote_addr=127.0.0.1 time_ms=336 duration=336.815615ms size=105 referer="http://127.0.0.1:3000/d/b1-architecture/b1-e28094-evidencias-dos-asrs?from=now-30m&orgId=1&refresh=5s&timezone=browser&to=now" handler=/api/ds/query status_source=server errorReason=Unauthorized errorMessageID=session.token.rotate error="token needs to be rotated"
logger=context userId=0 orgId=0 uname= t=2026-10-06T20:48:05.748492897-03:00 level=info msg="Request Completed" method=POST path=/api/ds/query status=401 remote_addr=127.0.0.1 time_ms=348 duration=348.717526ms size=105 referer="http://127.0.0.1:3000/d/b1-architecture/b1-e28094-evidencias-dos-asrs?from=now-30m&orgId=1&refresh=5s&timezone=browser&to=now" handler=/api/ds/query status_source=server errorReason=Unauthorized errorMessageID=session.token.rotate error="token needs to be rotated"
logger=context userId=0 orgId=0 uname= t=2026-10-06T20:48:08.780673183-03:00 level=info msg="Request Completed" method=GET path=/api/live/ws status=401 remote_addr=127.0.0.1 time_ms=141 duration=141.526738ms size=105 referer= handler=/api/live/ws status_source=server errorReason=Unauthorized errorMessageID=session.token.rotate error="token needs to be rotated"
logger=context userId=0 orgId=0 uname= t=2026-10-06T20:48:08.959421347-03:00 level=info msg="Request Completed" method=POST path=/api/ds/query status=401 remote_addr=127.0.0.1 time_ms=3 duration=3.870396ms size=105 referer="http://127.0.0.1:3000/d/b1-architecture/b1-e28094-evidencias-dos-asrs?from=now-30m&orgId=1&refresh=5s&timezone=browser&to=now" handler=/api/ds/query status_source=server errorReason=Unauthorized errorMessageID=session.token.rotate error="token needs to be rotated"
logger=context userId=0 orgId=0 uname= t=2026-10-06T20:48:08.960776048-03:00 level=info msg="Request Completed" method=POST path=/api/ds/query status=401 remote_addr=127.0.0.1 time_ms=1 duration=1.542297ms size=105 referer="http://127.0.0.1:3000/d/b1-architecture/b1-e28094-evidencias-dos-asrs?from=now-30m&orgId=1&refresh=5s&timezone=browser&to=now" handler=/api/ds/query status_source=server errorReason=Unauthorized errorMessageID=session.token.rotate error="token needs to be rotated"
logger=context userId=0 orgId=0 uname= t=2026-10-06T20:48:08.960314084-03:00 level=info msg="Request Completed" method=POST path=/api/ds/query status=401 remote_addr=127.0.0.1 time_ms=1 duration=1.706305ms size=105 referer="http://127.0.0.1:3000/d/b1-architecture/b1-e28094-evidencias-dos-asrs?from=now-30m&orgId=1&refresh=5s&timezone=browser&to=now" handler=/api/ds/query status_source=server errorReason=Unauthorized errorMessageID=session.token.rotate error="token needs to be rotated"
logger=context userId=0 orgId=0 uname= t=2026-10-06T20:48:08.973070986-03:00 level=info msg="Request Completed" method=POST path=/api/ds/query status=401 remote_addr=127.0.0.1 time_ms=0 duration=903.555µs size=105 referer="http://127.0.0.1:3000/d/b1-architecture/b1-e28094-evidencias-dos-asrs?from=now-30m&orgId=1&refresh=5s&timezone=browser&to=now" handler=/api/ds/query status_source=server errorReason=Unauthorized errorMessageID=session.token.rotate error="token needs to be rotated"
logger=context userId=0 orgId=0 uname= t=2026-10-06T20:48:08.980367914-03:00 level=info msg="Request Completed" method=POST path=/api/ds/query status=401 remote_addr=127.0.0.1 time_ms=1 duration=1.165465ms size=105 referer="http://127.0.0.1:3000/d/b1-architecture/b1-e28094-evidencias-dos-asrs?from=now-30m&orgId=1&refresh=5s&timezone=browser&to=now" handler=/api/ds/query status_source=server errorReason=Unauthorized errorMessageID=session.token.rotate error="token needs to be rotated"
logger=context userId=0 orgId=0 uname= t=2026-10-06T20:48:08.979757719-03:00 level=info msg="Request Completed" method=POST path=/api/ds/query status=401 remote_addr=127.0.0.1 time_ms=5 duration=5.917329ms size=105 referer="http://127.0.0.1:3000/d/b1-architecture/b1-e28094-evidencias-dos-asrs?from=now-30m&orgId=1&refresh=5s&timezone=browser&to=now" handler=/api/ds/query status_source=server errorReason=Unauthorized errorMessageID=session.token.rotate error="token needs to be rotated"
logger=context userId=0 orgId=0 uname= t=2026-10-06T20:48:08.981079623-03:00 level=info msg="Request Completed" method=POST path=/api/ds/query status=401 remote_addr=127.0.0.1 time_ms=2 duration=2.944096ms size=105 referer="http://127.0.0.1:3000/d/b1-architecture/b1-e28094-evidencias-dos-asrs?from=now-30m&orgId=1&refresh=5s&timezone=browser&to=now" handler=/api/ds/query status_source=server errorReason=Unauthorized errorMessageID=session.token.rotate error="token needs to be rotated"
logger=context userId=0 orgId=0 uname= t=2026-10-06T20:48:08.997033251-03:00 level=info msg="Request Completed" method=GET path=/api/annotations status=401 remote_addr=127.0.0.1 time_ms=1 duration=1.052532ms size=105 referer="http://127.0.0.1:3000/d/b1-architecture/b1-e28094-evidencias-dos-asrs?from=now-30m&orgId=1&refresh=5s&timezone=browser&to=now" handler=/api/annotations status_source=server errorReason=Unauthorized errorMessageID=session.token.rotate error="token needs to be rotated"
logger=context userId=0 orgId=0 uname= t=2026-10-06T20:48:09.437716028-03:00 level=info msg="Request Completed" method=GET path=/api/live/ws status=401 remote_addr=127.0.0.1 time_ms=38 duration=38.218951ms size=105 referer= handler=/api/live/ws status_source=server errorReason=Unauthorized errorMessageID=session.token.rotate error="token needs to be rotated"
logger=datasources t=2026-10-06T20:48:12.575879311-03:00 level=error msg="Failed getting data source" err="context canceled" uid=b1-prometheus id=0 name= orgId=1
logger=datasources t=2026-10-06T20:48:12.576825863-03:00 level=error msg="Failed getting data source" err="context canceled" uid=b1-prometheus id=0 name= orgId=1
logger=datasources t=2026-10-06T20:48:12.577002358-03:00 level=error msg="Failed getting data source" err="context canceled" uid=b1-prometheus id=0 name= orgId=1
logger=datasources t=2026-10-06T20:48:12.576804554-03:00 level=error msg="Failed getting data source" err="context canceled" uid=b1-prometheus id=0 name= orgId=1
logger=datasources t=2026-10-06T20:48:12.578218803-03:00 level=error msg="Failed getting data source" err="context canceled" uid=b1-prometheus id=0 name= orgId=1
logger=datasources t=2026-10-06T20:48:12.578917989-03:00 level=error msg="Failed getting data source" err="context canceled" uid=b1-prometheus id=0 name= orgId=1
logger=datasources t=2026-10-06T20:48:12.57762216-03:00 level=error msg="Failed getting data source" err="context canceled" uid=b1-prometheus id=0 name= orgId=1
logger=context userId=1 orgId=1 uname=admin t=2026-10-06T20:48:12.580201584-03:00 level=info msg="Request Completed" method=POST path=/api/ds/query status=499 remote_addr=127.0.0.1 time_ms=2425 duration=2.42539367s size=81 referer="http://127.0.0.1:3000/d/b1-architecture/b1-e28094-evidencias-dos-asrs?from=now-30m&orgId=1&refresh=5s&timezone=browser&to=now" handler=/api/ds/query status_source=server errorReason="Client closed request" errorMessageID=api.requestCanceled error="response: request canceled: context canceled"
logger=context userId=1 orgId=1 uname=admin t=2026-10-06T20:48:12.579872627-03:00 level=info msg="Request Completed" method=POST path=/api/ds/query status=499 remote_addr=127.0.0.1 time_ms=2197 duration=2.197157397s size=81 referer="http://127.0.0.1:3000/d/b1-architecture/b1-e28094-evidencias-dos-asrs?from=now-30m&orgId=1&refresh=5s&timezone=browser&to=now" handler=/api/ds/query status_source=server errorReason="Client closed request" errorMessageID=api.requestCanceled error="response: request canceled: context canceled"
logger=context userId=1 orgId=1 uname=admin t=2026-10-06T20:48:12.580869915-03:00 level=info msg="Request Completed" method=POST path=/api/ds/query status=499 remote_addr=127.0.0.1 time_ms=2428 duration=2.42837359s size=81 referer="http://127.0.0.1:3000/d/b1-architecture/b1-e28094-evidencias-dos-asrs?from=now-30m&orgId=1&refresh=5s&timezone=browser&to=now" handler=/api/ds/query status_source=server errorReason="Client closed request" errorMessageID=api.requestCanceled error="response: request canceled: context canceled"
logger=context userId=1 orgId=1 uname=admin t=2026-10-06T20:48:12.58005355-03:00 level=info msg="Request Completed" method=POST path=/api/ds/query status=499 remote_addr=127.0.0.1 time_ms=2425 duration=2.425070607s size=81 referer="http://127.0.0.1:3000/d/b1-architecture/b1-e28094-evidencias-dos-asrs?from=now-30m&orgId=1&refresh=5s&timezone=browser&to=now" handler=/api/ds/query status_source=server errorReason="Client closed request" errorMessageID=api.requestCanceled error="response: request canceled: context canceled"
logger=context userId=1 orgId=1 uname=admin t=2026-10-06T20:48:12.581882605-03:00 level=info msg="Request Completed" method=POST path=/api/ds/query status=499 remote_addr=127.0.0.1 time_ms=2440 duration=2.440877218s size=81 referer="http://127.0.0.1:3000/d/b1-architecture/b1-e28094-evidencias-dos-asrs?from=now-30m&orgId=1&refresh=5s&timezone=browser&to=now" handler=/api/ds/query status_source=server errorReason="Client closed request" errorMessageID=api.requestCanceled error="response: request canceled: context canceled"
logger=context userId=1 orgId=1 uname=admin t=2026-10-06T20:48:12.58501745-03:00 level=info msg="Request Completed" method=POST path=/api/ds/query status=499 remote_addr=127.0.0.1 time_ms=2199 duration=2.199971767s size=81 referer="http://127.0.0.1:3000/d/b1-architecture/b1-e28094-evidencias-dos-asrs?from=now-30m&orgId=1&refresh=5s&timezone=browser&to=now" handler=/api/ds/query status_source=server errorReason="Client closed request" errorMessageID=api.requestCanceled error="response: request canceled: context canceled"
logger=context userId=1 orgId=1 uname=admin t=2026-10-06T20:48:12.582554402-03:00 level=info msg="Request Completed" method=POST path=/api/ds/query status=499 remote_addr=127.0.0.1 time_ms=2328 duration=2.328453302s size=81 referer="http://127.0.0.1:3000/d/b1-architecture/b1-e28094-evidencias-dos-asrs?from=now-30m&orgId=1&refresh=5s&timezone=browser&to=now" handler=/api/ds/query status_source=server errorReason="Client closed request" errorMessageID=api.requestCanceled error="response: request canceled: context canceled"
logger=cleanup t=2026-10-06T20:52:31.167793895-03:00 level=info msg="Completed cleanup jobs" duration=80.048716ms
logger=plugins.update.checker t=2026-10-06T20:52:32.618968063-03:00 level=info msg="Update check succeeded" duration=250.695939ms
logger=context userId=0 orgId=0 uname= t=2026-10-06T20:53:42.888405815-03:00 level=info msg="Request Completed" method=GET path=/api/live/ws status=401 remote_addr=127.0.0.1 time_ms=0 duration=367.476µs size=102 referer= handler=/api/live/ws status_source=server errorReason=Unauthorized errorMessageID=auth.unauthorized error="cannot authenticate request"
logger=context userId=0 orgId=0 uname= t=2026-10-06T20:53:44.130315855-03:00 level=info msg="Request Completed" method=GET path=/api/live/ws status=401 remote_addr=127.0.0.1 time_ms=0 duration=357.831µs size=102 referer= handler=/api/live/ws status_source=server errorReason=Unauthorized errorMessageID=auth.unauthorized error="cannot authenticate request"
logger=context userId=0 orgId=0 uname= t=2026-10-06T20:53:45.583777148-03:00 level=info msg="Request Completed" method=GET path=/api/live/ws status=401 remote_addr=127.0.0.1 time_ms=0 duration=155.422µs size=102 referer= handler=/api/live/ws status_source=server errorReason=Unauthorized errorMessageID=auth.unauthorized error="cannot authenticate request"
logger=context userId=0 orgId=0 uname= t=2026-10-06T20:53:46.906733883-03:00 level=info msg="Request Completed" method=GET path=/api/live/ws status=401 remote_addr=127.0.0.1 time_ms=0 duration=641.131µs size=102 referer= handler=/api/live/ws status_source=server errorReason=Unauthorized errorMessageID=auth.unauthorized error="cannot authenticate request"
logger=context userId=0 orgId=0 uname= t=2026-10-06T20:54:35.077754327-03:00 level=info msg="Request Completed" method=GET path=/api/live/ws status=401 remote_addr=127.0.0.1 time_ms=0 duration=156.407µs size=102 referer= handler=/api/live/ws status_source=server errorReason=Unauthorized errorMessageID=auth.unauthorized error="cannot authenticate request"
logger=context userId=0 orgId=0 uname= t=2026-10-06T20:54:35.914042965-03:00 level=info msg="Request Completed" method=GET path=/api/live/ws status=401 remote_addr=127.0.0.1 time_ms=0 duration=124.937µs size=102 referer= handler=/api/live/ws status_source=server errorReason=Unauthorized errorMessageID=auth.unauthorized error="cannot authenticate request"
logger=context userId=0 orgId=0 uname= t=2026-10-06T20:54:37.451593407-03:00 level=info msg="Request Completed" method=GET path=/api/live/ws status=401 remote_addr=127.0.0.1 time_ms=0 duration=146.246µs size=102 referer= handler=/api/live/ws status_source=server errorReason=Unauthorized errorMessageID=auth.unauthorized error="cannot authenticate request"
logger=server t=2026-10-06T20:58:45.928798475-03:00 level=info msg="Shutdown started" reason="System signal: terminated"
logger=tracing t=2026-10-06T20:58:45.929838281-03:00 level=info msg="Closing tracing"
logger=ticker t=2026-10-06T20:58:45.932446289-03:00 level=info msg=stopped last_tick=2026-10-06T20:58:40-03:00
logger=settings t=2026-10-06T21:02:25.051209134-03:00 level=info msg="Starting Grafana" version=11.5.2 commit=598e0338d5374d6bc404b02a58094132c5eeceb8 branch=HEAD compiled=2026-10-06T21:02:24-03:00
logger=settings t=2026-10-06T21:02:25.0840292-03:00 level=info msg="Config loaded from" file=/tmp/b1-tools/grafana-v11.5.2/conf/defaults.ini
logger=settings t=2026-10-06T21:02:25.0841453-03:00 level=info msg="Config loaded from" file=/home/engler/devops/gamificacao-educacao-continuada/.runtime/run-20261007T000210Z/grafana.ini
logger=settings t=2026-10-06T21:02:25.084154269-03:00 level=info msg="Config overridden from Environment variable" var="GF_PATHS_DATA=/home/engler/devops/gamificacao-educacao-continuada/.runtime/run-20261007T000210Z/grafana"
logger=settings t=2026-10-06T21:02:25.084172205-03:00 level=info msg="Config overridden from Environment variable" var="GF_PATHS_LOGS=/home/engler/devops/gamificacao-educacao-continuada/.runtime/run-20261007T000210Z/grafana-logs"
logger=settings t=2026-10-06T21:02:25.084177313-03:00 level=info msg="Config overridden from Environment variable" var="GF_PATHS_PLUGINS=/home/engler/devops/gamificacao-educacao-continuada/.runtime/run-20261007T000210Z/grafana-plugins"
logger=settings t=2026-10-06T21:02:25.084182194-03:00 level=info msg="Config overridden from Environment variable" var="GF_PATHS_PROVISIONING=/home/engler/devops/gamificacao-educacao-continuada/ops/grafana/provisioning"
logger=settings t=2026-10-06T21:02:25.084187267-03:00 level=info msg="Config overridden from Environment variable" var="GF_SERVER_HTTP_ADDR=127.0.0.1"
logger=settings t=2026-10-06T21:02:25.084192449-03:00 level=info msg="Config overridden from Environment variable" var="GF_SECURITY_ADMIN_USER=admin"
logger=settings t=2026-10-06T21:02:25.084197392-03:00 level=info msg="Config overridden from Environment variable" var="GF_SECURITY_ADMIN_PASSWORD=*********"
logger=settings t=2026-10-06T21:02:25.084204095-03:00 level=info msg=Target target=[all]
logger=settings t=2026-10-06T21:02:25.084217974-03:00 level=info msg="Path Home" path=/tmp/b1-tools/grafana-v11.5.2
logger=settings t=2026-10-06T21:02:25.084222625-03:00 level=info msg="Path Data" path=/home/engler/devops/gamificacao-educacao-continuada/.runtime/run-20261007T000210Z/grafana
logger=settings t=2026-10-06T21:02:25.084228716-03:00 level=info msg="Path Logs" path=/home/engler/devops/gamificacao-educacao-continuada/.runtime/run-20261007T000210Z/grafana-logs
logger=settings t=2026-10-06T21:02:25.084233518-03:00 level=info msg="Path Plugins" path=/home/engler/devops/gamificacao-educacao-continuada/.runtime/run-20261007T000210Z/grafana-plugins
logger=settings t=2026-10-06T21:02:25.084238467-03:00 level=info msg="Path Provisioning" path=/home/engler/devops/gamificacao-educacao-continuada/ops/grafana/provisioning
logger=settings t=2026-10-06T21:02:25.084243503-03:00 level=info msg="App mode production"
logger=featuremgmt t=2026-10-06T21:02:25.126468412-03:00 level=info msg=FeatureToggles prometheusAzureOverrideAudience=true dashboardSceneSolo=true alertingSimplifiedRouting=true lokiQueryHints=true unifiedRequestLog=true kubernetesPlaylists=true newDashboardSharingComponent=true cloudWatchRoundUpEndTime=true ssoSettingsApi=true logRowsPopoverMenu=true angularDeprecationUI=true reportingUseRawTimeRange=true annotationPermissionUpdate=true panelMonitoring=true pinNavItems=true promQLScope=true transformationsRedesign=true alertingUIOptimizeReducer=true cloudWatchCrossAccountQuerying=true onPremToCloudMigrations=true lokiQuerySplitting=true zipkinBackendMigration=true groupToNestedTableTransformation=true dashgpt=true awsAsyncQueryCaching=true accessControlOnCall=true logsInfiniteScrolling=true azureMonitorEnableUserAuth=true lokiLabelNamesQueryApi=true recoveryThreshold=true formatString=true publicDashboardsScene=true userStorageAPI=true lokiStructuredMetadata=true influxdbBackendMigration=true preinstallAutoUpdate=true nestedFolders=true dashboardScene=true tlsMemcached=true newFiltersUI=true alertingInsights=true exploreMetrics=true dashboardSceneForViewers=true alertingNoDataErrorExecution=true transformationsVariableSupport=true logsContextDatasourceUi=true managedPluginsInstall=true cloudWatchNewLabelParsing=true openSearchBackendFlowEnabled=true useSessionStorageForRedirection=true accessActionSets=true alertingApiServer=true logsExploreTableVisualisation=true recordedQueriesMulti=true dataplaneFrontendFallback=true correlations=true addFieldFromCalculationStatFunctions=true newPDFRendering=true
logger=sqlstore t=2026-10-06T21:02:25.134907509-03:00 level=info msg="Connecting to DB" dbtype=sqlite3
logger=sqlstore t=2026-10-06T21:02:25.172641484-03:00 level=info msg="Creating SQLite database file" path=/home/engler/devops/gamificacao-educacao-continuada/.runtime/run-20261007T000210Z/grafana/grafana.db
logger=migrator t=2026-10-06T21:02:25.289920756-03:00 level=info msg="Locking database"
logger=migrator t=2026-10-06T21:02:25.290010555-03:00 level=info msg="Starting DB migrations"
logger=migrator t=2026-10-06T21:02:25.30645045-03:00 level=info msg="Executing migration" id="create migration_log table"
logger=migrator t=2026-10-06T21:02:25.334895203-03:00 level=info msg="Migration successfully executed" id="create migration_log table" duration=28.441244ms
logger=migrator t=2026-10-06T21:02:25.366652697-03:00 level=info msg="Executing migration" id="create user table"
logger=migrator t=2026-10-06T21:02:25.367800989-03:00 level=info msg="Migration successfully executed" id="create user table" duration=1.151181ms
logger=migrator t=2026-10-06T21:02:25.386276827-03:00 level=info msg="Executing migration" id="add unique index user.login"
logger=migrator t=2026-10-06T21:02:25.392582651-03:00 level=info msg="Migration successfully executed" id="add unique index user.login" duration=6.305235ms
logger=migrator t=2026-10-06T21:02:25.408210681-03:00 level=info msg="Executing migration" id="add unique index user.email"
logger=migrator t=2026-10-06T21:02:25.410301187-03:00 level=info msg="Migration successfully executed" id="add unique index user.email" duration=2.082216ms
logger=migrator t=2026-10-06T21:02:25.431356982-03:00 level=info msg="Executing migration" id="drop index UQE_user_login - v1"
logger=migrator t=2026-10-06T21:02:25.435465904-03:00 level=info msg="Migration successfully executed" id="drop index UQE_user_login - v1" duration=4.107379ms
logger=migrator t=2026-10-06T21:02:25.451616479-03:00 level=info msg="Executing migration" id="drop index UQE_user_email - v1"
logger=migrator t=2026-10-06T21:02:25.452552924-03:00 level=info msg="Migration successfully executed" id="drop index UQE_user_email - v1" duration=936.073µs
logger=migrator t=2026-10-06T21:02:25.470836388-03:00 level=info msg="Executing migration" id="Rename table user to user_v1 - v1"
logger=migrator t=2026-10-06T21:02:25.489852386-03:00 level=info msg="Migration successfully executed" id="Rename table user to user_v1 - v1" duration=19.013392ms
logger=migrator t=2026-10-06T21:02:25.504538722-03:00 level=info msg="Executing migration" id="create user table v2"
logger=migrator t=2026-10-06T21:02:25.505294869-03:00 level=info msg="Migration successfully executed" id="create user table v2" duration=755.313µs
logger=migrator t=2026-10-06T21:02:25.525337331-03:00 level=info msg="Executing migration" id="create index UQE_user_login - v2"
logger=migrator t=2026-10-06T21:02:25.526508817-03:00 level=info msg="Migration successfully executed" id="create index UQE_user_login - v2" duration=1.171762ms
logger=migrator t=2026-10-06T21:02:25.546559664-03:00 level=info msg="Executing migration" id="create index UQE_user_email - v2"
logger=migrator t=2026-10-06T21:02:25.547687088-03:00 level=info msg="Migration successfully executed" id="create index UQE_user_email - v2" duration=1.129036ms
logger=migrator t=2026-10-06T21:02:25.563240654-03:00 level=info msg="Executing migration" id="copy data_source v1 to v2"
logger=migrator t=2026-10-06T21:02:25.564250471-03:00 level=info msg="Migration successfully executed" id="copy data_source v1 to v2" duration=1.008741ms
logger=migrator t=2026-10-06T21:02:25.583508902-03:00 level=info msg="Executing migration" id="Drop old table user_v1"
logger=migrator t=2026-10-06T21:02:25.584899477-03:00 level=info msg="Migration successfully executed" id="Drop old table user_v1" duration=1.388234ms
logger=migrator t=2026-10-06T21:02:25.610956321-03:00 level=info msg="Executing migration" id="Add column help_flags1 to user table"
logger=migrator t=2026-10-06T21:02:25.614851209-03:00 level=info msg="Migration successfully executed" id="Add column help_flags1 to user table" duration=3.892253ms
logger=migrator t=2026-10-06T21:02:25.629650379-03:00 level=info msg="Executing migration" id="Update user table charset"
logger=migrator t=2026-10-06T21:02:25.629775259-03:00 level=info msg="Migration successfully executed" id="Update user table charset" duration=128.812µs
logger=migrator t=2026-10-06T21:02:25.6474715-03:00 level=info msg="Executing migration" id="Add last_seen_at column to user"
logger=migrator t=2026-10-06T21:02:25.648771753-03:00 level=info msg="Migration successfully executed" id="Add last_seen_at column to user" duration=1.300826ms
logger=migrator t=2026-10-06T21:02:25.66403462-03:00 level=info msg="Executing migration" id="Add missing user data"
logger=migrator t=2026-10-06T21:02:25.66565457-03:00 level=info msg="Migration successfully executed" id="Add missing user data" duration=1.620524ms
logger=migrator t=2026-10-06T21:02:25.682092481-03:00 level=info msg="Executing migration" id="Add is_disabled column to user"
logger=migrator t=2026-10-06T21:02:25.683015952-03:00 level=info msg="Migration successfully executed" id="Add is_disabled column to user" duration=920.439µs
logger=migrator t=2026-10-06T21:02:25.698017006-03:00 level=info msg="Executing migration" id="Add index user.login/user.email"
logger=migrator t=2026-10-06T21:02:25.698795486-03:00 level=info msg="Migration successfully executed" id="Add index user.login/user.email" duration=778.748µs
logger=migrator t=2026-10-06T21:02:25.714051756-03:00 level=info msg="Executing migration" id="Add is_service_account column to user"
logger=migrator t=2026-10-06T21:02:25.715006898-03:00 level=info msg="Migration successfully executed" id="Add is_service_account column to user" duration=954.959µs
logger=migrator t=2026-10-06T21:02:25.7350993-03:00 level=info msg="Executing migration" id="Update is_service_account column to nullable"
logger=migrator t=2026-10-06T21:02:25.742401739-03:00 level=info msg="Migration successfully executed" id="Update is_service_account column to nullable" duration=7.304874ms
logger=migrator t=2026-10-06T21:02:25.757945303-03:00 level=info msg="Executing migration" id="Add uid column to user"
logger=migrator t=2026-10-06T21:02:25.759097343-03:00 level=info msg="Migration successfully executed" id="Add uid column to user" duration=1.15347ms
logger=migrator t=2026-10-06T21:02:25.781197867-03:00 level=info msg="Executing migration" id="Update uid column values for users"
logger=migrator t=2026-10-06T21:02:25.782224697-03:00 level=info msg="Migration successfully executed" id="Update uid column values for users" duration=1.054668ms
logger=migrator t=2026-10-06T21:02:25.796105746-03:00 level=info msg="Executing migration" id="Add unique index user_uid"
logger=migrator t=2026-10-06T21:02:25.796908512-03:00 level=info msg="Migration successfully executed" id="Add unique index user_uid" duration=804.962µs
logger=migrator t=2026-10-06T21:02:25.8159865-03:00 level=info msg="Executing migration" id="update login field with orgid to allow for multiple service accounts with same name across orgs"
logger=migrator t=2026-10-06T21:02:25.81719786-03:00 level=info msg="Migration successfully executed" id="update login field with orgid to allow for multiple service accounts with same name across orgs" duration=1.211359ms
logger=migrator t=2026-10-06T21:02:25.833819018-03:00 level=info msg="Executing migration" id="update service accounts login field orgid to appear only once"
logger=migrator t=2026-10-06T21:02:25.836524116-03:00 level=info msg="Migration successfully executed" id="update service accounts login field orgid to appear only once" duration=2.704659ms
logger=migrator t=2026-10-06T21:02:25.856009371-03:00 level=info msg="Executing migration" id="update login and email fields to lowercase"
logger=migrator t=2026-10-06T21:02:25.858463904-03:00 level=info msg="Migration successfully executed" id="update login and email fields to lowercase" duration=2.452477ms
logger=migrator t=2026-10-06T21:02:25.878970165-03:00 level=info msg="Executing migration" id="update login and email fields to lowercase2"
logger=migrator t=2026-10-06T21:02:25.87941892-03:00 level=info msg="Migration successfully executed" id="update login and email fields to lowercase2" duration=451.066µs
logger=migrator t=2026-10-06T21:02:25.897090895-03:00 level=info msg="Executing migration" id="create temp user table v1-7"
logger=migrator t=2026-10-06T21:02:25.897916042-03:00 level=info msg="Migration successfully executed" id="create temp user table v1-7" duration=825.474µs
logger=migrator t=2026-10-06T21:02:25.913778727-03:00 level=info msg="Executing migration" id="create index IDX_temp_user_email - v1-7"
logger=migrator t=2026-10-06T21:02:25.914661329-03:00 level=info msg="Migration successfully executed" id="create index IDX_temp_user_email - v1-7" duration=885.278µs
logger=migrator t=2026-10-06T21:02:25.936745982-03:00 level=info msg="Executing migration" id="create index IDX_temp_user_org_id - v1-7"
logger=migrator t=2026-10-06T21:02:25.937694685-03:00 level=info msg="Migration successfully executed" id="create index IDX_temp_user_org_id - v1-7" duration=949.479µs
logger=migrator t=2026-10-06T21:02:25.954654013-03:00 level=info msg="Executing migration" id="create index IDX_temp_user_code - v1-7"
logger=migrator t=2026-10-06T21:02:25.955534887-03:00 level=info msg="Migration successfully executed" id="create index IDX_temp_user_code - v1-7" duration=882.117µs
logger=migrator t=2026-10-06T21:02:25.973789987-03:00 level=info msg="Executing migration" id="create index IDX_temp_user_status - v1-7"
logger=migrator t=2026-10-06T21:02:25.974756523-03:00 level=info msg="Migration successfully executed" id="create index IDX_temp_user_status - v1-7" duration=970.439µs
logger=migrator t=2026-10-06T21:02:25.995165268-03:00 level=info msg="Executing migration" id="Update temp_user table charset"
logger=migrator t=2026-10-06T21:02:25.995576493-03:00 level=info msg="Migration successfully executed" id="Update temp_user table charset" duration=431.59µs
logger=migrator t=2026-10-06T21:02:26.013102026-03:00 level=info msg="Executing migration" id="drop index IDX_temp_user_email - v1"
logger=migrator t=2026-10-06T21:02:26.014119678-03:00 level=info msg="Migration successfully executed" id="drop index IDX_temp_user_email - v1" duration=1.019083ms
logger=migrator t=2026-10-06T21:02:26.030570744-03:00 level=info msg="Executing migration" id="drop index IDX_temp_user_org_id - v1"
logger=migrator t=2026-10-06T21:02:26.031387041-03:00 level=info msg="Migration successfully executed" id="drop index IDX_temp_user_org_id - v1" duration=817.379µs
logger=migrator t=2026-10-06T21:02:26.050519063-03:00 level=info msg="Executing migration" id="drop index IDX_temp_user_code - v1"
logger=migrator t=2026-10-06T21:02:26.051338484-03:00 level=info msg="Migration successfully executed" id="drop index IDX_temp_user_code - v1" duration=820.479µs
logger=migrator t=2026-10-06T21:02:26.068052457-03:00 level=info msg="Executing migration" id="drop index IDX_temp_user_status - v1"
logger=migrator t=2026-10-06T21:02:26.068792689-03:00 level=info msg="Migration successfully executed" id="drop index IDX_temp_user_status - v1" duration=739.085µs
logger=migrator t=2026-10-06T21:02:26.08325052-03:00 level=info msg="Executing migration" id="Rename table temp_user to temp_user_tmp_qwerty - v1"
logger=migrator t=2026-10-06T21:02:26.086064424-03:00 level=info msg="Migration successfully executed" id="Rename table temp_user to temp_user_tmp_qwerty - v1" duration=2.809764ms
logger=migrator t=2026-10-06T21:02:26.10753717-03:00 level=info msg="Executing migration" id="create temp_user v2"
logger=migrator t=2026-10-06T21:02:26.108529567-03:00 level=info msg="Migration successfully executed" id="create temp_user v2" duration=993.82µs
logger=migrator t=2026-10-06T21:02:26.125689879-03:00 level=info msg="Executing migration" id="create index IDX_temp_user_email - v2"
logger=migrator t=2026-10-06T21:02:26.126454417-03:00 level=info msg="Migration successfully executed" id="create index IDX_temp_user_email - v2" duration=765.452µs
logger=migrator t=2026-10-06T21:02:26.143616037-03:00 level=info msg="Executing migration" id="create index IDX_temp_user_org_id - v2"
logger=migrator t=2026-10-06T21:02:26.144339923-03:00 level=info msg="Migration successfully executed" id="create index IDX_temp_user_org_id - v2" duration=726.774µs
logger=migrator t=2026-10-06T21:02:26.183926455-03:00 level=info msg="Executing migration" id="create index IDX_temp_user_code - v2"
logger=migrator t=2026-10-06T21:02:26.184608969-03:00 level=info msg="Migration successfully executed" id="create index IDX_temp_user_code - v2" duration=682.293µs
logger=migrator t=2026-10-06T21:02:26.206473326-03:00 level=info msg="Executing migration" id="create index IDX_temp_user_status - v2"
logger=migrator t=2026-10-06T21:02:26.208654127-03:00 level=info msg="Migration successfully executed" id="create index IDX_temp_user_status - v2" duration=2.175853ms
logger=migrator t=2026-10-06T21:02:26.241223679-03:00 level=info msg="Executing migration" id="copy temp_user v1 to v2"
logger=migrator t=2026-10-06T21:02:26.241904311-03:00 level=info msg="Migration successfully executed" id="copy temp_user v1 to v2" duration=675.075µs
logger=migrator t=2026-10-06T21:02:26.273196136-03:00 level=info msg="Executing migration" id="drop temp_user_tmp_qwerty"
logger=migrator t=2026-10-06T21:02:26.273848871-03:00 level=info msg="Migration successfully executed" id="drop temp_user_tmp_qwerty" duration=652.314µs
logger=migrator t=2026-10-06T21:02:26.304368518-03:00 level=info msg="Executing migration" id="Set created for temp users that will otherwise prematurely expire"
logger=migrator t=2026-10-06T21:02:26.313729113-03:00 level=info msg="Migration successfully executed" id="Set created for temp users that will otherwise prematurely expire" duration=9.365255ms
logger=migrator t=2026-10-06T21:02:26.346660594-03:00 level=info msg="Executing migration" id="create star table"
logger=migrator t=2026-10-06T21:02:26.347400755-03:00 level=info msg="Migration successfully executed" id="create star table" duration=742.079µs
logger=migrator t=2026-10-06T21:02:26.403182128-03:00 level=info msg="Executing migration" id="add unique index star.user_id_dashboard_id"
logger=migrator t=2026-10-06T21:02:26.403947278-03:00 level=info msg="Migration successfully executed" id="add unique index star.user_id_dashboard_id" duration=766.352µs
logger=migrator t=2026-10-06T21:02:26.448711472-03:00 level=info msg="Executing migration" id="Add column dashboard_uid in star"
logger=migrator t=2026-10-06T21:02:26.449861639-03:00 level=info msg="Migration successfully executed" id="Add column dashboard_uid in star" duration=1.150384ms
logger=migrator t=2026-10-06T21:02:26.479501722-03:00 level=info msg="Executing migration" id="Add column org_id in star"
logger=migrator t=2026-10-06T21:02:26.480893005-03:00 level=info msg="Migration successfully executed" id="Add column org_id in star" duration=1.391335ms
logger=migrator t=2026-10-06T21:02:26.519656704-03:00 level=info msg="Executing migration" id="Add column updated in star"
logger=migrator t=2026-10-06T21:02:26.520957003-03:00 level=info msg="Migration successfully executed" id="Add column updated in star" duration=1.301762ms
logger=migrator t=2026-10-06T21:02:26.554667832-03:00 level=info msg="Executing migration" id="add index in star table on dashboard_uid, org_id and user_id columns"
logger=migrator t=2026-10-06T21:02:26.555580283-03:00 level=info msg="Migration successfully executed" id="add index in star table on dashboard_uid, org_id and user_id columns" duration=915.046µs
logger=migrator t=2026-10-06T21:02:26.593840817-03:00 level=info msg="Executing migration" id="create org table v1"
logger=migrator t=2026-10-06T21:02:26.594623914-03:00 level=info msg="Migration successfully executed" id="create org table v1" duration=786.136µs
logger=migrator t=2026-10-06T21:02:26.639116945-03:00 level=info msg="Executing migration" id="create index UQE_org_name - v1"
logger=migrator t=2026-10-06T21:02:26.63973154-03:00 level=info msg="Migration successfully executed" id="create index UQE_org_name - v1" duration=615.777µs
logger=migrator t=2026-10-06T21:02:26.682336166-03:00 level=info msg="Executing migration" id="create org_user table v1"
logger=migrator t=2026-10-06T21:02:26.683026711-03:00 level=info msg="Migration successfully executed" id="create org_user table v1" duration=690.156µs
logger=migrator t=2026-10-06T21:02:26.714360436-03:00 level=info msg="Executing migration" id="create index IDX_org_user_org_id - v1"
logger=migrator t=2026-10-06T21:02:26.71532089-03:00 level=info msg="Migration successfully executed" id="create index IDX_org_user_org_id - v1" duration=959.391µs
logger=migrator t=2026-10-06T21:02:26.780318387-03:00 level=info msg="Executing migration" id="create index UQE_org_user_org_id_user_id - v1"
logger=migrator t=2026-10-06T21:02:26.810839825-03:00 level=info msg="Migration successfully executed" id="create index UQE_org_user_org_id_user_id - v1" duration=30.512164ms
logger=migrator t=2026-10-06T21:02:26.843508753-03:00 level=info msg="Executing migration" id="create index IDX_org_user_user_id - v1"
logger=migrator t=2026-10-06T21:02:26.844836227-03:00 level=info msg="Migration successfully executed" id="create index IDX_org_user_user_id - v1" duration=1.328181ms
logger=migrator t=2026-10-06T21:02:26.87737571-03:00 level=info msg="Executing migration" id="Update org table charset"
logger=migrator t=2026-10-06T21:02:26.877483326-03:00 level=info msg="Migration successfully executed" id="Update org table charset" duration=112.108µs
logger=migrator t=2026-10-06T21:02:26.895104324-03:00 level=info msg="Executing migration" id="Update org_user table charset"
logger=migrator t=2026-10-06T21:02:26.895209985-03:00 level=info msg="Migration successfully executed" id="Update org_user table charset" duration=108.465µs
logger=migrator t=2026-10-06T21:02:26.913799528-03:00 level=info msg="Executing migration" id="Migrate all Read Only Viewers to Viewers"
logger=migrator t=2026-10-06T21:02:26.914108062-03:00 level=info msg="Migration successfully executed" id="Migrate all Read Only Viewers to Viewers" duration=309.627µs
logger=migrator t=2026-10-06T21:02:26.928419162-03:00 level=info msg="Executing migration" id="create dashboard table"
logger=migrator t=2026-10-06T21:02:26.932934192-03:00 level=info msg="Migration successfully executed" id="create dashboard table" duration=4.507325ms
logger=migrator t=2026-10-06T21:02:26.953293096-03:00 level=info msg="Executing migration" id="add index dashboard.account_id"
logger=migrator t=2026-10-06T21:02:26.954336291-03:00 level=info msg="Migration successfully executed" id="add index dashboard.account_id" duration=1.038589ms
logger=migrator t=2026-10-06T21:02:26.972279861-03:00 level=info msg="Executing migration" id="add unique index dashboard_account_id_slug"
logger=migrator t=2026-10-06T21:02:26.973271788-03:00 level=info msg="Migration successfully executed" id="add unique index dashboard_account_id_slug" duration=994.484µs
logger=migrator t=2026-10-06T21:02:26.995583766-03:00 level=info msg="Executing migration" id="create dashboard_tag table"
logger=migrator t=2026-10-06T21:02:26.996423212-03:00 level=info msg="Migration successfully executed" id="create dashboard_tag table" duration=841.456µs
logger=migrator t=2026-10-06T21:02:27.015808541-03:00 level=info msg="Executing migration" id="add unique index dashboard_tag.dasboard_id_term"
logger=migrator t=2026-10-06T21:02:27.016796878-03:00 level=info msg="Migration successfully executed" id="add unique index dashboard_tag.dasboard_id_term" duration=990.157µs
logger=migrator t=2026-10-06T21:02:27.074264684-03:00 level=info msg="Executing migration" id="drop index UQE_dashboard_tag_dashboard_id_term - v1"
logger=migrator t=2026-10-06T21:02:27.075524686-03:00 level=info msg="Migration successfully executed" id="drop index UQE_dashboard_tag_dashboard_id_term - v1" duration=1.260994ms
logger=migrator t=2026-10-06T21:02:27.092585217-03:00 level=info msg="Executing migration" id="Rename table dashboard to dashboard_v1 - v1"
logger=migrator t=2026-10-06T21:02:27.096642925-03:00 level=info msg="Migration successfully executed" id="Rename table dashboard to dashboard_v1 - v1" duration=4.055462ms
logger=migrator t=2026-10-06T21:02:27.116528167-03:00 level=info msg="Executing migration" id="create dashboard v2"
logger=migrator t=2026-10-06T21:02:27.117568987-03:00 level=info msg="Migration successfully executed" id="create dashboard v2" duration=1.04213ms
logger=migrator t=2026-10-06T21:02:27.141728242-03:00 level=info msg="Executing migration" id="create index IDX_dashboard_org_id - v2"
logger=migrator t=2026-10-06T21:02:27.14286268-03:00 level=info msg="Migration successfully executed" id="create index IDX_dashboard_org_id - v2" duration=1.13484ms
logger=migrator t=2026-10-06T21:02:27.159121643-03:00 level=info msg="Executing migration" id="create index UQE_dashboard_org_id_slug - v2"
logger=migrator t=2026-10-06T21:02:27.160098531-03:00 level=info msg="Migration successfully executed" id="create index UQE_dashboard_org_id_slug - v2" duration=979.865µs
logger=migrator t=2026-10-06T21:02:27.178197975-03:00 level=info msg="Executing migration" id="copy dashboard v1 to v2"
logger=migrator t=2026-10-06T21:02:27.17877731-03:00 level=info msg="Migration successfully executed" id="copy dashboard v1 to v2" duration=579.966µs
logger=migrator t=2026-10-06T21:02:27.19991504-03:00 level=info msg="Executing migration" id="drop table dashboard_v1"
logger=migrator t=2026-10-06T21:02:27.201008397-03:00 level=info msg="Migration successfully executed" id="drop table dashboard_v1" duration=1.095054ms
logger=migrator t=2026-10-06T21:02:27.217062812-03:00 level=info msg="Executing migration" id="alter dashboard.data to mediumtext v1"
logger=migrator t=2026-10-06T21:02:27.217186215-03:00 level=info msg="Migration successfully executed" id="alter dashboard.data to mediumtext v1" duration=125.804µs
logger=migrator t=2026-10-06T21:02:27.236023924-03:00 level=info msg="Executing migration" id="Add column updated_by in dashboard - v2"
logger=migrator t=2026-10-06T21:02:27.23823125-03:00 level=info msg="Migration successfully executed" id="Add column updated_by in dashboard - v2" duration=2.204678ms
logger=migrator t=2026-10-06T21:02:27.255609624-03:00 level=info msg="Executing migration" id="Add column created_by in dashboard - v2"
logger=migrator t=2026-10-06T21:02:27.256969205-03:00 level=info msg="Migration successfully executed" id="Add column created_by in dashboard - v2" duration=1.359752ms
logger=migrator t=2026-10-06T21:02:27.273347068-03:00 level=info msg="Executing migration" id="Add column gnetId in dashboard"
logger=migrator t=2026-10-06T21:02:27.274936362-03:00 level=info msg="Migration successfully executed" id="Add column gnetId in dashboard" duration=1.586943ms
logger=migrator t=2026-10-06T21:02:27.293493716-03:00 level=info msg="Executing migration" id="Add index for gnetId in dashboard"
logger=migrator t=2026-10-06T21:02:27.294214283-03:00 level=info msg="Migration successfully executed" id="Add index for gnetId in dashboard" duration=723.581µs
logger=migrator t=2026-10-06T21:02:27.312377272-03:00 level=info msg="Executing migration" id="Add column plugin_id in dashboard"
logger=migrator t=2026-10-06T21:02:27.31385973-03:00 level=info msg="Migration successfully executed" id="Add column plugin_id in dashboard" duration=1.485263ms
logger=migrator t=2026-10-06T21:02:27.331780881-03:00 level=info msg="Executing migration" id="Add index for plugin_id in dashboard"
logger=migrator t=2026-10-06T21:02:27.332662567-03:00 level=info msg="Migration successfully executed" id="Add index for plugin_id in dashboard" duration=880.732µs
logger=migrator t=2026-10-06T21:02:27.352235201-03:00 level=info msg="Executing migration" id="Add index for dashboard_id in dashboard_tag"
logger=migrator t=2026-10-06T21:02:27.352965174-03:00 level=info msg="Migration successfully executed" id="Add index for dashboard_id in dashboard_tag" duration=730.218µs
logger=migrator t=2026-10-06T21:02:27.369095007-03:00 level=info msg="Executing migration" id="Update dashboard table charset"
logger=migrator t=2026-10-06T21:02:27.369198171-03:00 level=info msg="Migration successfully executed" id="Update dashboard table charset" duration=104.543µs
logger=migrator t=2026-10-06T21:02:27.391916615-03:00 level=info msg="Executing migration" id="Update dashboard_tag table charset"
logger=migrator t=2026-10-06T21:02:27.392055334-03:00 level=info msg="Migration successfully executed" id="Update dashboard_tag table charset" duration=141.496µs
logger=migrator t=2026-10-06T21:02:27.410136982-03:00 level=info msg="Executing migration" id="Add column folder_id in dashboard"
logger=migrator t=2026-10-06T21:02:27.413862708-03:00 level=info msg="Migration successfully executed" id="Add column folder_id in dashboard" duration=3.721648ms
logger=migrator t=2026-10-06T21:02:27.434153459-03:00 level=info msg="Executing migration" id="Add column isFolder in dashboard"
logger=migrator t=2026-10-06T21:02:27.43627312-03:00 level=info msg="Migration successfully executed" id="Add column isFolder in dashboard" duration=2.117759ms
logger=migrator t=2026-10-06T21:02:27.456724043-03:00 level=info msg="Executing migration" id="Add column has_acl in dashboard"
logger=migrator t=2026-10-06T21:02:27.458740317-03:00 level=info msg="Migration successfully executed" id="Add column has_acl in dashboard" duration=2.012367ms
logger=migrator t=2026-10-06T21:02:27.47653365-03:00 level=info msg="Executing migration" id="Add column uid in dashboard"
logger=migrator t=2026-10-06T21:02:27.478796269-03:00 level=info msg="Migration successfully executed" id="Add column uid in dashboard" duration=2.261052ms
logger=migrator t=2026-10-06T21:02:27.498197949-03:00 level=info msg="Executing migration" id="Update uid column values in dashboard"
logger=migrator t=2026-10-06T21:02:27.498664943-03:00 level=info msg="Migration successfully executed" id="Update uid column values in dashboard" duration=470.117µs
logger=migrator t=2026-10-06T21:02:27.517549482-03:00 level=info msg="Executing migration" id="Add unique index dashboard_org_id_uid"
logger=migrator t=2026-10-06T21:02:27.518510095-03:00 level=info msg="Migration successfully executed" id="Add unique index dashboard_org_id_uid" duration=961.693µs
logger=migrator t=2026-10-06T21:02:27.533135515-03:00 level=info msg="Executing migration" id="Remove unique index org_id_slug"
logger=migrator t=2026-10-06T21:02:27.534165533-03:00 level=info msg="Migration successfully executed" id="Remove unique index org_id_slug" duration=1.022704ms
logger=migrator t=2026-10-06T21:02:27.555443061-03:00 level=info msg="Executing migration" id="Update dashboard title length"
logger=migrator t=2026-10-06T21:02:27.555566511-03:00 level=info msg="Migration successfully executed" id="Update dashboard title length" duration=127.537µs
logger=migrator t=2026-10-06T21:02:27.578135084-03:00 level=info msg="Executing migration" id="Add unique index for dashboard_org_id_title_folder_id"
logger=migrator t=2026-10-06T21:02:27.579550779-03:00 level=info msg="Migration successfully executed" id="Add unique index for dashboard_org_id_title_folder_id" duration=1.456855ms
logger=migrator t=2026-10-06T21:02:27.599147424-03:00 level=info msg="Executing migration" id="create dashboard_provisioning"
logger=migrator t=2026-10-06T21:02:27.600029019-03:00 level=info msg="Migration successfully executed" id="create dashboard_provisioning" duration=882.346µs
logger=migrator t=2026-10-06T21:02:27.615355821-03:00 level=info msg="Executing migration" id="Rename table dashboard_provisioning to dashboard_provisioning_tmp_qwerty - v1"
logger=migrator t=2026-10-06T21:02:27.618578895-03:00 level=info msg="Migration successfully executed" id="Rename table dashboard_provisioning to dashboard_provisioning_tmp_qwerty - v1" duration=3.222229ms
logger=migrator t=2026-10-06T21:02:27.664073106-03:00 level=info msg="Executing migration" id="create dashboard_provisioning v2"
logger=migrator t=2026-10-06T21:02:27.664842807-03:00 level=info msg="Migration successfully executed" id="create dashboard_provisioning v2" duration=764.906µs
logger=migrator t=2026-10-06T21:02:27.682667928-03:00 level=info msg="Executing migration" id="create index IDX_dashboard_provisioning_dashboard_id - v2"
logger=migrator t=2026-10-06T21:02:27.683526772-03:00 level=info msg="Migration successfully executed" id="create index IDX_dashboard_provisioning_dashboard_id - v2" duration=857.872µs
logger=migrator t=2026-10-06T21:02:27.69998286-03:00 level=info msg="Executing migration" id="create index IDX_dashboard_provisioning_dashboard_id_name - v2"
logger=migrator t=2026-10-06T21:02:27.700799186-03:00 level=info msg="Migration successfully executed" id="create index IDX_dashboard_provisioning_dashboard_id_name - v2" duration=816.957µs
logger=migrator t=2026-10-06T21:02:27.716264584-03:00 level=info msg="Executing migration" id="copy dashboard_provisioning v1 to v2"
logger=migrator t=2026-10-06T21:02:27.716693125-03:00 level=info msg="Migration successfully executed" id="copy dashboard_provisioning v1 to v2" duration=426.307µs
logger=migrator t=2026-10-06T21:02:27.736175335-03:00 level=info msg="Executing migration" id="drop dashboard_provisioning_tmp_qwerty"
logger=migrator t=2026-10-06T21:02:27.736931898-03:00 level=info msg="Migration successfully executed" id="drop dashboard_provisioning_tmp_qwerty" duration=755.546µs
logger=migrator t=2026-10-06T21:02:27.754375902-03:00 level=info msg="Executing migration" id="Add check_sum column"
logger=migrator t=2026-10-06T21:02:27.755812323-03:00 level=info msg="Migration successfully executed" id="Add check_sum column" duration=1.43482ms
logger=migrator t=2026-10-06T21:02:27.773615729-03:00 level=info msg="Executing migration" id="Add index for dashboard_title"
logger=migrator t=2026-10-06T21:02:27.774561446-03:00 level=info msg="Migration successfully executed" id="Add index for dashboard_title" duration=946.351µs
logger=migrator t=2026-10-06T21:02:27.795801407-03:00 level=info msg="Executing migration" id="delete tags for deleted dashboards"
logger=migrator t=2026-10-06T21:02:27.796152928-03:00 level=info msg="Migration successfully executed" id="delete tags for deleted dashboards" duration=346.595µs
logger=migrator t=2026-10-06T21:02:27.808740004-03:00 level=info msg="Executing migration" id="delete stars for deleted dashboards"
logger=migrator t=2026-10-06T21:02:27.809027945-03:00 level=info msg="Migration successfully executed" id="delete stars for deleted dashboards" duration=295.063µs
logger=migrator t=2026-10-06T21:02:27.829386715-03:00 level=info msg="Executing migration" id="Add index for dashboard_is_folder"
logger=migrator t=2026-10-06T21:02:27.830181299-03:00 level=info msg="Migration successfully executed" id="Add index for dashboard_is_folder" duration=795.518µs
logger=migrator t=2026-10-06T21:02:27.847363305-03:00 level=info msg="Executing migration" id="Add isPublic for dashboard"
logger=migrator t=2026-10-06T21:02:27.849274992-03:00 level=info msg="Migration successfully executed" id="Add isPublic for dashboard" duration=1.909927ms
logger=migrator t=2026-10-06T21:02:27.869189196-03:00 level=info msg="Executing migration" id="Add deleted for dashboard"
logger=migrator t=2026-10-06T21:02:27.870756561-03:00 level=info msg="Migration successfully executed" id="Add deleted for dashboard" duration=1.568952ms
logger=migrator t=2026-10-06T21:02:27.897076059-03:00 level=info msg="Executing migration" id="Add index for deleted"
logger=migrator t=2026-10-06T21:02:27.899141753-03:00 level=info msg="Migration successfully executed" id="Add index for deleted" duration=2.055978ms
logger=migrator t=2026-10-06T21:02:27.91700317-03:00 level=info msg="Executing migration" id="Add column dashboard_uid in dashboard_tag"
logger=migrator t=2026-10-06T21:02:27.918761813-03:00 level=info msg="Migration successfully executed" id="Add column dashboard_uid in dashboard_tag" duration=1.757199ms
logger=migrator t=2026-10-06T21:02:27.936356917-03:00 level=info msg="Executing migration" id="Add column org_id in dashboard_tag"
logger=migrator t=2026-10-06T21:02:27.937799823-03:00 level=info msg="Migration successfully executed" id="Add column org_id in dashboard_tag" duration=1.444444ms
logger=migrator t=2026-10-06T21:02:27.979242128-03:00 level=info msg="Executing migration" id="Add missing dashboard_uid and org_id to dashboard_tag"
logger=migrator t=2026-10-06T21:02:27.979972529-03:00 level=info msg="Migration successfully executed" id="Add missing dashboard_uid and org_id to dashboard_tag" duration=732.07µs
logger=migrator t=2026-10-06T21:02:28.005086065-03:00 level=info msg="Executing migration" id="Add missing dashboard_uid and org_id to star"
logger=migrator t=2026-10-06T21:02:28.005725503-03:00 level=info msg="Migration successfully executed" id="Add missing dashboard_uid and org_id to star" duration=641.178µs
logger=migrator t=2026-10-06T21:02:28.028377738-03:00 level=info msg="Executing migration" id="create data_source table"
logger=migrator t=2026-10-06T21:02:28.029915962-03:00 level=info msg="Migration successfully executed" id="create data_source table" duration=1.539134ms
logger=migrator t=2026-10-06T21:02:28.052597931-03:00 level=info msg="Executing migration" id="add index data_source.account_id"
logger=migrator t=2026-10-06T21:02:28.053878553-03:00 level=info msg="Migration successfully executed" id="add index data_source.account_id" duration=1.280978ms
logger=migrator t=2026-10-06T21:02:28.07242197-03:00 level=info msg="Executing migration" id="add unique index data_source.account_id_name"
logger=migrator t=2026-10-06T21:02:28.073648586-03:00 level=info msg="Migration successfully executed" id="add unique index data_source.account_id_name" duration=1.227789ms
logger=migrator t=2026-10-06T21:02:28.093246391-03:00 level=info msg="Executing migration" id="drop index IDX_data_source_account_id - v1"
logger=migrator t=2026-10-06T21:02:28.094397298-03:00 level=info msg="Migration successfully executed" id="drop index IDX_data_source_account_id - v1" duration=1.152766ms
logger=migrator t=2026-10-06T21:02:28.114843249-03:00 level=info msg="Executing migration" id="drop index UQE_data_source_account_id_name - v1"
logger=migrator t=2026-10-06T21:02:28.115840844-03:00 level=info msg="Migration successfully executed" id="drop index UQE_data_source_account_id_name - v1" duration=997.642µs
logger=migrator t=2026-10-06T21:02:28.134825134-03:00 level=info msg="Executing migration" id="Rename table data_source to data_source_v1 - v1"
logger=migrator t=2026-10-06T21:02:28.139941299-03:00 level=info msg="Migration successfully executed" id="Rename table data_source to data_source_v1 - v1" duration=5.111578ms
logger=migrator t=2026-10-06T21:02:28.159090174-03:00 level=info msg="Executing migration" id="create data_source table v2"
logger=migrator t=2026-10-06T21:02:28.15994869-03:00 level=info msg="Migration successfully executed" id="create data_source table v2" duration=858.853µs
logger=migrator t=2026-10-06T21:02:28.179777168-03:00 level=info msg="Executing migration" id="create index IDX_data_source_org_id - v2"
logger=migrator t=2026-10-06T21:02:28.181334832-03:00 level=info msg="Migration successfully executed" id="create index IDX_data_source_org_id - v2" duration=1.567672ms
logger=migrator t=2026-10-06T21:02:28.195813076-03:00 level=info msg="Executing migration" id="create index UQE_data_source_org_id_name - v2"
logger=migrator t=2026-10-06T21:02:28.196665924-03:00 level=info msg="Migration successfully executed" id="create index UQE_data_source_org_id_name - v2" duration=855.142µs
logger=migrator t=2026-10-06T21:02:28.217061248-03:00 level=info msg="Executing migration" id="Drop old table data_source_v1 #2"
logger=migrator t=2026-10-06T21:02:28.21779474-03:00 level=info msg="Migration successfully executed" id="Drop old table data_source_v1 #2" duration=733.713µs
logger=migrator t=2026-10-06T21:02:28.234704584-03:00 level=info msg="Executing migration" id="Add column with_credentials"
logger=migrator t=2026-10-06T21:02:28.236212122-03:00 level=info msg="Migration successfully executed" id="Add column with_credentials" duration=1.507169ms
logger=migrator t=2026-10-06T21:02:28.255918789-03:00 level=info msg="Executing migration" id="Add secure json data column"
logger=migrator t=2026-10-06T21:02:28.258001567-03:00 level=info msg="Migration successfully executed" id="Add secure json data column" duration=2.081712ms
logger=migrator t=2026-10-06T21:02:28.274442586-03:00 level=info msg="Executing migration" id="Update data_source table charset"
logger=migrator t=2026-10-06T21:02:28.274561422-03:00 level=info msg="Migration successfully executed" id="Update data_source table charset" duration=131.276µs
logger=migrator t=2026-10-06T21:02:28.293274056-03:00 level=info msg="Executing migration" id="Update initial version to 1"
logger=migrator t=2026-10-06T21:02:28.293626922-03:00 level=info msg="Migration successfully executed" id="Update initial version to 1" duration=352.842µs
logger=migrator t=2026-10-06T21:02:28.315982851-03:00 level=info msg="Executing migration" id="Add read_only data column"
logger=migrator t=2026-10-06T21:02:28.317695163-03:00 level=info msg="Migration successfully executed" id="Add read_only data column" duration=1.71185ms
logger=migrator t=2026-10-06T21:02:28.332939754-03:00 level=info msg="Executing migration" id="Migrate logging ds to loki ds"
logger=migrator t=2026-10-06T21:02:28.333327595-03:00 level=info msg="Migration successfully executed" id="Migrate logging ds to loki ds" duration=387.097µs
logger=migrator t=2026-10-06T21:02:28.351662414-03:00 level=info msg="Executing migration" id="Update json_data with nulls"
logger=migrator t=2026-10-06T21:02:28.351958679-03:00 level=info msg="Migration successfully executed" id="Update json_data with nulls" duration=296.773µs
logger=migrator t=2026-10-06T21:02:28.369238493-03:00 level=info msg="Executing migration" id="Add uid column"
logger=migrator t=2026-10-06T21:02:28.370967217-03:00 level=info msg="Migration successfully executed" id="Add uid column" duration=1.726006ms
logger=migrator t=2026-10-06T21:02:28.388698842-03:00 level=info msg="Executing migration" id="Update uid value"
logger=migrator t=2026-10-06T21:02:28.38896954-03:00 level=info msg="Migration successfully executed" id="Update uid value" duration=272.385µs
logger=migrator t=2026-10-06T21:02:28.417437134-03:00 level=info msg="Executing migration" id="Add unique index datasource_org_id_uid"
logger=migrator t=2026-10-06T21:02:28.418480133-03:00 level=info msg="Migration successfully executed" id="Add unique index datasource_org_id_uid" duration=1.028492ms
logger=migrator t=2026-10-06T21:02:28.435862578-03:00 level=info msg="Executing migration" id="add unique index datasource_org_id_is_default"
logger=migrator t=2026-10-06T21:02:28.436685619-03:00 level=info msg="Migration successfully executed" id="add unique index datasource_org_id_is_default" duration=823.808µs
logger=migrator t=2026-10-06T21:02:28.45453058-03:00 level=info msg="Executing migration" id="Add is_prunable column"
logger=migrator t=2026-10-06T21:02:28.456063899-03:00 level=info msg="Migration successfully executed" id="Add is_prunable column" duration=1.53331ms
logger=migrator t=2026-10-06T21:02:28.475128926-03:00 level=info msg="Executing migration" id="Add api_version column"
logger=migrator t=2026-10-06T21:02:28.476692751-03:00 level=info msg="Migration successfully executed" id="Add api_version column" duration=1.562054ms
logger=migrator t=2026-10-06T21:02:28.494138933-03:00 level=info msg="Executing migration" id="create api_key table"
logger=migrator t=2026-10-06T21:02:28.495072456-03:00 level=info msg="Migration successfully executed" id="create api_key table" duration=933.167µs
logger=migrator t=2026-10-06T21:02:28.511200049-03:00 level=info msg="Executing migration" id="add index api_key.account_id"
logger=migrator t=2026-10-06T21:02:28.512972212-03:00 level=info msg="Migration successfully executed" id="add index api_key.account_id" duration=1.77947ms
logger=migrator t=2026-10-06T21:02:28.5324081-03:00 level=info msg="Executing migration" id="add index api_key.key"
logger=migrator t=2026-10-06T21:02:28.533189175-03:00 level=info msg="Migration successfully executed" id="add index api_key.key" duration=781.682µs
logger=migrator t=2026-10-06T21:02:28.550157671-03:00 level=info msg="Executing migration" id="add index api_key.account_id_name"
logger=migrator t=2026-10-06T21:02:28.550857156-03:00 level=info msg="Migration successfully executed" id="add index api_key.account_id_name" duration=700.286µs
logger=migrator t=2026-10-06T21:02:28.566482142-03:00 level=info msg="Executing migration" id="drop index IDX_api_key_account_id - v1"
logger=migrator t=2026-10-06T21:02:28.567265799-03:00 level=info msg="Migration successfully executed" id="drop index IDX_api_key_account_id - v1" duration=784.062µs
logger=migrator t=2026-10-06T21:02:28.586707998-03:00 level=info msg="Executing migration" id="drop index UQE_api_key_key - v1"
logger=migrator t=2026-10-06T21:02:28.587587867-03:00 level=info msg="Migration successfully executed" id="drop index UQE_api_key_key - v1" duration=881.252µs
logger=migrator t=2026-10-06T21:02:28.601471214-03:00 level=info msg="Executing migration" id="drop index UQE_api_key_account_id_name - v1"
logger=migrator t=2026-10-06T21:02:28.602159105-03:00 level=info msg="Migration successfully executed" id="drop index UQE_api_key_account_id_name - v1" duration=688.611µs
logger=migrator t=2026-10-06T21:02:28.620039311-03:00 level=info msg="Executing migration" id="Rename table api_key to api_key_v1 - v1"
logger=migrator t=2026-10-06T21:02:28.623837191-03:00 level=info msg="Migration successfully executed" id="Rename table api_key to api_key_v1 - v1" duration=3.796794ms
logger=migrator t=2026-10-06T21:02:28.647864292-03:00 level=info msg="Executing migration" id="create api_key table v2"
logger=migrator t=2026-10-06T21:02:28.648581167-03:00 level=info msg="Migration successfully executed" id="create api_key table v2" duration=717.234µs
logger=migrator t=2026-10-06T21:02:28.664567877-03:00 level=info msg="Executing migration" id="create index IDX_api_key_org_id - v2"
logger=migrator t=2026-10-06T21:02:28.665496819-03:00 level=info msg="Migration successfully executed" id="create index IDX_api_key_org_id - v2" duration=929.785µs
logger=migrator t=2026-10-06T21:02:28.681760975-03:00 level=info msg="Executing migration" id="create index UQE_api_key_key - v2"
logger=migrator t=2026-10-06T21:02:28.68247921-03:00 level=info msg="Migration successfully executed" id="create index UQE_api_key_key - v2" duration=719.007µs
logger=migrator t=2026-10-06T21:02:28.700099332-03:00 level=info msg="Executing migration" id="create index UQE_api_key_org_id_name - v2"
logger=migrator t=2026-10-06T21:02:28.701198122-03:00 level=info msg="Migration successfully executed" id="create index UQE_api_key_org_id_name - v2" duration=1.09931ms
logger=migrator t=2026-10-06T21:02:28.716563023-03:00 level=info msg="Executing migration" id="copy api_key v1 to v2"
logger=migrator t=2026-10-06T21:02:28.717106061-03:00 level=info msg="Migration successfully executed" id="copy api_key v1 to v2" duration=525.121µs
logger=migrator t=2026-10-06T21:02:28.737495195-03:00 level=info msg="Executing migration" id="Drop old table api_key_v1"
logger=migrator t=2026-10-06T21:02:28.738149542-03:00 level=info msg="Migration successfully executed" id="Drop old table api_key_v1" duration=658.624µs
logger=migrator t=2026-10-06T21:02:28.756052105-03:00 level=info msg="Executing migration" id="Update api_key table charset"
logger=migrator t=2026-10-06T21:02:28.756142057-03:00 level=info msg="Migration successfully executed" id="Update api_key table charset" duration=96.078µs
logger=migrator t=2026-10-06T21:02:28.772441388-03:00 level=info msg="Executing migration" id="Add expires to api_key table"
logger=migrator t=2026-10-06T21:02:28.774596146-03:00 level=info msg="Migration successfully executed" id="Add expires to api_key table" duration=2.152809ms
logger=migrator t=2026-10-06T21:02:28.79240879-03:00 level=info msg="Executing migration" id="Add service account foreign key"
logger=migrator t=2026-10-06T21:02:28.794311679-03:00 level=info msg="Migration successfully executed" id="Add service account foreign key" duration=1.899523ms
logger=migrator t=2026-10-06T21:02:28.808173378-03:00 level=info msg="Executing migration" id="set service account foreign key to nil if 0"
logger=migrator t=2026-10-06T21:02:28.808459564-03:00 level=info msg="Migration successfully executed" id="set service account foreign key to nil if 0" duration=289.143µs
logger=migrator t=2026-10-06T21:02:28.828650114-03:00 level=info msg="Executing migration" id="Add last_used_at to api_key table"
logger=migrator t=2026-10-06T21:02:28.831009204-03:00 level=info msg="Migration successfully executed" id="Add last_used_at to api_key table" duration=2.357367ms
logger=migrator t=2026-10-06T21:02:28.864797159-03:00 level=info msg="Executing migration" id="Add is_revoked column to api_key table"
logger=migrator t=2026-10-06T21:02:28.867053919-03:00 level=info msg="Migration successfully executed" id="Add is_revoked column to api_key table" duration=2.260577ms
logger=migrator t=2026-10-06T21:02:28.894204122-03:00 level=info msg="Executing migration" id="create dashboard_snapshot table v4"
logger=migrator t=2026-10-06T21:02:28.895082875-03:00 level=info msg="Migration successfully executed" id="create dashboard_snapshot table v4" duration=875.037µs
logger=migrator t=2026-10-06T21:02:28.913648623-03:00 level=info msg="Executing migration" id="drop table dashboard_snapshot_v4 #1"
logger=migrator t=2026-10-06T21:02:28.914296292-03:00 level=info msg="Migration successfully executed" id="drop table dashboard_snapshot_v4 #1" duration=648.006µs
logger=migrator t=2026-10-06T21:02:28.933670093-03:00 level=info msg="Executing migration" id="create dashboard_snapshot table v5 #2"
logger=migrator t=2026-10-06T21:02:28.934511701-03:00 level=info msg="Migration successfully executed" id="create dashboard_snapshot table v5 #2" duration=847.674µs
logger=migrator t=2026-10-06T21:02:28.955277008-03:00 level=info msg="Executing migration" id="create index UQE_dashboard_snapshot_key - v5"
logger=migrator t=2026-10-06T21:02:28.956125848-03:00 level=info msg="Migration successfully executed" id="create index UQE_dashboard_snapshot_key - v5" duration=849.196µs
logger=migrator t=2026-10-06T21:02:28.987849221-03:00 level=info msg="Executing migration" id="create index UQE_dashboard_snapshot_delete_key - v5"
logger=migrator t=2026-10-06T21:02:28.988762375-03:00 level=info msg="Migration successfully executed" id="create index UQE_dashboard_snapshot_delete_key - v5" duration=914.105µs
logger=migrator t=2026-10-06T21:02:29.014064259-03:00 level=info msg="Executing migration" id="create index IDX_dashboard_snapshot_user_id - v5"
logger=migrator t=2026-10-06T21:02:29.014999003-03:00 level=info msg="Migration successfully executed" id="create index IDX_dashboard_snapshot_user_id - v5" duration=935.375µs
logger=migrator t=2026-10-06T21:02:29.036512059-03:00 level=info msg="Executing migration" id="alter dashboard_snapshot to mediumtext v2"
logger=migrator t=2026-10-06T21:02:29.036687689-03:00 level=info msg="Migration successfully executed" id="alter dashboard_snapshot to mediumtext v2" duration=178.183µs
logger=migrator t=2026-10-06T21:02:29.053373562-03:00 level=info msg="Executing migration" id="Update dashboard_snapshot table charset"
logger=migrator t=2026-10-06T21:02:29.053441804-03:00 level=info msg="Migration successfully executed" id="Update dashboard_snapshot table charset" duration=72.778µs
logger=migrator t=2026-10-06T21:02:29.072779978-03:00 level=info msg="Executing migration" id="Add column external_delete_url to dashboard_snapshots table"
logger=migrator t=2026-10-06T21:02:29.074816442-03:00 level=info msg="Migration successfully executed" id="Add column external_delete_url to dashboard_snapshots table" duration=2.030064ms
logger=migrator t=2026-10-06T21:02:29.091314939-03:00 level=info msg="Executing migration" id="Add encrypted dashboard json column"
logger=migrator t=2026-10-06T21:02:29.09320949-03:00 level=info msg="Migration successfully executed" id="Add encrypted dashboard json column" duration=1.895358ms
logger=migrator t=2026-10-06T21:02:29.111151789-03:00 level=info msg="Executing migration" id="Change dashboard_encrypted column to MEDIUMBLOB"
logger=migrator t=2026-10-06T21:02:29.111803213-03:00 level=info msg="Migration successfully executed" id="Change dashboard_encrypted column to MEDIUMBLOB" duration=667.655µs
logger=migrator t=2026-10-06T21:02:29.129299908-03:00 level=info msg="Executing migration" id="create quota table v1"
logger=migrator t=2026-10-06T21:02:29.130383362-03:00 level=info msg="Migration successfully executed" id="create quota table v1" duration=1.087016ms
logger=migrator t=2026-10-06T21:02:29.155098499-03:00 level=info msg="Executing migration" id="create index UQE_quota_org_id_user_id_target - v1"
logger=migrator t=2026-10-06T21:02:29.155885114-03:00 level=info msg="Migration successfully executed" id="create index UQE_quota_org_id_user_id_target - v1" duration=787.655µs
logger=migrator t=2026-10-06T21:02:29.175127151-03:00 level=info msg="Executing migration" id="Update quota table charset"
logger=migrator t=2026-10-06T21:02:29.175216735-03:00 level=info msg="Migration successfully executed" id="Update quota table charset" duration=94.29µs
logger=migrator t=2026-10-06T21:02:29.193524301-03:00 level=info msg="Executing migration" id="create plugin_setting table"
logger=migrator t=2026-10-06T21:02:29.194666409-03:00 level=info msg="Migration successfully executed" id="create plugin_setting table" duration=1.140607ms
logger=migrator t=2026-10-06T21:02:29.216896512-03:00 level=info msg="Executing migration" id="create index UQE_plugin_setting_org_id_plugin_id - v1"
logger=migrator t=2026-10-06T21:02:29.217755727-03:00 level=info msg="Migration successfully executed" id="create index UQE_plugin_setting_org_id_plugin_id - v1" duration=861.109µs
logger=migrator t=2026-10-06T21:02:29.235844431-03:00 level=info msg="Executing migration" id="Add column plugin_version to plugin_settings"
logger=migrator t=2026-10-06T21:02:29.237910934-03:00 level=info msg="Migration successfully executed" id="Add column plugin_version to plugin_settings" duration=2.063699ms
logger=migrator t=2026-10-06T21:02:29.253150601-03:00 level=info msg="Executing migration" id="Update plugin_setting table charset"
logger=migrator t=2026-10-06T21:02:29.253238539-03:00 level=info msg="Migration successfully executed" id="Update plugin_setting table charset" duration=91.693µs
logger=migrator t=2026-10-06T21:02:29.272648816-03:00 level=info msg="Executing migration" id="update NULL org_id to 1"
logger=migrator t=2026-10-06T21:02:29.273145823-03:00 level=info msg="Migration successfully executed" id="update NULL org_id to 1" duration=498.676µs
logger=migrator t=2026-10-06T21:02:29.292698012-03:00 level=info msg="Executing migration" id="make org_id NOT NULL and DEFAULT VALUE 1"
logger=migrator t=2026-10-06T21:02:29.298267754-03:00 level=info msg="Migration successfully executed" id="make org_id NOT NULL and DEFAULT VALUE 1" duration=5.567729ms
logger=migrator t=2026-10-06T21:02:29.329309103-03:00 level=info msg="Executing migration" id="create session table"
logger=migrator t=2026-10-06T21:02:29.33028615-03:00 level=info msg="Migration successfully executed" id="create session table" duration=978.287µs
logger=migrator t=2026-10-06T21:02:29.366049674-03:00 level=info msg="Executing migration" id="Drop old table playlist table"
logger=migrator t=2026-10-06T21:02:29.366196859-03:00 level=info msg="Migration successfully executed" id="Drop old table playlist table" duration=150.785µs
logger=migrator t=2026-10-06T21:02:29.397569324-03:00 level=info msg="Executing migration" id="Drop old table playlist_item table"
logger=migrator t=2026-10-06T21:02:29.397775636-03:00 level=info msg="Migration successfully executed" id="Drop old table playlist_item table" duration=208.466µs
logger=migrator t=2026-10-06T21:02:29.429967177-03:00 level=info msg="Executing migration" id="create playlist table v2"
logger=migrator t=2026-10-06T21:02:29.430780583-03:00 level=info msg="Migration successfully executed" id="create playlist table v2" duration=812.015µs
logger=migrator t=2026-10-06T21:02:29.483015135-03:00 level=info msg="Executing migration" id="create playlist item table v2"
logger=migrator t=2026-10-06T21:02:29.483720858-03:00 level=info msg="Migration successfully executed" id="create playlist item table v2" duration=707.425µs
logger=migrator t=2026-10-06T21:02:29.507813257-03:00 level=info msg="Executing migration" id="Update playlist table charset"
logger=migrator t=2026-10-06T21:02:29.507899107-03:00 level=info msg="Migration successfully executed" id="Update playlist table charset" duration=89.167µs
logger=migrator t=2026-10-06T21:02:29.536497151-03:00 level=info msg="Executing migration" id="Update playlist_item table charset"
logger=migrator t=2026-10-06T21:02:29.536589029-03:00 level=info msg="Migration successfully executed" id="Update playlist_item table charset" duration=96.656µs
logger=migrator t=2026-10-06T21:02:29.55423532-03:00 level=info msg="Executing migration" id="Add playlist column created_at"
logger=migrator t=2026-10-06T21:02:29.558260697-03:00 level=info msg="Migration successfully executed" id="Add playlist column created_at" duration=4.005594ms
logger=migrator t=2026-10-06T21:02:29.587076087-03:00 level=info msg="Executing migration" id="Add playlist column updated_at"
logger=migrator t=2026-10-06T21:02:29.590130136-03:00 level=info msg="Migration successfully executed" id="Add playlist column updated_at" duration=3.050581ms
logger=migrator t=2026-10-06T21:02:29.610599162-03:00 level=info msg="Executing migration" id="drop preferences table v2"
logger=migrator t=2026-10-06T21:02:29.610762549-03:00 level=info msg="Migration successfully executed" id="drop preferences table v2" duration=165.158µs
logger=migrator t=2026-10-06T21:02:29.638550816-03:00 level=info msg="Executing migration" id="drop preferences table v3"
logger=migrator t=2026-10-06T21:02:29.638663148-03:00 level=info msg="Migration successfully executed" id="drop preferences table v3" duration=114.536µs
logger=migrator t=2026-10-06T21:02:29.66643166-03:00 level=info msg="Executing migration" id="create preferences table v3"
logger=migrator t=2026-10-06T21:02:29.667509238-03:00 level=info msg="Migration successfully executed" id="create preferences table v3" duration=1.077278ms
logger=migrator t=2026-10-06T21:02:29.695295948-03:00 level=info msg="Executing migration" id="Update preferences table charset"
logger=migrator t=2026-10-06T21:02:29.695383832-03:00 level=info msg="Migration successfully executed" id="Update preferences table charset" duration=90.168µs
logger=migrator t=2026-10-06T21:02:29.722209621-03:00 level=info msg="Executing migration" id="Add column team_id in preferences"
logger=migrator t=2026-10-06T21:02:29.724686291-03:00 level=info msg="Migration successfully executed" id="Add column team_id in preferences" duration=2.483437ms
logger=migrator t=2026-10-06T21:02:29.758578902-03:00 level=info msg="Executing migration" id="Update team_id column values in preferences"
logger=migrator t=2026-10-06T21:02:29.758904177-03:00 level=info msg="Migration successfully executed" id="Update team_id column values in preferences" duration=327.795µs
logger=migrator t=2026-10-06T21:02:29.79775884-03:00 level=info msg="Executing migration" id="Add column week_start in preferences"
logger=migrator t=2026-10-06T21:02:29.799939359-03:00 level=info msg="Migration successfully executed" id="Add column week_start in preferences" duration=2.17969ms
logger=migrator t=2026-10-06T21:02:29.823515825-03:00 level=info msg="Executing migration" id="Add column preferences.json_data"
logger=migrator t=2026-10-06T21:02:29.825403894-03:00 level=info msg="Migration successfully executed" id="Add column preferences.json_data" duration=1.888877ms
logger=migrator t=2026-10-06T21:02:29.858283529-03:00 level=info msg="Executing migration" id="alter preferences.json_data to mediumtext v1"
logger=migrator t=2026-10-06T21:02:29.858396569-03:00 level=info msg="Migration successfully executed" id="alter preferences.json_data to mediumtext v1" duration=115.243µs
logger=migrator t=2026-10-06T21:02:29.878197846-03:00 level=info msg="Executing migration" id="Add preferences index org_id"
logger=migrator t=2026-10-06T21:02:29.880193226-03:00 level=info msg="Migration successfully executed" id="Add preferences index org_id" duration=1.997874ms
logger=migrator t=2026-10-06T21:02:29.899796877-03:00 level=info msg="Executing migration" id="Add preferences index user_id"
logger=migrator t=2026-10-06T21:02:29.900562212-03:00 level=info msg="Migration successfully executed" id="Add preferences index user_id" duration=764.502µs
logger=migrator t=2026-10-06T21:02:29.918405536-03:00 level=info msg="Executing migration" id="create alert table v1"
logger=migrator t=2026-10-06T21:02:29.919383373-03:00 level=info msg="Migration successfully executed" id="create alert table v1" duration=995.355µs
logger=migrator t=2026-10-06T21:02:29.956336639-03:00 level=info msg="Executing migration" id="add index alert org_id & id "
logger=migrator t=2026-10-06T21:02:29.957469781-03:00 level=info msg="Migration successfully executed" id="add index alert org_id & id " duration=1.139914ms
logger=migrator t=2026-10-06T21:02:29.990761734-03:00 level=info msg="Executing migration" id="add index alert state"
logger=migrator t=2026-10-06T21:02:29.99252597-03:00 level=info msg="Migration successfully executed" id="add index alert state" duration=1.771511ms
logger=migrator t=2026-10-06T21:02:30.024047889-03:00 level=info msg="Executing migration" id="add index alert dashboard_id"
logger=migrator t=2026-10-06T21:02:30.02585074-03:00 level=info msg="Migration successfully executed" id="add index alert dashboard_id" duration=1.801341ms
logger=migrator t=2026-10-06T21:02:30.059747566-03:00 level=info msg="Executing migration" id="Create alert_rule_tag table v1"
logger=migrator t=2026-10-06T21:02:30.060454651-03:00 level=info msg="Migration successfully executed" id="Create alert_rule_tag table v1" duration=706.801µs
logger=migrator t=2026-10-06T21:02:30.098919215-03:00 level=info msg="Executing migration" id="Add unique index alert_rule_tag.alert_id_tag_id"
logger=migrator t=2026-10-06T21:02:30.099739087-03:00 level=info msg="Migration successfully executed" id="Add unique index alert_rule_tag.alert_id_tag_id" duration=818.902µs
logger=migrator t=2026-10-06T21:02:30.131105034-03:00 level=info msg="Executing migration" id="drop index UQE_alert_rule_tag_alert_id_tag_id - v1"
logger=migrator t=2026-10-06T21:02:30.131926633-03:00 level=info msg="Migration successfully executed" id="drop index UQE_alert_rule_tag_alert_id_tag_id - v1" duration=823.417µs
logger=migrator t=2026-10-06T21:02:30.163696724-03:00 level=info msg="Executing migration" id="Rename table alert_rule_tag to alert_rule_tag_v1 - v1"
logger=migrator t=2026-10-06T21:02:30.169889946-03:00 level=info msg="Migration successfully executed" id="Rename table alert_rule_tag to alert_rule_tag_v1 - v1" duration=6.18656ms
logger=migrator t=2026-10-06T21:02:30.207230803-03:00 level=info msg="Executing migration" id="Create alert_rule_tag table v2"
logger=migrator t=2026-10-06T21:02:30.208196388-03:00 level=info msg="Migration successfully executed" id="Create alert_rule_tag table v2" duration=966.222µs
logger=migrator t=2026-10-06T21:02:30.230046902-03:00 level=info msg="Executing migration" id="create index UQE_alert_rule_tag_alert_id_tag_id - Add unique index alert_rule_tag.alert_id_tag_id V2"
logger=migrator t=2026-10-06T21:02:30.231124131-03:00 level=info msg="Migration successfully executed" id="create index UQE_alert_rule_tag_alert_id_tag_id - Add unique index alert_rule_tag.alert_id_tag_id V2" duration=1.07633ms
logger=migrator t=2026-10-06T21:02:30.252988155-03:00 level=info msg="Executing migration" id="copy alert_rule_tag v1 to v2"
logger=migrator t=2026-10-06T21:02:30.253477377-03:00 level=info msg="Migration successfully executed" id="copy alert_rule_tag v1 to v2" duration=491.895µs
logger=migrator t=2026-10-06T21:02:30.272460732-03:00 level=info msg="Executing migration" id="drop table alert_rule_tag_v1"
logger=migrator t=2026-10-06T21:02:30.273227073-03:00 level=info msg="Migration successfully executed" id="drop table alert_rule_tag_v1" duration=767.403µs
logger=migrator t=2026-10-06T21:02:30.30041397-03:00 level=info msg="Executing migration" id="create alert_notification table v1"
logger=migrator t=2026-10-06T21:02:30.301539687-03:00 level=info msg="Migration successfully executed" id="create alert_notification table v1" duration=1.144235ms
logger=migrator t=2026-10-06T21:02:30.38303088-03:00 level=info msg="Executing migration" id="Add column is_default"
logger=migrator t=2026-10-06T21:02:30.385408291-03:00 level=info msg="Migration successfully executed" id="Add column is_default" duration=2.374312ms
logger=migrator t=2026-10-06T21:02:30.416529265-03:00 level=info msg="Executing migration" id="Add column frequency"
logger=migrator t=2026-10-06T21:02:30.418565097-03:00 level=info msg="Migration successfully executed" id="Add column frequency" duration=2.035676ms
logger=migrator t=2026-10-06T21:02:30.451668299-03:00 level=info msg="Executing migration" id="Add column send_reminder"
logger=migrator t=2026-10-06T21:02:30.454135599-03:00 level=info msg="Migration successfully executed" id="Add column send_reminder" duration=2.461671ms
logger=migrator t=2026-10-06T21:02:30.489881523-03:00 level=info msg="Executing migration" id="Add column disable_resolve_message"
logger=migrator t=2026-10-06T21:02:30.492452834-03:00 level=info msg="Migration successfully executed" id="Add column disable_resolve_message" duration=2.570278ms
logger=migrator t=2026-10-06T21:02:30.519519283-03:00 level=info msg="Executing migration" id="add index alert_notification org_id & name"
logger=migrator t=2026-10-06T21:02:30.520349995-03:00 level=info msg="Migration successfully executed" id="add index alert_notification org_id & name" duration=830.146µs
logger=migrator t=2026-10-06T21:02:30.557356144-03:00 level=info msg="Executing migration" id="Update alert table charset"
logger=migrator t=2026-10-06T21:02:30.557460539-03:00 level=info msg="Migration successfully executed" id="Update alert table charset" duration=106.711µs
logger=migrator t=2026-10-06T21:02:30.57801587-03:00 level=info msg="Executing migration" id="Update alert_notification table charset"
logger=migrator t=2026-10-06T21:02:30.578094038-03:00 level=info msg="Migration successfully executed" id="Update alert_notification table charset" duration=81.971µs
logger=migrator t=2026-10-06T21:02:30.595332092-03:00 level=info msg="Executing migration" id="create notification_journal table v1"
logger=migrator t=2026-10-06T21:02:30.59620811-03:00 level=info msg="Migration successfully executed" id="create notification_journal table v1" duration=875.333µs
logger=migrator t=2026-10-06T21:02:30.628105449-03:00 level=info msg="Executing migration" id="add index notification_journal org_id & alert_id & notifier_id"
logger=migrator t=2026-10-06T21:02:30.628851991-03:00 level=info msg="Migration successfully executed" id="add index notification_journal org_id & alert_id & notifier_id" duration=748.965µs
logger=migrator t=2026-10-06T21:02:30.655204933-03:00 level=info msg="Executing migration" id="drop alert_notification_journal"
logger=migrator t=2026-10-06T21:02:30.656165468-03:00 level=info msg="Migration successfully executed" id="drop alert_notification_journal" duration=959.669µs
logger=migrator t=2026-10-06T21:02:30.676061502-03:00 level=info msg="Executing migration" id="create alert_notification_state table v1"
logger=migrator t=2026-10-06T21:02:30.676982519-03:00 level=info msg="Migration successfully executed" id="create alert_notification_state table v1" duration=920.876µs
logger=migrator t=2026-10-06T21:02:30.691946214-03:00 level=info msg="Executing migration" id="add index alert_notification_state org_id & alert_id & notifier_id"
logger=migrator t=2026-10-06T21:02:30.694390893-03:00 level=info msg="Migration successfully executed" id="add index alert_notification_state org_id & alert_id & notifier_id" duration=2.446264ms
logger=migrator t=2026-10-06T21:02:30.713504328-03:00 level=info msg="Executing migration" id="Add for to alert table"
logger=migrator t=2026-10-06T21:02:30.716601137-03:00 level=info msg="Migration successfully executed" id="Add for to alert table" duration=3.093908ms
logger=migrator t=2026-10-06T21:02:30.738411154-03:00 level=info msg="Executing migration" id="Add column uid in alert_notification"
logger=migrator t=2026-10-06T21:02:30.741328562-03:00 level=info msg="Migration successfully executed" id="Add column uid in alert_notification" duration=2.922274ms
logger=migrator t=2026-10-06T21:02:30.768093456-03:00 level=info msg="Executing migration" id="Update uid column values in alert_notification"
logger=migrator t=2026-10-06T21:02:30.768432886-03:00 level=info msg="Migration successfully executed" id="Update uid column values in alert_notification" duration=339.005µs
logger=migrator t=2026-10-06T21:02:30.795826324-03:00 level=info msg="Executing migration" id="Add unique index alert_notification_org_id_uid"
logger=migrator t=2026-10-06T21:02:30.796865864-03:00 level=info msg="Migration successfully executed" id="Add unique index alert_notification_org_id_uid" duration=1.02666ms
logger=migrator t=2026-10-06T21:02:30.827662247-03:00 level=info msg="Executing migration" id="Remove unique index org_id_name"
logger=migrator t=2026-10-06T21:02:30.828358546-03:00 level=info msg="Migration successfully executed" id="Remove unique index org_id_name" duration=696.291µs
logger=migrator t=2026-10-06T21:02:30.845103801-03:00 level=info msg="Executing migration" id="Add column secure_settings in alert_notification"
logger=migrator t=2026-10-06T21:02:30.850474471-03:00 level=info msg="Migration successfully executed" id="Add column secure_settings in alert_notification" duration=5.362349ms
logger=migrator t=2026-10-06T21:02:30.879197153-03:00 level=info msg="Executing migration" id="alter alert.settings to mediumtext"
logger=migrator t=2026-10-06T21:02:30.879318385-03:00 level=info msg="Migration successfully executed" id="alter alert.settings to mediumtext" duration=123.565µs
logger=migrator t=2026-10-06T21:02:30.922160308-03:00 level=info msg="Executing migration" id="Add non-unique index alert_notification_state_alert_id"
logger=migrator t=2026-10-06T21:02:30.923009065-03:00 level=info msg="Migration successfully executed" id="Add non-unique index alert_notification_state_alert_id" duration=838.441µs
logger=migrator t=2026-10-06T21:02:30.964161545-03:00 level=info msg="Executing migration" id="Add non-unique index alert_rule_tag_alert_id"
logger=migrator t=2026-10-06T21:02:30.964998825-03:00 level=info msg="Migration successfully executed" id="Add non-unique index alert_rule_tag_alert_id" duration=839.764µs
logger=migrator t=2026-10-06T21:02:30.998779805-03:00 level=info msg="Executing migration" id="Drop old annotation table v4"
logger=migrator t=2026-10-06T21:02:30.998943819-03:00 level=info msg="Migration successfully executed" id="Drop old annotation table v4" duration=167.624µs
logger=migrator t=2026-10-06T21:02:31.027264736-03:00 level=info msg="Executing migration" id="create annotation table v5"
logger=migrator t=2026-10-06T21:02:31.028426707-03:00 level=info msg="Migration successfully executed" id="create annotation table v5" duration=1.161806ms
logger=migrator t=2026-10-06T21:02:31.057854584-03:00 level=info msg="Executing migration" id="add index annotation 0 v3"
logger=migrator t=2026-10-06T21:02:31.059114421-03:00 level=info msg="Migration successfully executed" id="add index annotation 0 v3" duration=1.259855ms
logger=migrator t=2026-10-06T21:02:31.078305621-03:00 level=info msg="Executing migration" id="add index annotation 1 v3"
logger=migrator t=2026-10-06T21:02:31.081365448-03:00 level=info msg="Migration successfully executed" id="add index annotation 1 v3" duration=3.069069ms
logger=migrator t=2026-10-06T21:02:31.100444145-03:00 level=info msg="Executing migration" id="add index annotation 2 v3"
logger=migrator t=2026-10-06T21:02:31.101456449-03:00 level=info msg="Migration successfully executed" id="add index annotation 2 v3" duration=1.013619ms
logger=migrator t=2026-10-06T21:02:31.127382318-03:00 level=info msg="Executing migration" id="add index annotation 3 v3"
logger=migrator t=2026-10-06T21:02:31.12850486-03:00 level=info msg="Migration successfully executed" id="add index annotation 3 v3" duration=1.122954ms
logger=migrator t=2026-10-06T21:02:31.145969225-03:00 level=info msg="Executing migration" id="add index annotation 4 v3"
logger=migrator t=2026-10-06T21:02:31.147033574-03:00 level=info msg="Migration successfully executed" id="add index annotation 4 v3" duration=1.064463ms
logger=migrator t=2026-10-06T21:02:31.165993104-03:00 level=info msg="Executing migration" id="Update annotation table charset"
logger=migrator t=2026-10-06T21:02:31.166082124-03:00 level=info msg="Migration successfully executed" id="Update annotation table charset" duration=92.812µs
logger=migrator t=2026-10-06T21:02:31.183613924-03:00 level=info msg="Executing migration" id="Add column region_id to annotation table"
logger=migrator t=2026-10-06T21:02:31.185809787-03:00 level=info msg="Migration successfully executed" id="Add column region_id to annotation table" duration=2.195548ms
logger=migrator t=2026-10-06T21:02:31.201246976-03:00 level=info msg="Executing migration" id="Drop category_id index"
logger=migrator t=2026-10-06T21:02:31.201930919-03:00 level=info msg="Migration successfully executed" id="Drop category_id index" duration=684.31µs
logger=migrator t=2026-10-06T21:02:31.230328754-03:00 level=info msg="Executing migration" id="Add column tags to annotation table"
logger=migrator t=2026-10-06T21:02:31.232448651-03:00 level=info msg="Migration successfully executed" id="Add column tags to annotation table" duration=2.128694ms
logger=migrator t=2026-10-06T21:02:31.266032938-03:00 level=info msg="Executing migration" id="Create annotation_tag table v2"
logger=migrator t=2026-10-06T21:02:31.267331316-03:00 level=info msg="Migration successfully executed" id="Create annotation_tag table v2" duration=1.297177ms
logger=migrator t=2026-10-06T21:02:31.299364897-03:00 level=info msg="Executing migration" id="Add unique index annotation_tag.annotation_id_tag_id"
logger=migrator t=2026-10-06T21:02:31.301942108-03:00 level=info msg="Migration successfully executed" id="Add unique index annotation_tag.annotation_id_tag_id" duration=2.575733ms
logger=migrator t=2026-10-06T21:02:31.336394456-03:00 level=info msg="Executing migration" id="drop index UQE_annotation_tag_annotation_id_tag_id - v2"
logger=migrator t=2026-10-06T21:02:31.337339454-03:00 level=info msg="Migration successfully executed" id="drop index UQE_annotation_tag_annotation_id_tag_id - v2" duration=946.845µs
logger=migrator t=2026-10-06T21:02:31.363202931-03:00 level=info msg="Executing migration" id="Rename table annotation_tag to annotation_tag_v2 - v2"
logger=migrator t=2026-10-06T21:02:31.37022008-03:00 level=info msg="Migration successfully executed" id="Rename table annotation_tag to annotation_tag_v2 - v2" duration=7.003109ms
logger=migrator t=2026-10-06T21:02:31.394891124-03:00 level=info msg="Executing migration" id="Create annotation_tag table v3"
logger=migrator t=2026-10-06T21:02:31.395734953-03:00 level=info msg="Migration successfully executed" id="Create annotation_tag table v3" duration=842.546µs
logger=migrator t=2026-10-06T21:02:31.41325771-03:00 level=info msg="Executing migration" id="create index UQE_annotation_tag_annotation_id_tag_id - Add unique index annotation_tag.annotation_id_tag_id V3"
logger=migrator t=2026-10-06T21:02:31.414624267-03:00 level=info msg="Migration successfully executed" id="create index UQE_annotation_tag_annotation_id_tag_id - Add unique index annotation_tag.annotation_id_tag_id V3" duration=1.364338ms
logger=migrator t=2026-10-06T21:02:31.432966343-03:00 level=info msg="Executing migration" id="copy annotation_tag v2 to v3"
logger=migrator t=2026-10-06T21:02:31.433392539-03:00 level=info msg="Migration successfully executed" id="copy annotation_tag v2 to v3" duration=428.19µs
logger=migrator t=2026-10-06T21:02:31.450199047-03:00 level=info msg="Executing migration" id="drop table annotation_tag_v2"
logger=migrator t=2026-10-06T21:02:31.450991572-03:00 level=info msg="Migration successfully executed" id="drop table annotation_tag_v2" duration=792.741µs
logger=migrator t=2026-10-06T21:02:31.47441007-03:00 level=info msg="Executing migration" id="Update alert annotations and set TEXT to empty"
logger=migrator t=2026-10-06T21:02:31.474767311-03:00 level=info msg="Migration successfully executed" id="Update alert annotations and set TEXT to empty" duration=358.397µs
logger=migrator t=2026-10-06T21:02:31.500140999-03:00 level=info msg="Executing migration" id="Add created time to annotation table"
logger=migrator t=2026-10-06T21:02:31.502737786-03:00 level=info msg="Migration successfully executed" id="Add created time to annotation table" duration=2.595839ms
logger=migrator t=2026-10-06T21:02:31.529332267-03:00 level=info msg="Executing migration" id="Add updated time to annotation table"
logger=migrator t=2026-10-06T21:02:31.533663757-03:00 level=info msg="Migration successfully executed" id="Add updated time to annotation table" duration=4.328249ms
logger=migrator t=2026-10-06T21:02:31.561200522-03:00 level=info msg="Executing migration" id="Add index for created in annotation table"
logger=migrator t=2026-10-06T21:02:31.562472669-03:00 level=info msg="Migration successfully executed" id="Add index for created in annotation table" duration=1.272299ms
logger=migrator t=2026-10-06T21:02:31.605412373-03:00 level=info msg="Executing migration" id="Add index for updated in annotation table"
logger=migrator t=2026-10-06T21:02:31.606428092-03:00 level=info msg="Migration successfully executed" id="Add index for updated in annotation table" duration=1.016639ms
logger=migrator t=2026-10-06T21:02:31.622637525-03:00 level=info msg="Executing migration" id="Convert existing annotations from seconds to milliseconds"
logger=migrator t=2026-10-06T21:02:31.624092938-03:00 level=info msg="Migration successfully executed" id="Convert existing annotations from seconds to milliseconds" duration=1.453595ms
logger=migrator t=2026-10-06T21:02:31.651149375-03:00 level=info msg="Executing migration" id="Add epoch_end column"
logger=migrator t=2026-10-06T21:02:31.653237536-03:00 level=info msg="Migration successfully executed" id="Add epoch_end column" duration=2.087808ms
logger=migrator t=2026-10-06T21:02:31.689690482-03:00 level=info msg="Executing migration" id="Add index for epoch_end"
logger=migrator t=2026-10-06T21:02:31.691096599-03:00 level=info msg="Migration successfully executed" id="Add index for epoch_end" duration=1.404311ms
logger=migrator t=2026-10-06T21:02:31.716879688-03:00 level=info msg="Executing migration" id="Make epoch_end the same as epoch"
logger=migrator t=2026-10-06T21:02:31.717160163-03:00 level=info msg="Migration successfully executed" id="Make epoch_end the same as epoch" duration=262.817µs
logger=migrator t=2026-10-06T21:02:31.7417776-03:00 level=info msg="Executing migration" id="Move region to single row"
logger=migrator t=2026-10-06T21:02:31.742195614-03:00 level=info msg="Migration successfully executed" id="Move region to single row" duration=418.757µs
logger=migrator t=2026-10-06T21:02:31.771252641-03:00 level=info msg="Executing migration" id="Remove index org_id_epoch from annotation table"
logger=migrator t=2026-10-06T21:02:31.772142734-03:00 level=info msg="Migration successfully executed" id="Remove index org_id_epoch from annotation table" duration=890.334µs
logger=migrator t=2026-10-06T21:02:31.801745358-03:00 level=info msg="Executing migration" id="Remove index org_id_dashboard_id_panel_id_epoch from annotation table"
logger=migrator t=2026-10-06T21:02:31.802729618-03:00 level=info msg="Migration successfully executed" id="Remove index org_id_dashboard_id_panel_id_epoch from annotation table" duration=962.426µs
logger=migrator t=2026-10-06T21:02:31.826556755-03:00 level=info msg="Executing migration" id="Add index for org_id_dashboard_id_epoch_end_epoch on annotation table"
logger=migrator t=2026-10-06T21:02:31.82755122-03:00 level=info msg="Migration successfully executed" id="Add index for org_id_dashboard_id_epoch_end_epoch on annotation table" duration=996.149µs
logger=migrator t=2026-10-06T21:02:31.854906531-03:00 level=info msg="Executing migration" id="Add index for org_id_epoch_end_epoch on annotation table"
logger=migrator t=2026-10-06T21:02:31.855709659-03:00 level=info msg="Migration successfully executed" id="Add index for org_id_epoch_end_epoch on annotation table" duration=804.422µs
logger=migrator t=2026-10-06T21:02:31.880858121-03:00 level=info msg="Executing migration" id="Remove index org_id_epoch_epoch_end from annotation table"
logger=migrator t=2026-10-06T21:02:31.88164445-03:00 level=info msg="Migration successfully executed" id="Remove index org_id_epoch_epoch_end from annotation table" duration=787.655µs
logger=migrator t=2026-10-06T21:02:31.928118568-03:00 level=info msg="Executing migration" id="Add index for alert_id on annotation table"
logger=migrator t=2026-10-06T21:02:31.928812574-03:00 level=info msg="Migration successfully executed" id="Add index for alert_id on annotation table" duration=694.259µs
logger=migrator t=2026-10-06T21:02:31.957672813-03:00 level=info msg="Executing migration" id="Increase tags column to length 4096"
logger=migrator t=2026-10-06T21:02:31.957777872-03:00 level=info msg="Migration successfully executed" id="Increase tags column to length 4096" duration=107.012µs
logger=migrator t=2026-10-06T21:02:31.985343918-03:00 level=info msg="Executing migration" id="Increase prev_state column to length 40 not null"
logger=migrator t=2026-10-06T21:02:31.985492051-03:00 level=info msg="Migration successfully executed" id="Increase prev_state column to length 40 not null" duration=149.89µs
logger=migrator t=2026-10-06T21:02:32.004700407-03:00 level=info msg="Executing migration" id="Increase new_state column to length 40 not null"
logger=migrator t=2026-10-06T21:02:32.004827281-03:00 level=info msg="Migration successfully executed" id="Increase new_state column to length 40 not null" duration=114.244µs
logger=migrator t=2026-10-06T21:02:32.021471608-03:00 level=info msg="Executing migration" id="create test_data table"
logger=migrator t=2026-10-06T21:02:32.022260085-03:00 level=info msg="Migration successfully executed" id="create test_data table" duration=779.207µs
logger=migrator t=2026-10-06T21:02:32.060582383-03:00 level=info msg="Executing migration" id="create dashboard_version table v1"
logger=migrator t=2026-10-06T21:02:32.061241139-03:00 level=info msg="Migration successfully executed" id="create dashboard_version table v1" duration=648.493µs
logger=migrator t=2026-10-06T21:02:32.097111001-03:00 level=info msg="Executing migration" id="add index dashboard_version.dashboard_id"
logger=migrator t=2026-10-06T21:02:32.097846082-03:00 level=info msg="Migration successfully executed" id="add index dashboard_version.dashboard_id" duration=734.958µs
logger=migrator t=2026-10-06T21:02:32.13515493-03:00 level=info msg="Executing migration" id="add unique index dashboard_version.dashboard_id and dashboard_version.version"
logger=migrator t=2026-10-06T21:02:32.135950375-03:00 level=info msg="Migration successfully executed" id="add unique index dashboard_version.dashboard_id and dashboard_version.version" duration=795.989µs
logger=migrator t=2026-10-06T21:02:32.17049869-03:00 level=info msg="Executing migration" id="Set dashboard version to 1 where 0"
logger=migrator t=2026-10-06T21:02:32.17088477-03:00 level=info msg="Migration successfully executed" id="Set dashboard version to 1 where 0" duration=387.502µs
logger=migrator t=2026-10-06T21:02:32.197734088-03:00 level=info msg="Executing migration" id="save existing dashboard data in dashboard_version table v1"
logger=migrator t=2026-10-06T21:02:32.198227997-03:00 level=info msg="Migration successfully executed" id="save existing dashboard data in dashboard_version table v1" duration=495.547µs
logger=migrator t=2026-10-06T21:02:32.226091823-03:00 level=info msg="Executing migration" id="alter dashboard_version.data to mediumtext v1"
logger=migrator t=2026-10-06T21:02:32.226245056-03:00 level=info msg="Migration successfully executed" id="alter dashboard_version.data to mediumtext v1" duration=156.71µs
logger=migrator t=2026-10-06T21:02:32.250747807-03:00 level=info msg="Executing migration" id="create team table"
logger=migrator t=2026-10-06T21:02:32.251694364-03:00 level=info msg="Migration successfully executed" id="create team table" duration=948.567µs
logger=migrator t=2026-10-06T21:02:32.271036113-03:00 level=info msg="Executing migration" id="add index team.org_id"
logger=migrator t=2026-10-06T21:02:32.272328924-03:00 level=info msg="Migration successfully executed" id="add index team.org_id" duration=1.293889ms
logger=migrator t=2026-10-06T21:02:32.307920414-03:00 level=info msg="Executing migration" id="add unique index team_org_id_name"
logger=migrator t=2026-10-06T21:02:32.310231933-03:00 level=info msg="Migration successfully executed" id="add unique index team_org_id_name" duration=2.293374ms
logger=migrator t=2026-10-06T21:02:32.345328608-03:00 level=info msg="Executing migration" id="Add column uid in team"
logger=migrator t=2026-10-06T21:02:32.349700938-03:00 level=info msg="Migration successfully executed" id="Add column uid in team" duration=4.370807ms
logger=migrator t=2026-10-06T21:02:32.384172121-03:00 level=info msg="Executing migration" id="Update uid column values in team"
logger=migrator t=2026-10-06T21:02:32.384507808-03:00 level=info msg="Migration successfully executed" id="Update uid column values in team" duration=338.295µs
logger=migrator t=2026-10-06T21:02:32.419576137-03:00 level=info msg="Executing migration" id="Add unique index team_org_id_uid"
logger=migrator t=2026-10-06T21:02:32.420432571-03:00 level=info msg="Migration successfully executed" id="Add unique index team_org_id_uid" duration=857.337µs
logger=migrator t=2026-10-06T21:02:32.456394762-03:00 level=info msg="Executing migration" id="create team member table"
logger=migrator t=2026-10-06T21:02:32.457264482-03:00 level=info msg="Migration successfully executed" id="create team member table" duration=872.948µs
logger=migrator t=2026-10-06T21:02:32.50666187-03:00 level=info msg="Executing migration" id="add index team_member.org_id"
logger=migrator t=2026-10-06T21:02:32.510232813-03:00 level=info msg="Migration successfully executed" id="add index team_member.org_id" duration=3.568718ms
logger=migrator t=2026-10-06T21:02:32.546948553-03:00 level=info msg="Executing migration" id="add unique index team_member_org_id_team_id_user_id"
logger=migrator t=2026-10-06T21:02:32.547905834-03:00 level=info msg="Migration successfully executed" id="add unique index team_member_org_id_team_id_user_id" duration=947.099µs
logger=migrator t=2026-10-06T21:02:32.598448763-03:00 level=info msg="Executing migration" id="add index team_member.team_id"
logger=migrator t=2026-10-06T21:02:32.599675613-03:00 level=info msg="Migration successfully executed" id="add index team_member.team_id" duration=1.250846ms
logger=migrator t=2026-10-06T21:02:32.63614789-03:00 level=info msg="Executing migration" id="Add column email to team table"
logger=migrator t=2026-10-06T21:02:32.638804631-03:00 level=info msg="Migration successfully executed" id="Add column email to team table" duration=2.651973ms
logger=migrator t=2026-10-06T21:02:32.659541807-03:00 level=info msg="Executing migration" id="Add column external to team_member table"
logger=migrator t=2026-10-06T21:02:32.662084344-03:00 level=info msg="Migration successfully executed" id="Add column external to team_member table" duration=2.543505ms
logger=migrator t=2026-10-06T21:02:32.704821742-03:00 level=info msg="Executing migration" id="Add column permission to team_member table"
logger=migrator t=2026-10-06T21:02:32.70796068-03:00 level=info msg="Migration successfully executed" id="Add column permission to team_member table" duration=3.135485ms
logger=migrator t=2026-10-06T21:02:32.743095822-03:00 level=info msg="Executing migration" id="add unique index team_member_user_id_org_id"
logger=migrator t=2026-10-06T21:02:32.744559857-03:00 level=info msg="Migration successfully executed" id="add unique index team_member_user_id_org_id" duration=1.462129ms
logger=migrator t=2026-10-06T21:02:32.780575262-03:00 level=info msg="Executing migration" id="create dashboard acl table"
logger=migrator t=2026-10-06T21:02:32.781346942-03:00 level=info msg="Migration successfully executed" id="create dashboard acl table" duration=773.746µs
logger=migrator t=2026-10-06T21:02:32.808126242-03:00 level=info msg="Executing migration" id="add index dashboard_acl_dashboard_id"
logger=migrator t=2026-10-06T21:02:32.80922285-03:00 level=info msg="Migration successfully executed" id="add index dashboard_acl_dashboard_id" duration=1.095929ms
logger=migrator t=2026-10-06T21:02:32.830526474-03:00 level=info msg="Executing migration" id="add unique index dashboard_acl_dashboard_id_user_id"
logger=migrator t=2026-10-06T21:02:32.831408071-03:00 level=info msg="Migration successfully executed" id="add unique index dashboard_acl_dashboard_id_user_id" duration=881.366µs
logger=migrator t=2026-10-06T21:02:32.870348743-03:00 level=info msg="Executing migration" id="add unique index dashboard_acl_dashboard_id_team_id"
logger=migrator t=2026-10-06T21:02:32.874272418-03:00 level=info msg="Migration successfully executed" id="add unique index dashboard_acl_dashboard_id_team_id" duration=3.955855ms
logger=migrator t=2026-10-06T21:02:32.908643974-03:00 level=info msg="Executing migration" id="add index dashboard_acl_user_id"
logger=migrator t=2026-10-06T21:02:32.909686009-03:00 level=info msg="Migration successfully executed" id="add index dashboard_acl_user_id" duration=1.044622ms
logger=migrator t=2026-10-06T21:02:32.943460672-03:00 level=info msg="Executing migration" id="add index dashboard_acl_team_id"
logger=migrator t=2026-10-06T21:02:32.944320589-03:00 level=info msg="Migration successfully executed" id="add index dashboard_acl_team_id" duration=860.153µs
logger=migrator t=2026-10-06T21:02:32.977887518-03:00 level=info msg="Executing migration" id="add index dashboard_acl_org_id_role"
logger=migrator t=2026-10-06T21:02:32.978839971-03:00 level=info msg="Migration successfully executed" id="add index dashboard_acl_org_id_role" duration=954.192µs
logger=migrator t=2026-10-06T21:02:32.995078821-03:00 level=info msg="Executing migration" id="add index dashboard_permission"
logger=migrator t=2026-10-06T21:02:32.995933684-03:00 level=info msg="Migration successfully executed" id="add index dashboard_permission" duration=857.282µs
logger=migrator t=2026-10-06T21:02:33.013730405-03:00 level=info msg="Executing migration" id="save default acl rules in dashboard_acl table"
logger=migrator t=2026-10-06T21:02:33.015772372-03:00 level=info msg="Migration successfully executed" id="save default acl rules in dashboard_acl table" duration=2.036525ms
logger=migrator t=2026-10-06T21:02:33.034902317-03:00 level=info msg="Executing migration" id="delete acl rules for deleted dashboards and folders"
logger=migrator t=2026-10-06T21:02:33.03529211-03:00 level=info msg="Migration successfully executed" id="delete acl rules for deleted dashboards and folders" duration=389.855µs
logger=migrator t=2026-10-06T21:02:33.0535471-03:00 level=info msg="Executing migration" id="create tag table"
logger=migrator t=2026-10-06T21:02:33.054518458-03:00 level=info msg="Migration successfully executed" id="create tag table" duration=971.681µs
logger=migrator t=2026-10-06T21:02:33.071483994-03:00 level=info msg="Executing migration" id="add index tag.key_value"
logger=migrator t=2026-10-06T21:02:33.073201472-03:00 level=info msg="Migration successfully executed" id="add index tag.key_value" duration=1.673962ms
logger=migrator t=2026-10-06T21:02:33.112362864-03:00 level=info msg="Executing migration" id="create login attempt table"
logger=migrator t=2026-10-06T21:02:33.113122551-03:00 level=info msg="Migration successfully executed" id="create login attempt table" duration=760.427µs
logger=migrator t=2026-10-06T21:02:33.149477269-03:00 level=info msg="Executing migration" id="add index login_attempt.username"
logger=migrator t=2026-10-06T21:02:33.150319657-03:00 level=info msg="Migration successfully executed" id="add index login_attempt.username" duration=843.845µs
logger=migrator t=2026-10-06T21:02:33.200112211-03:00 level=info msg="Executing migration" id="drop index IDX_login_attempt_username - v1"
logger=migrator t=2026-10-06T21:02:33.201497532-03:00 level=info msg="Migration successfully executed" id="drop index IDX_login_attempt_username - v1" duration=1.387463ms
logger=migrator t=2026-10-06T21:02:33.225964225-03:00 level=info msg="Executing migration" id="Rename table login_attempt to login_attempt_tmp_qwerty - v1"
logger=migrator t=2026-10-06T21:02:33.234447387-03:00 level=info msg="Migration successfully executed" id="Rename table login_attempt to login_attempt_tmp_qwerty - v1" duration=8.477719ms
logger=migrator t=2026-10-06T21:02:33.254372168-03:00 level=info msg="Executing migration" id="create login_attempt v2"
logger=migrator t=2026-10-06T21:02:33.255153703-03:00 level=info msg="Migration successfully executed" id="create login_attempt v2" duration=781.594µs
logger=migrator t=2026-10-06T21:02:33.276209037-03:00 level=info msg="Executing migration" id="create index IDX_login_attempt_username - v2"
logger=migrator t=2026-10-06T21:02:33.277321458-03:00 level=info msg="Migration successfully executed" id="create index IDX_login_attempt_username - v2" duration=1.114372ms
logger=migrator t=2026-10-06T21:02:33.295078217-03:00 level=info msg="Executing migration" id="copy login_attempt v1 to v2"
logger=migrator t=2026-10-06T21:02:33.295687715-03:00 level=info msg="Migration successfully executed" id="copy login_attempt v1 to v2" duration=595.579µs
logger=migrator t=2026-10-06T21:02:33.353276773-03:00 level=info msg="Executing migration" id="drop login_attempt_tmp_qwerty"
logger=migrator t=2026-10-06T21:02:33.354962206-03:00 level=info msg="Migration successfully executed" id="drop login_attempt_tmp_qwerty" duration=1.685398ms
logger=migrator t=2026-10-06T21:02:33.406455251-03:00 level=info msg="Executing migration" id="create user auth table"
logger=migrator t=2026-10-06T21:02:33.407168992-03:00 level=info msg="Migration successfully executed" id="create user auth table" duration=713.682µs
logger=migrator t=2026-10-06T21:02:33.455875235-03:00 level=info msg="Executing migration" id="create index IDX_user_auth_auth_module_auth_id - v1"
logger=migrator t=2026-10-06T21:02:33.456789633-03:00 level=info msg="Migration successfully executed" id="create index IDX_user_auth_auth_module_auth_id - v1" duration=916.366µs
logger=migrator t=2026-10-06T21:02:33.493672731-03:00 level=info msg="Executing migration" id="alter user_auth.auth_id to length 190"
logger=migrator t=2026-10-06T21:02:33.493818587-03:00 level=info msg="Migration successfully executed" id="alter user_auth.auth_id to length 190" duration=137.356µs
logger=migrator t=2026-10-06T21:02:33.536865428-03:00 level=info msg="Executing migration" id="Add OAuth access token to user_auth"
logger=migrator t=2026-10-06T21:02:33.540386181-03:00 level=info msg="Migration successfully executed" id="Add OAuth access token to user_auth" duration=3.519547ms
logger=migrator t=2026-10-06T21:02:33.575668712-03:00 level=info msg="Executing migration" id="Add OAuth refresh token to user_auth"
logger=migrator t=2026-10-06T21:02:33.578416414-03:00 level=info msg="Migration successfully executed" id="Add OAuth refresh token to user_auth" duration=2.747313ms
logger=migrator t=2026-10-06T21:02:33.601341427-03:00 level=info msg="Executing migration" id="Add OAuth token type to user_auth"
logger=migrator t=2026-10-06T21:02:33.604515301-03:00 level=info msg="Migration successfully executed" id="Add OAuth token type to user_auth" duration=3.173624ms
logger=migrator t=2026-10-06T21:02:33.623079864-03:00 level=info msg="Executing migration" id="Add OAuth expiry to user_auth"
logger=migrator t=2026-10-06T21:02:33.62583867-03:00 level=info msg="Migration successfully executed" id="Add OAuth expiry to user_auth" duration=2.759651ms
logger=migrator t=2026-10-06T21:02:33.660662002-03:00 level=info msg="Executing migration" id="Add index to user_id column in user_auth"
logger=migrator t=2026-10-06T21:02:33.661731488-03:00 level=info msg="Migration successfully executed" id="Add index to user_id column in user_auth" duration=1.080279ms
logger=migrator t=2026-10-06T21:02:33.692611462-03:00 level=info msg="Executing migration" id="Add OAuth ID token to user_auth"
logger=migrator t=2026-10-06T21:02:33.695330757-03:00 level=info msg="Migration successfully executed" id="Add OAuth ID token to user_auth" duration=2.709125ms
logger=migrator t=2026-10-06T21:02:33.733211912-03:00 level=info msg="Executing migration" id="create server_lock table"
logger=migrator t=2026-10-06T21:02:33.733956939-03:00 level=info msg="Migration successfully executed" id="create server_lock table" duration=744.52µs
logger=migrator t=2026-10-06T21:02:33.768252171-03:00 level=info msg="Executing migration" id="add index server_lock.operation_uid"
logger=migrator t=2026-10-06T21:02:33.771699534-03:00 level=info msg="Migration successfully executed" id="add index server_lock.operation_uid" duration=3.448331ms
logger=migrator t=2026-10-06T21:02:33.824205341-03:00 level=info msg="Executing migration" id="create user auth token table"
logger=migrator t=2026-10-06T21:02:33.830026453-03:00 level=info msg="Migration successfully executed" id="create user auth token table" duration=5.817448ms
logger=migrator t=2026-10-06T21:02:33.861194263-03:00 level=info msg="Executing migration" id="add unique index user_auth_token.auth_token"
logger=migrator t=2026-10-06T21:02:33.862470298-03:00 level=info msg="Migration successfully executed" id="add unique index user_auth_token.auth_token" duration=1.2741ms
logger=migrator t=2026-10-06T21:02:33.889672439-03:00 level=info msg="Executing migration" id="add unique index user_auth_token.prev_auth_token"
logger=migrator t=2026-10-06T21:02:33.890910209-03:00 level=info msg="Migration successfully executed" id="add unique index user_auth_token.prev_auth_token" duration=1.237673ms
logger=migrator t=2026-10-06T21:02:33.924988956-03:00 level=info msg="Executing migration" id="add index user_auth_token.user_id"
logger=migrator t=2026-10-06T21:02:33.925872592-03:00 level=info msg="Migration successfully executed" id="add index user_auth_token.user_id" duration=883.884µs
logger=migrator t=2026-10-06T21:02:33.95396427-03:00 level=info msg="Executing migration" id="Add revoked_at to the user auth token"
logger=migrator t=2026-10-06T21:02:33.958848873-03:00 level=info msg="Migration successfully executed" id="Add revoked_at to the user auth token" duration=4.879598ms
logger=migrator t=2026-10-06T21:02:33.988301209-03:00 level=info msg="Executing migration" id="add index user_auth_token.revoked_at"
logger=migrator t=2026-10-06T21:02:33.990156993-03:00 level=info msg="Migration successfully executed" id="add index user_auth_token.revoked_at" duration=1.874956ms
logger=migrator t=2026-10-06T21:02:34.031169507-03:00 level=info msg="Executing migration" id="add external_session_id to user_auth_token"
logger=migrator t=2026-10-06T21:02:34.034798256-03:00 level=info msg="Migration successfully executed" id="add external_session_id to user_auth_token" duration=3.62826ms
logger=migrator t=2026-10-06T21:02:34.069295786-03:00 level=info msg="Executing migration" id="create cache_data table"
logger=migrator t=2026-10-06T21:02:34.070338756-03:00 level=info msg="Migration successfully executed" id="create cache_data table" duration=1.042399ms
logger=migrator t=2026-10-06T21:02:34.107271553-03:00 level=info msg="Executing migration" id="add unique index cache_data.cache_key"
logger=migrator t=2026-10-06T21:02:34.108239535-03:00 level=info msg="Migration successfully executed" id="add unique index cache_data.cache_key" duration=970.514µs
logger=migrator t=2026-10-06T21:02:34.137515834-03:00 level=info msg="Executing migration" id="create short_url table v1"
logger=migrator t=2026-10-06T21:02:34.138286306-03:00 level=info msg="Migration successfully executed" id="create short_url table v1" duration=767.553µs
logger=migrator t=2026-10-06T21:02:34.179988716-03:00 level=info msg="Executing migration" id="add index short_url.org_id-uid"
logger=migrator t=2026-10-06T21:02:34.181055853-03:00 level=info msg="Migration successfully executed" id="add index short_url.org_id-uid" duration=1.069371ms
logger=migrator t=2026-10-06T21:02:34.207032104-03:00 level=info msg="Executing migration" id="alter table short_url alter column created_by type to bigint"
logger=migrator t=2026-10-06T21:02:34.20714985-03:00 level=info msg="Migration successfully executed" id="alter table short_url alter column created_by type to bigint" duration=120.108µs
logger=migrator t=2026-10-06T21:02:34.234655244-03:00 level=info msg="Executing migration" id="delete alert_definition table"
logger=migrator t=2026-10-06T21:02:34.234861283-03:00 level=info msg="Migration successfully executed" id="delete alert_definition table" duration=231.568µs
logger=migrator t=2026-10-06T21:02:34.253129802-03:00 level=info msg="Executing migration" id="recreate alert_definition table"
logger=migrator t=2026-10-06T21:02:34.254430097-03:00 level=info msg="Migration successfully executed" id="recreate alert_definition table" duration=1.296981ms
logger=migrator t=2026-10-06T21:02:34.2818284-03:00 level=info msg="Executing migration" id="add index in alert_definition on org_id and title columns"
logger=migrator t=2026-10-06T21:02:34.283058874-03:00 level=info msg="Migration successfully executed" id="add index in alert_definition on org_id and title columns" duration=1.231388ms
logger=migrator t=2026-10-06T21:02:34.303891552-03:00 level=info msg="Executing migration" id="add index in alert_definition on org_id and uid columns"
logger=migrator t=2026-10-06T21:02:34.304773554-03:00 level=info msg="Migration successfully executed" id="add index in alert_definition on org_id and uid columns" duration=882.01µs
logger=migrator t=2026-10-06T21:02:34.323690617-03:00 level=info msg="Executing migration" id="alter alert_definition table data column to mediumtext in mysql"
logger=migrator t=2026-10-06T21:02:34.323869395-03:00 level=info msg="Migration successfully executed" id="alter alert_definition table data column to mediumtext in mysql" duration=168.373µs
logger=migrator t=2026-10-06T21:02:34.353407639-03:00 level=info msg="Executing migration" id="drop index in alert_definition on org_id and title columns"
logger=migrator t=2026-10-06T21:02:34.354383651-03:00 level=info msg="Migration successfully executed" id="drop index in alert_definition on org_id and title columns" duration=977.155µs
logger=migrator t=2026-10-06T21:02:34.387489954-03:00 level=info msg="Executing migration" id="drop index in alert_definition on org_id and uid columns"
logger=migrator t=2026-10-06T21:02:34.389285043-03:00 level=info msg="Migration successfully executed" id="drop index in alert_definition on org_id and uid columns" duration=1.797348ms
logger=migrator t=2026-10-06T21:02:34.411071102-03:00 level=info msg="Executing migration" id="add unique index in alert_definition on org_id and title columns"
logger=migrator t=2026-10-06T21:02:34.412167475-03:00 level=info msg="Migration successfully executed" id="add unique index in alert_definition on org_id and title columns" duration=1.098056ms
logger=migrator t=2026-10-06T21:02:34.429466803-03:00 level=info msg="Executing migration" id="add unique index in alert_definition on org_id and uid columns"
logger=migrator t=2026-10-06T21:02:34.430352081-03:00 level=info msg="Migration successfully executed" id="add unique index in alert_definition on org_id and uid columns" duration=884.926µs
logger=migrator t=2026-10-06T21:02:34.447969578-03:00 level=info msg="Executing migration" id="Add column paused in alert_definition"
logger=migrator t=2026-10-06T21:02:34.452110581-03:00 level=info msg="Migration successfully executed" id="Add column paused in alert_definition" duration=4.138256ms
logger=migrator t=2026-10-06T21:02:34.476638476-03:00 level=info msg="Executing migration" id="drop alert_definition table"
logger=migrator t=2026-10-06T21:02:34.47970829-03:00 level=info msg="Migration successfully executed" id="drop alert_definition table" duration=3.065331ms
logger=migrator t=2026-10-06T21:02:34.542307908-03:00 level=info msg="Executing migration" id="delete alert_definition_version table"
logger=migrator t=2026-10-06T21:02:34.542498834-03:00 level=info msg="Migration successfully executed" id="delete alert_definition_version table" duration=194.701µs
logger=migrator t=2026-10-06T21:02:34.575209467-03:00 level=info msg="Executing migration" id="recreate alert_definition_version table"
logger=migrator t=2026-10-06T21:02:34.576554607-03:00 level=info msg="Migration successfully executed" id="recreate alert_definition_version table" duration=1.345952ms
logger=migrator t=2026-10-06T21:02:34.611832013-03:00 level=info msg="Executing migration" id="add index in alert_definition_version table on alert_definition_id and version columns"
logger=migrator t=2026-10-06T21:02:34.613098717-03:00 level=info msg="Migration successfully executed" id="add index in alert_definition_version table on alert_definition_id and version columns" duration=1.265813ms
logger=migrator t=2026-10-06T21:02:34.639989129-03:00 level=info msg="Executing migration" id="add index in alert_definition_version table on alert_definition_uid and version columns"
logger=migrator t=2026-10-06T21:02:34.641265125-03:00 level=info msg="Migration successfully executed" id="add index in alert_definition_version table on alert_definition_uid and version columns" duration=1.276999ms
logger=migrator t=2026-10-06T21:02:34.664397277-03:00 level=info msg="Executing migration" id="alter alert_definition_version table data column to mediumtext in mysql"
logger=migrator t=2026-10-06T21:02:34.664575082-03:00 level=info msg="Migration successfully executed" id="alter alert_definition_version table data column to mediumtext in mysql" duration=182.12µs
logger=migrator t=2026-10-06T21:02:34.718399102-03:00 level=info msg="Executing migration" id="drop alert_definition_version table"
logger=migrator t=2026-10-06T21:02:34.720281446-03:00 level=info msg="Migration successfully executed" id="drop alert_definition_version table" duration=1.87769ms
logger=migrator t=2026-10-06T21:02:34.751798946-03:00 level=info msg="Executing migration" id="create alert_instance table"
logger=migrator t=2026-10-06T21:02:34.752851668-03:00 level=info msg="Migration successfully executed" id="create alert_instance table" duration=1.042053ms
logger=migrator t=2026-10-06T21:02:34.775167683-03:00 level=info msg="Executing migration" id="add index in alert_instance table on def_org_id, def_uid and current_state columns"
logger=migrator t=2026-10-06T21:02:34.777177106-03:00 level=info msg="Migration successfully executed" id="add index in alert_instance table on def_org_id, def_uid and current_state columns" duration=2.034576ms
logger=migrator t=2026-10-06T21:02:34.821393307-03:00 level=info msg="Executing migration" id="add index in alert_instance table on def_org_id, current_state columns"
logger=migrator t=2026-10-06T21:02:34.822323126-03:00 level=info msg="Migration successfully executed" id="add index in alert_instance table on def_org_id, current_state columns" duration=931.316µs
logger=migrator t=2026-10-06T21:02:34.864192099-03:00 level=info msg="Executing migration" id="add column current_state_end to alert_instance"
logger=migrator t=2026-10-06T21:02:34.868496415-03:00 level=info msg="Migration successfully executed" id="add column current_state_end to alert_instance" duration=4.298721ms
logger=migrator t=2026-10-06T21:02:34.89391041-03:00 level=info msg="Executing migration" id="remove index def_org_id, def_uid, current_state on alert_instance"
logger=migrator t=2026-10-06T21:02:34.894943743-03:00 level=info msg="Migration successfully executed" id="remove index def_org_id, def_uid, current_state on alert_instance" duration=1.026005ms
logger=migrator t=2026-10-06T21:02:34.91821938-03:00 level=info msg="Executing migration" id="remove index def_org_id, current_state on alert_instance"
logger=migrator t=2026-10-06T21:02:34.9191516-03:00 level=info msg="Migration successfully executed" id="remove index def_org_id, current_state on alert_instance" duration=933.002µs
logger=migrator t=2026-10-06T21:02:34.93720076-03:00 level=info msg="Executing migration" id="rename def_org_id to rule_org_id in alert_instance"
logger=migrator t=2026-10-06T21:02:34.958415141-03:00 level=info msg="Migration successfully executed" id="rename def_org_id to rule_org_id in alert_instance" duration=21.221906ms
logger=migrator t=2026-10-06T21:02:34.977091401-03:00 level=info msg="Executing migration" id="rename def_uid to rule_uid in alert_instance"
logger=migrator t=2026-10-06T21:02:34.995766928-03:00 level=info msg="Migration successfully executed" id="rename def_uid to rule_uid in alert_instance" duration=18.673889ms
logger=migrator t=2026-10-06T21:02:35.017687916-03:00 level=info msg="Executing migration" id="add index rule_org_id, rule_uid, current_state on alert_instance"
logger=migrator t=2026-10-06T21:02:35.019218296-03:00 level=info msg="Migration successfully executed" id="add index rule_org_id, rule_uid, current_state on alert_instance" duration=1.528974ms
logger=migrator t=2026-10-06T21:02:35.039025565-03:00 level=info msg="Executing migration" id="add index rule_org_id, current_state on alert_instance"
logger=migrator t=2026-10-06T21:02:35.040196366-03:00 level=info msg="Migration successfully executed" id="add index rule_org_id, current_state on alert_instance" duration=1.156127ms
logger=migrator t=2026-10-06T21:02:35.059528719-03:00 level=info msg="Executing migration" id="add current_reason column related to current_state"
logger=migrator t=2026-10-06T21:02:35.062767435-03:00 level=info msg="Migration successfully executed" id="add current_reason column related to current_state" duration=3.236508ms
logger=migrator t=2026-10-06T21:02:35.084598511-03:00 level=info msg="Executing migration" id="add result_fingerprint column to alert_instance"
logger=migrator t=2026-10-06T21:02:35.088438884-03:00 level=info msg="Migration successfully executed" id="add result_fingerprint column to alert_instance" duration=3.837196ms
logger=migrator t=2026-10-06T21:02:35.107714951-03:00 level=info msg="Executing migration" id="create alert_rule table"
logger=migrator t=2026-10-06T21:02:35.108753938-03:00 level=info msg="Migration successfully executed" id="create alert_rule table" duration=1.038693ms
logger=migrator t=2026-10-06T21:02:35.127474725-03:00 level=info msg="Executing migration" id="add index in alert_rule on org_id and title columns"
logger=migrator t=2026-10-06T21:02:35.128682974-03:00 level=info msg="Migration successfully executed" id="add index in alert_rule on org_id and title columns" duration=1.225554ms
logger=migrator t=2026-10-06T21:02:35.180125099-03:00 level=info msg="Executing migration" id="add index in alert_rule on org_id and uid columns"
logger=migrator t=2026-10-06T21:02:35.181457678-03:00 level=info msg="Migration successfully executed" id="add index in alert_rule on org_id and uid columns" duration=1.32993ms
logger=migrator t=2026-10-06T21:02:35.222476252-03:00 level=info msg="Executing migration" id="add index in alert_rule on org_id, namespace_uid, group_uid columns"
logger=migrator t=2026-10-06T21:02:35.223550571-03:00 level=info msg="Migration successfully executed" id="add index in alert_rule on org_id, namespace_uid, group_uid columns" duration=1.073944ms
logger=migrator t=2026-10-06T21:02:35.245522813-03:00 level=info msg="Executing migration" id="alter alert_rule table data column to mediumtext in mysql"
logger=migrator t=2026-10-06T21:02:35.245656822-03:00 level=info msg="Migration successfully executed" id="alter alert_rule table data column to mediumtext in mysql" duration=136.24µs
logger=migrator t=2026-10-06T21:02:35.262706504-03:00 level=info msg="Executing migration" id="add column for to alert_rule"
logger=migrator t=2026-10-06T21:02:35.26914233-03:00 level=info msg="Migration successfully executed" id="add column for to alert_rule" duration=6.505226ms
logger=migrator t=2026-10-06T21:02:35.287507161-03:00 level=info msg="Executing migration" id="add column annotations to alert_rule"
logger=migrator t=2026-10-06T21:02:35.294209749-03:00 level=info msg="Migration successfully executed" id="add column annotations to alert_rule" duration=6.716035ms
logger=migrator t=2026-10-06T21:02:35.31430134-03:00 level=info msg="Executing migration" id="add column labels to alert_rule"
logger=migrator t=2026-10-06T21:02:35.318231247-03:00 level=info msg="Migration successfully executed" id="add column labels to alert_rule" duration=3.927398ms
logger=migrator t=2026-10-06T21:02:35.338267508-03:00 level=info msg="Executing migration" id="remove unique index from alert_rule on org_id, title columns"
logger=migrator t=2026-10-06T21:02:35.340653885-03:00 level=info msg="Migration successfully executed" id="remove unique index from alert_rule on org_id, title columns" duration=2.385674ms
logger=migrator t=2026-10-06T21:02:35.357140487-03:00 level=info msg="Executing migration" id="add index in alert_rule on org_id, namespase_uid and title columns"
logger=migrator t=2026-10-06T21:02:35.35806336-03:00 level=info msg="Migration successfully executed" id="add index in alert_rule on org_id, namespase_uid and title columns" duration=922.695µs
logger=migrator t=2026-10-06T21:02:35.377973667-03:00 level=info msg="Executing migration" id="add dashboard_uid column to alert_rule"
logger=migrator t=2026-10-06T21:02:35.385805571-03:00 level=info msg="Migration successfully executed" id="add dashboard_uid column to alert_rule" duration=7.828962ms
logger=migrator t=2026-10-06T21:02:35.404286807-03:00 level=info msg="Executing migration" id="add panel_id column to alert_rule"
logger=migrator t=2026-10-06T21:02:35.408560327-03:00 level=info msg="Migration successfully executed" id="add panel_id column to alert_rule" duration=4.266583ms
logger=migrator t=2026-10-06T21:02:35.434564855-03:00 level=info msg="Executing migration" id="add index in alert_rule on org_id, dashboard_uid and panel_id columns"
logger=migrator t=2026-10-06T21:02:35.4406927-03:00 level=info msg="Migration successfully executed" id="add index in alert_rule on org_id, dashboard_uid and panel_id columns" duration=6.121346ms
logger=migrator t=2026-10-06T21:02:35.473054548-03:00 level=info msg="Executing migration" id="add rule_group_idx column to alert_rule"
logger=migrator t=2026-10-06T21:02:35.477157957-03:00 level=info msg="Migration successfully executed" id="add rule_group_idx column to alert_rule" duration=4.104014ms
logger=migrator t=2026-10-06T21:02:35.540103192-03:00 level=info msg="Executing migration" id="add is_paused column to alert_rule table"
logger=migrator t=2026-10-06T21:02:35.564200327-03:00 level=info msg="Migration successfully executed" id="add is_paused column to alert_rule table" duration=24.092654ms
logger=migrator t=2026-10-06T21:02:35.587380981-03:00 level=info msg="Executing migration" id="fix is_paused column for alert_rule table"
logger=migrator t=2026-10-06T21:02:35.587500633-03:00 level=info msg="Migration successfully executed" id="fix is_paused column for alert_rule table" duration=122.53µs
logger=migrator t=2026-10-06T21:02:35.606746037-03:00 level=info msg="Executing migration" id="create alert_rule_version table"
logger=migrator t=2026-10-06T21:02:35.609125033-03:00 level=info msg="Migration successfully executed" id="create alert_rule_version table" duration=2.375337ms
logger=migrator t=2026-10-06T21:02:35.633067199-03:00 level=info msg="Executing migration" id="add index in alert_rule_version table on rule_org_id, rule_uid and version columns"
logger=migrator t=2026-10-06T21:02:35.63438227-03:00 level=info msg="Migration successfully executed" id="add index in alert_rule_version table on rule_org_id, rule_uid and version columns" duration=1.315957ms
logger=migrator t=2026-10-06T21:02:35.658564076-03:00 level=info msg="Executing migration" id="add index in alert_rule_version table on rule_org_id, rule_namespace_uid and rule_group columns"
logger=migrator t=2026-10-06T21:02:35.659919012-03:00 level=info msg="Migration successfully executed" id="add index in alert_rule_version table on rule_org_id, rule_namespace_uid and rule_group columns" duration=1.338653ms
logger=migrator t=2026-10-06T21:02:35.681988178-03:00 level=info msg="Executing migration" id="alter alert_rule_version table data column to mediumtext in mysql"
logger=migrator t=2026-10-06T21:02:35.682119238-03:00 level=info msg="Migration successfully executed" id="alter alert_rule_version table data column to mediumtext in mysql" duration=132.982µs
logger=migrator t=2026-10-06T21:02:35.707603797-03:00 level=info msg="Executing migration" id="add column for to alert_rule_version"
logger=migrator t=2026-10-06T21:02:35.722594375-03:00 level=info msg="Migration successfully executed" id="add column for to alert_rule_version" duration=14.851544ms
logger=migrator t=2026-10-06T21:02:35.744098811-03:00 level=info msg="Executing migration" id="add column annotations to alert_rule_version"
logger=migrator t=2026-10-06T21:02:35.749779075-03:00 level=info msg="Migration successfully executed" id="add column annotations to alert_rule_version" duration=5.676799ms
logger=migrator t=2026-10-06T21:02:35.777474688-03:00 level=info msg="Executing migration" id="add column labels to alert_rule_version"
logger=migrator t=2026-10-06T21:02:35.783048762-03:00 level=info msg="Migration successfully executed" id="add column labels to alert_rule_version" duration=5.569468ms
logger=migrator t=2026-10-06T21:02:35.812714808-03:00 level=info msg="Executing migration" id="add rule_group_idx column to alert_rule_version"
logger=migrator t=2026-10-06T21:02:35.818070486-03:00 level=info msg="Migration successfully executed" id="add rule_group_idx column to alert_rule_version" duration=5.353793ms
logger=migrator t=2026-10-06T21:02:35.839326247-03:00 level=info msg="Executing migration" id="add is_paused column to alert_rule_versions table"
logger=migrator t=2026-10-06T21:02:35.845364831-03:00 level=info msg="Migration successfully executed" id="add is_paused column to alert_rule_versions table" duration=6.035025ms
logger=migrator t=2026-10-06T21:02:35.868998296-03:00 level=info msg="Executing migration" id="fix is_paused column for alert_rule_version table"
logger=migrator t=2026-10-06T21:02:35.869181685-03:00 level=info msg="Migration successfully executed" id="fix is_paused column for alert_rule_version table" duration=207.785µs
logger=migrator t=2026-10-06T21:02:35.891509692-03:00 level=info msg="Executing migration" id=create_alert_configuration_table
logger=migrator t=2026-10-06T21:02:35.89255671-03:00 level=info msg="Migration successfully executed" id=create_alert_configuration_table duration=1.046678ms
logger=migrator t=2026-10-06T21:02:35.911393381-03:00 level=info msg="Executing migration" id="Add column default in alert_configuration"
logger=migrator t=2026-10-06T21:02:35.916853502-03:00 level=info msg="Migration successfully executed" id="Add column default in alert_configuration" duration=5.458568ms
logger=migrator t=2026-10-06T21:02:35.941101895-03:00 level=info msg="Executing migration" id="alert alert_configuration alertmanager_configuration column from TEXT to MEDIUMTEXT if mysql"
logger=migrator t=2026-10-06T21:02:35.94130051-03:00 level=info msg="Migration successfully executed" id="alert alert_configuration alertmanager_configuration column from TEXT to MEDIUMTEXT if mysql" duration=202.686µs
logger=migrator t=2026-10-06T21:02:35.96126466-03:00 level=info msg="Executing migration" id="add column org_id in alert_configuration"
logger=migrator t=2026-10-06T21:02:35.965547634-03:00 level=info msg="Migration successfully executed" id="add column org_id in alert_configuration" duration=4.281188ms
logger=migrator t=2026-10-06T21:02:35.985826921-03:00 level=info msg="Executing migration" id="add index in alert_configuration table on org_id column"
logger=migrator t=2026-10-06T21:02:35.989826999-03:00 level=info msg="Migration successfully executed" id="add index in alert_configuration table on org_id column" duration=3.996163ms
logger=migrator t=2026-10-06T21:02:36.013026314-03:00 level=info msg="Executing migration" id="add configuration_hash column to alert_configuration"
logger=migrator t=2026-10-06T21:02:36.01830837-03:00 level=info msg="Migration successfully executed" id="add configuration_hash column to alert_configuration" duration=5.278204ms
logger=migrator t=2026-10-06T21:02:36.040026699-03:00 level=info msg="Executing migration" id=create_ngalert_configuration_table
logger=migrator t=2026-10-06T21:02:36.040866799-03:00 level=info msg="Migration successfully executed" id=create_ngalert_configuration_table duration=841.316µs
logger=migrator t=2026-10-06T21:02:36.058460644-03:00 level=info msg="Executing migration" id="add index in ngalert_configuration on org_id column"
logger=migrator t=2026-10-06T21:02:36.060193385-03:00 level=info msg="Migration successfully executed" id="add index in ngalert_configuration on org_id column" duration=1.732615ms
logger=migrator t=2026-10-06T21:02:36.07988151-03:00 level=info msg="Executing migration" id="add column send_alerts_to in ngalert_configuration"
logger=migrator t=2026-10-06T21:02:36.095191122-03:00 level=info msg="Migration successfully executed" id="add column send_alerts_to in ngalert_configuration" duration=15.308084ms
logger=migrator t=2026-10-06T21:02:36.117540559-03:00 level=info msg="Executing migration" id="create provenance_type table"
logger=migrator t=2026-10-06T21:02:36.119006917-03:00 level=info msg="Migration successfully executed" id="create provenance_type table" duration=1.465838ms
logger=migrator t=2026-10-06T21:02:36.139943437-03:00 level=info msg="Executing migration" id="add index to uniquify (record_key, record_type, org_id) columns"
logger=migrator t=2026-10-06T21:02:36.141240681-03:00 level=info msg="Migration successfully executed" id="add index to uniquify (record_key, record_type, org_id) columns" duration=1.298958ms
logger=migrator t=2026-10-06T21:02:36.158545929-03:00 level=info msg="Executing migration" id="create alert_image table"
logger=migrator t=2026-10-06T21:02:36.159838147-03:00 level=info msg="Migration successfully executed" id="create alert_image table" duration=1.290571ms
logger=migrator t=2026-10-06T21:02:36.18120501-03:00 level=info msg="Executing migration" id="add unique index on token to alert_image table"
logger=migrator t=2026-10-06T21:02:36.18246703-03:00 level=info msg="Migration successfully executed" id="add unique index on token to alert_image table" duration=1.262362ms
logger=migrator t=2026-10-06T21:02:36.210953485-03:00 level=info msg="Executing migration" id="support longer URLs in alert_image table"
logger=migrator t=2026-10-06T21:02:36.211146694-03:00 level=info msg="Migration successfully executed" id="support longer URLs in alert_image table" duration=196.971µs
logger=migrator t=2026-10-06T21:02:36.226983133-03:00 level=info msg="Executing migration" id=create_alert_configuration_history_table
logger=migrator t=2026-10-06T21:02:36.228213735-03:00 level=info msg="Migration successfully executed" id=create_alert_configuration_history_table duration=1.231311ms
logger=migrator t=2026-10-06T21:02:36.246544052-03:00 level=info msg="Executing migration" id="drop non-unique orgID index on alert_configuration"
logger=migrator t=2026-10-06T21:02:36.247501471-03:00 level=info msg="Migration successfully executed" id="drop non-unique orgID index on alert_configuration" duration=957.758µs
logger=migrator t=2026-10-06T21:02:36.269519501-03:00 level=info msg="Executing migration" id="drop unique orgID index on alert_configuration if exists"
logger=migrator t=2026-10-06T21:02:36.270047502-03:00 level=warn msg="Skipping migration: Already executed, but not recorded in migration log" id="drop unique orgID index on alert_configuration if exists"
logger=migrator t=2026-10-06T21:02:36.28951899-03:00 level=info msg="Executing migration" id="extract alertmanager configuration history to separate table"
logger=migrator t=2026-10-06T21:02:36.29497501-03:00 level=info msg="Migration successfully executed" id="extract alertmanager configuration history to separate table" duration=5.452795ms
logger=migrator t=2026-10-06T21:02:36.319039592-03:00 level=info msg="Executing migration" id="add unique index on orgID to alert_configuration"
logger=migrator t=2026-10-06T21:02:36.320432745-03:00 level=info msg="Migration successfully executed" id="add unique index on orgID to alert_configuration" duration=1.29514ms
logger=migrator t=2026-10-06T21:02:36.339108624-03:00 level=info msg="Executing migration" id="add last_applied column to alert_configuration_history"
logger=migrator t=2026-10-06T21:02:36.348462477-03:00 level=info msg="Migration successfully executed" id="add last_applied column to alert_configuration_history" duration=9.348244ms
logger=migrator t=2026-10-06T21:02:36.371360991-03:00 level=info msg="Executing migration" id="create library_element table v1"
logger=migrator t=2026-10-06T21:02:36.373961354-03:00 level=info msg="Migration successfully executed" id="create library_element table v1" duration=2.596349ms
logger=migrator t=2026-10-06T21:02:36.390684673-03:00 level=info msg="Executing migration" id="add index library_element org_id-folder_id-name-kind"
logger=migrator t=2026-10-06T21:02:36.391870325-03:00 level=info msg="Migration successfully executed" id="add index library_element org_id-folder_id-name-kind" duration=1.185933ms
logger=migrator t=2026-10-06T21:02:36.413477752-03:00 level=info msg="Executing migration" id="create library_element_connection table v1"
logger=migrator t=2026-10-06T21:02:36.414628431-03:00 level=info msg="Migration successfully executed" id="create library_element_connection table v1" duration=1.169919ms
logger=migrator t=2026-10-06T21:02:36.467512306-03:00 level=info msg="Executing migration" id="add index library_element_connection element_id-kind-connection_id"
logger=migrator t=2026-10-06T21:02:36.469039533-03:00 level=info msg="Migration successfully executed" id="add index library_element_connection element_id-kind-connection_id" duration=1.526471ms
logger=migrator t=2026-10-06T21:02:36.505848977-03:00 level=info msg="Executing migration" id="add unique index library_element org_id_uid"
logger=migrator t=2026-10-06T21:02:36.511407361-03:00 level=info msg="Migration successfully executed" id="add unique index library_element org_id_uid" duration=5.557281ms
logger=migrator t=2026-10-06T21:02:36.549355786-03:00 level=info msg="Executing migration" id="increase max description length to 2048"
logger=migrator t=2026-10-06T21:02:36.549456249-03:00 level=info msg="Migration successfully executed" id="increase max description length to 2048" duration=104.799µs
logger=migrator t=2026-10-06T21:02:36.614542984-03:00 level=info msg="Executing migration" id="alter library_element model to mediumtext"
logger=migrator t=2026-10-06T21:02:36.614783184-03:00 level=info msg="Migration successfully executed" id="alter library_element model to mediumtext" duration=1.263274ms
logger=migrator t=2026-10-06T21:02:36.678305595-03:00 level=info msg="Executing migration" id="add library_element folder uid"
logger=migrator t=2026-10-06T21:02:36.712337053-03:00 level=info msg="Migration successfully executed" id="add library_element folder uid" duration=34.031308ms
logger=migrator t=2026-10-06T21:02:36.789714818-03:00 level=info msg="Executing migration" id="populate library_element folder_uid"
logger=migrator t=2026-10-06T21:02:36.797578062-03:00 level=info msg="Migration successfully executed" id="populate library_element folder_uid" duration=7.861715ms
logger=migrator t=2026-10-06T21:02:36.85376858-03:00 level=info msg="Executing migration" id="add index library_element org_id-folder_uid-name-kind"
logger=migrator t=2026-10-06T21:02:36.854775256-03:00 level=info msg="Migration successfully executed" id="add index library_element org_id-folder_uid-name-kind" duration=1.007104ms
logger=migrator t=2026-10-06T21:02:36.881915936-03:00 level=info msg="Executing migration" id="clone move dashboard alerts to unified alerting"
logger=migrator t=2026-10-06T21:02:36.904102562-03:00 level=info msg="Migration successfully executed" id="clone move dashboard alerts to unified alerting" duration=22.152521ms
logger=migrator t=2026-10-06T21:02:36.922386392-03:00 level=info msg="Executing migration" id="create data_keys table"
logger=migrator t=2026-10-06T21:02:36.926253868-03:00 level=info msg="Migration successfully executed" id="create data_keys table" duration=3.867923ms
logger=migrator t=2026-10-06T21:02:37.063154821-03:00 level=info msg="Executing migration" id="create secrets table"
logger=migrator t=2026-10-06T21:02:37.064157942-03:00 level=info msg="Migration successfully executed" id="create secrets table" duration=1.002202ms
logger=migrator t=2026-10-06T21:02:38.031459868-03:00 level=info msg="Executing migration" id="rename data_keys name column to id"
logger=migrator t=2026-10-06T21:02:43.389218629-03:00 level=info msg="Migration successfully executed" id="rename data_keys name column to id" duration=5.357752248s
logger=migrator t=2026-10-06T21:03:30.23673779-03:00 level=info msg="Executing migration" id="add name column into data_keys"
logger=migrator t=2026-10-06T21:03:30.242036432-03:00 level=info msg="Migration successfully executed" id="add name column into data_keys" duration=5.299635ms
logger=migrator t=2026-10-06T21:03:32.077954288-03:00 level=info msg="Executing migration" id="copy data_keys id column values into name"
logger=migrator t=2026-10-06T21:03:32.078203053-03:00 level=info msg="Migration successfully executed" id="copy data_keys id column values into name" duration=249.993µs
logger=migrator t=2026-10-06T21:03:32.154349828-03:00 level=info msg="Executing migration" id="rename data_keys name column to label"
logger=settings t=2026-10-06T21:06:26.583514163-03:00 level=info msg="Starting Grafana" version=11.5.2 commit=598e0338d5374d6bc404b02a58094132c5eeceb8 branch=HEAD compiled=2026-10-06T21:06:26-03:00
logger=settings t=2026-10-06T21:06:26.586352793-03:00 level=info msg="Config loaded from" file=/tmp/b1-tools/grafana-v11.5.2/conf/defaults.ini
logger=settings t=2026-10-06T21:06:26.586389769-03:00 level=info msg="Config loaded from" file=/home/engler/devops/gamificacao-educacao-continuada/.runtime/run-20261007T000613Z/grafana.ini
logger=settings t=2026-10-06T21:06:26.586396884-03:00 level=info msg="Config overridden from Environment variable" var="GF_PATHS_DATA=/home/engler/devops/gamificacao-educacao-continuada/.runtime/run-20261007T000613Z/grafana"
logger=settings t=2026-10-06T21:06:26.586402911-03:00 level=info msg="Config overridden from Environment variable" var="GF_PATHS_LOGS=/home/engler/devops/gamificacao-educacao-continuada/.runtime/run-20261007T000613Z/grafana-logs"
logger=settings t=2026-10-06T21:06:26.586408319-03:00 level=info msg="Config overridden from Environment variable" var="GF_PATHS_PLUGINS=/home/engler/devops/gamificacao-educacao-continuada/.runtime/run-20261007T000613Z/grafana-plugins"
logger=settings t=2026-10-06T21:06:26.586413707-03:00 level=info msg="Config overridden from Environment variable" var="GF_PATHS_PROVISIONING=/home/engler/devops/gamificacao-educacao-continuada/ops/grafana/provisioning"
logger=settings t=2026-10-06T21:06:26.586419906-03:00 level=info msg="Config overridden from Environment variable" var="GF_SERVER_HTTP_ADDR=127.0.0.1"
logger=settings t=2026-10-06T21:06:26.586425231-03:00 level=info msg="Config overridden from Environment variable" var="GF_SECURITY_ADMIN_USER=admin"
logger=settings t=2026-10-06T21:06:26.586430409-03:00 level=info msg="Config overridden from Environment variable" var="GF_SECURITY_ADMIN_PASSWORD=*********"
logger=settings t=2026-10-06T21:06:26.586436014-03:00 level=info msg="Config overridden from Environment variable" var="GF_PLUGINS_PREINSTALL_DISABLED=true"
logger=settings t=2026-10-06T21:06:26.586445592-03:00 level=info msg=Target target=[all]
logger=settings t=2026-10-06T21:06:26.586457336-03:00 level=info msg="Path Home" path=/tmp/b1-tools/grafana-v11.5.2
logger=settings t=2026-10-06T21:06:26.586462413-03:00 level=info msg="Path Data" path=/home/engler/devops/gamificacao-educacao-continuada/.runtime/run-20261007T000613Z/grafana
logger=settings t=2026-10-06T21:06:26.586467521-03:00 level=info msg="Path Logs" path=/home/engler/devops/gamificacao-educacao-continuada/.runtime/run-20261007T000613Z/grafana-logs
logger=settings t=2026-10-06T21:06:26.586472734-03:00 level=info msg="Path Plugins" path=/home/engler/devops/gamificacao-educacao-continuada/.runtime/run-20261007T000613Z/grafana-plugins
logger=settings t=2026-10-06T21:06:26.586477949-03:00 level=info msg="Path Provisioning" path=/home/engler/devops/gamificacao-educacao-continuada/ops/grafana/provisioning
logger=settings t=2026-10-06T21:06:26.586483374-03:00 level=info msg="App mode production"
logger=featuremgmt t=2026-10-06T21:06:26.589027061-03:00 level=info msg=FeatureToggles panelMonitoring=true onPremToCloudMigrations=true promQLScope=true dashboardScene=true newFiltersUI=true ssoSettingsApi=true recoveryThreshold=true lokiStructuredMetadata=true kubernetesPlaylists=true unifiedRequestLog=true awsAsyncQueryCaching=true dataplaneFrontendFallback=true accessActionSets=true alertingNoDataErrorExecution=true pinNavItems=true dashboardSceneForViewers=true accessControlOnCall=true influxdbBackendMigration=true publicDashboardsScene=true groupToNestedTableTransformation=true newDashboardSharingComponent=true recordedQueriesMulti=true tlsMemcached=true addFieldFromCalculationStatFunctions=true reportingUseRawTimeRange=true cloudWatchNewLabelParsing=true nestedFolders=true exploreMetrics=true logsExploreTableVisualisation=true lokiLabelNamesQueryApi=true dashgpt=true zipkinBackendMigration=true transformationsVariableSupport=true alertingApiServer=true correlations=true newPDFRendering=true useSessionStorageForRedirection=true lokiQuerySplitting=true transformationsRedesign=true logsContextDatasourceUi=true logRowsPopoverMenu=true openSearchBackendFlowEnabled=true angularDeprecationUI=true cloudWatchRoundUpEndTime=true alertingInsights=true formatString=true lokiQueryHints=true preinstallAutoUpdate=true alertingUIOptimizeReducer=true cloudWatchCrossAccountQuerying=true userStorageAPI=true logsInfiniteScrolling=true prometheusAzureOverrideAudience=true annotationPermissionUpdate=true azureMonitorEnableUserAuth=true managedPluginsInstall=true alertingSimplifiedRouting=true dashboardSceneSolo=true
logger=sqlstore t=2026-10-06T21:06:26.590894897-03:00 level=info msg="Connecting to DB" dbtype=sqlite3
logger=sqlstore t=2026-10-06T21:06:26.590931563-03:00 level=info msg="Creating SQLite database file" path=/home/engler/devops/gamificacao-educacao-continuada/.runtime/run-20261007T000613Z/grafana/grafana.db
logger=migrator t=2026-10-06T21:06:26.640463741-03:00 level=info msg="Locking database"
logger=migrator t=2026-10-06T21:06:26.640542462-03:00 level=info msg="Starting DB migrations"
logger=migrator t=2026-10-06T21:06:26.6446705-03:00 level=info msg="Executing migration" id="create migration_log table"
logger=migrator t=2026-10-06T21:06:26.698312453-03:00 level=info msg="Migration successfully executed" id="create migration_log table" duration=53.628341ms
logger=migrator t=2026-10-06T21:06:26.72469029-03:00 level=info msg="Executing migration" id="create user table"
logger=migrator t=2026-10-06T21:06:26.725463848-03:00 level=info msg="Migration successfully executed" id="create user table" duration=773.687µs
logger=migrator t=2026-10-06T21:06:26.740003308-03:00 level=info msg="Executing migration" id="add unique index user.login"
logger=migrator t=2026-10-06T21:06:26.742312472-03:00 level=info msg="Migration successfully executed" id="add unique index user.login" duration=2.309588ms
logger=migrator t=2026-10-06T21:06:26.756855559-03:00 level=info msg="Executing migration" id="add unique index user.email"
logger=migrator t=2026-10-06T21:06:26.757680278-03:00 level=info msg="Migration successfully executed" id="add unique index user.email" duration=823.883µs
logger=migrator t=2026-10-06T21:06:26.772322406-03:00 level=info msg="Executing migration" id="drop index UQE_user_login - v1"
logger=migrator t=2026-10-06T21:06:26.7749644-03:00 level=info msg="Migration successfully executed" id="drop index UQE_user_login - v1" duration=2.64051ms
logger=migrator t=2026-10-06T21:06:26.787597843-03:00 level=info msg="Executing migration" id="drop index UQE_user_email - v1"
logger=migrator t=2026-10-06T21:06:26.790690706-03:00 level=info msg="Migration successfully executed" id="drop index UQE_user_email - v1" duration=2.093302ms
logger=migrator t=2026-10-06T21:06:26.803647925-03:00 level=info msg="Executing migration" id="Rename table user to user_v1 - v1"
logger=migrator t=2026-10-06T21:06:26.807458035-03:00 level=info msg="Migration successfully executed" id="Rename table user to user_v1 - v1" duration=3.8089ms
logger=migrator t=2026-10-06T21:06:26.819906093-03:00 level=info msg="Executing migration" id="create user table v2"
logger=migrator t=2026-10-06T21:06:26.822412107-03:00 level=info msg="Migration successfully executed" id="create user table v2" duration=2.504104ms
logger=migrator t=2026-10-06T21:06:26.834638701-03:00 level=info msg="Executing migration" id="create index UQE_user_login - v2"
logger=migrator t=2026-10-06T21:06:26.835325644-03:00 level=info msg="Migration successfully executed" id="create index UQE_user_login - v2" duration=687.307µs
logger=migrator t=2026-10-06T21:06:26.84884633-03:00 level=info msg="Executing migration" id="create index UQE_user_email - v2"
logger=migrator t=2026-10-06T21:06:26.849469566-03:00 level=info msg="Migration successfully executed" id="create index UQE_user_email - v2" duration=624.518µs
logger=migrator t=2026-10-06T21:06:26.863266366-03:00 level=info msg="Executing migration" id="copy data_source v1 to v2"
logger=migrator t=2026-10-06T21:06:26.863686414-03:00 level=info msg="Migration successfully executed" id="copy data_source v1 to v2" duration=420.428µs
logger=migrator t=2026-10-06T21:06:26.875285084-03:00 level=info msg="Executing migration" id="Drop old table user_v1"
logger=migrator t=2026-10-06T21:06:26.87580526-03:00 level=info msg="Migration successfully executed" id="Drop old table user_v1" duration=518.417µs
logger=migrator t=2026-10-06T21:06:26.888317038-03:00 level=info msg="Executing migration" id="Add column help_flags1 to user table"
logger=migrator t=2026-10-06T21:06:26.889770803-03:00 level=info msg="Migration successfully executed" id="Add column help_flags1 to user table" duration=1.79106ms
logger=migrator t=2026-10-06T21:06:26.901096958-03:00 level=info msg="Executing migration" id="Update user table charset"
logger=migrator t=2026-10-06T21:06:26.901186499-03:00 level=info msg="Migration successfully executed" id="Update user table charset" duration=90.812µs
logger=migrator t=2026-10-06T21:06:26.913313724-03:00 level=info msg="Executing migration" id="Add last_seen_at column to user"
logger=migrator t=2026-10-06T21:06:26.914251424-03:00 level=info msg="Migration successfully executed" id="Add last_seen_at column to user" duration=936.124µs
logger=migrator t=2026-10-06T21:06:26.927080917-03:00 level=info msg="Executing migration" id="Add missing user data"
logger=migrator t=2026-10-06T21:06:26.927874243-03:00 level=info msg="Migration successfully executed" id="Add missing user data" duration=793.107µs
logger=migrator t=2026-10-06T21:06:26.939620429-03:00 level=info msg="Executing migration" id="Add is_disabled column to user"
logger=migrator t=2026-10-06T21:06:26.940519171-03:00 level=info msg="Migration successfully executed" id="Add is_disabled column to user" duration=889.512µs
logger=migrator t=2026-10-06T21:06:26.953421833-03:00 level=info msg="Executing migration" id="Add index user.login/user.email"
logger=migrator t=2026-10-06T21:06:26.954170257-03:00 level=info msg="Migration successfully executed" id="Add index user.login/user.email" duration=751.347µs
logger=migrator t=2026-10-06T21:06:26.967460209-03:00 level=info msg="Executing migration" id="Add is_service_account column to user"
logger=migrator t=2026-10-06T21:06:26.968473848-03:00 level=info msg="Migration successfully executed" id="Add is_service_account column to user" duration=1.01413ms
logger=migrator t=2026-10-06T21:06:26.979738193-03:00 level=info msg="Executing migration" id="Update is_service_account column to nullable"
logger=migrator t=2026-10-06T21:06:26.98563352-03:00 level=info msg="Migration successfully executed" id="Update is_service_account column to nullable" duration=5.889525ms
logger=migrator t=2026-10-06T21:06:26.998816953-03:00 level=info msg="Executing migration" id="Add uid column to user"
logger=migrator t=2026-10-06T21:06:26.999696713-03:00 level=info msg="Migration successfully executed" id="Add uid column to user" duration=870.856µs
logger=migrator t=2026-10-06T21:06:27.013056768-03:00 level=info msg="Executing migration" id="Update uid column values for users"
logger=migrator t=2026-10-06T21:06:27.013287827-03:00 level=info msg="Migration successfully executed" id="Update uid column values for users" duration=227.246µs
logger=migrator t=2026-10-06T21:06:27.027248055-03:00 level=info msg="Executing migration" id="Add unique index user_uid"
logger=migrator t=2026-10-06T21:06:27.0278386-03:00 level=info msg="Migration successfully executed" id="Add unique index user_uid" duration=592.137µs
logger=migrator t=2026-10-06T21:06:27.039505564-03:00 level=info msg="Executing migration" id="update login field with orgid to allow for multiple service accounts with same name across orgs"
logger=migrator t=2026-10-06T21:06:27.040728136-03:00 level=info msg="Migration successfully executed" id="update login field with orgid to allow for multiple service accounts with same name across orgs" duration=1.222076ms
logger=migrator t=2026-10-06T21:06:27.053341416-03:00 level=info msg="Executing migration" id="update service accounts login field orgid to appear only once"
logger=migrator t=2026-10-06T21:06:27.056432981-03:00 level=info msg="Migration successfully executed" id="update service accounts login field orgid to appear only once" duration=3.036696ms
logger=migrator t=2026-10-06T21:06:27.070333397-03:00 level=info msg="Executing migration" id="update login and email fields to lowercase"
logger=migrator t=2026-10-06T21:06:27.072055771-03:00 level=info msg="Migration successfully executed" id="update login and email fields to lowercase" duration=1.723378ms
logger=migrator t=2026-10-06T21:06:27.084454422-03:00 level=info msg="Executing migration" id="update login and email fields to lowercase2"
logger=migrator t=2026-10-06T21:06:27.084884738-03:00 level=info msg="Migration successfully executed" id="update login and email fields to lowercase2" duration=432.409µs
logger=migrator t=2026-10-06T21:06:27.098172809-03:00 level=info msg="Executing migration" id="create temp user table v1-7"
logger=migrator t=2026-10-06T21:06:27.098925629-03:00 level=info msg="Migration successfully executed" id="create temp user table v1-7" duration=752.512µs
logger=migrator t=2026-10-06T21:06:27.113262261-03:00 level=info msg="Executing migration" id="create index IDX_temp_user_email - v1-7"
logger=migrator t=2026-10-06T21:06:27.11427288-03:00 level=info msg="Migration successfully executed" id="create index IDX_temp_user_email - v1-7" duration=1.027631ms
logger=migrator t=2026-10-06T21:06:27.128559252-03:00 level=info msg="Executing migration" id="create index IDX_temp_user_org_id - v1-7"
logger=migrator t=2026-10-06T21:06:27.129316222-03:00 level=info msg="Migration successfully executed" id="create index IDX_temp_user_org_id - v1-7" duration=756.327µs
logger=migrator t=2026-10-06T21:06:27.152588911-03:00 level=info msg="Executing migration" id="create index IDX_temp_user_code - v1-7"
logger=migrator t=2026-10-06T21:06:27.153537771-03:00 level=info msg="Migration successfully executed" id="create index IDX_temp_user_code - v1-7" duration=949.612µs
logger=migrator t=2026-10-06T21:06:27.166060234-03:00 level=info msg="Executing migration" id="create index IDX_temp_user_status - v1-7"
logger=migrator t=2026-10-06T21:06:27.1667943-03:00 level=info msg="Migration successfully executed" id="create index IDX_temp_user_status - v1-7" duration=733.698µs
logger=migrator t=2026-10-06T21:06:27.179499425-03:00 level=info msg="Executing migration" id="Update temp_user table charset"
logger=migrator t=2026-10-06T21:06:27.179562284-03:00 level=info msg="Migration successfully executed" id="Update temp_user table charset" duration=64.623µs
logger=migrator t=2026-10-06T21:06:27.191737607-03:00 level=info msg="Executing migration" id="drop index IDX_temp_user_email - v1"
logger=migrator t=2026-10-06T21:06:27.192502383-03:00 level=info msg="Migration successfully executed" id="drop index IDX_temp_user_email - v1" duration=765.229µs
logger=migrator t=2026-10-06T21:06:27.204434532-03:00 level=info msg="Executing migration" id="drop index IDX_temp_user_org_id - v1"
logger=migrator t=2026-10-06T21:06:27.205001126-03:00 level=info msg="Migration successfully executed" id="drop index IDX_temp_user_org_id - v1" duration=566.436µs
logger=migrator t=2026-10-06T21:06:27.216609794-03:00 level=info msg="Executing migration" id="drop index IDX_temp_user_code - v1"
logger=migrator t=2026-10-06T21:06:27.217203593-03:00 level=info msg="Migration successfully executed" id="drop index IDX_temp_user_code - v1" duration=593.166µs
logger=migrator t=2026-10-06T21:06:27.236309237-03:00 level=info msg="Executing migration" id="drop index IDX_temp_user_status - v1"
logger=migrator t=2026-10-06T21:06:27.236980498-03:00 level=info msg="Migration successfully executed" id="drop index IDX_temp_user_status - v1" duration=671.624µs
logger=migrator t=2026-10-06T21:06:27.250589581-03:00 level=info msg="Executing migration" id="Rename table temp_user to temp_user_tmp_qwerty - v1"
logger=migrator t=2026-10-06T21:06:27.252800269-03:00 level=info msg="Migration successfully executed" id="Rename table temp_user to temp_user_tmp_qwerty - v1" duration=2.220896ms
logger=migrator t=2026-10-06T21:06:27.265524988-03:00 level=info msg="Executing migration" id="create temp_user v2"
logger=migrator t=2026-10-06T21:06:27.266332356-03:00 level=info msg="Migration successfully executed" id="create temp_user v2" duration=807.907µs
logger=migrator t=2026-10-06T21:06:27.277768363-03:00 level=info msg="Executing migration" id="create index IDX_temp_user_email - v2"
logger=migrator t=2026-10-06T21:06:27.278300301-03:00 level=info msg="Migration successfully executed" id="create index IDX_temp_user_email - v2" duration=532.622µs
logger=migrator t=2026-10-06T21:06:27.290992695-03:00 level=info msg="Executing migration" id="create index IDX_temp_user_org_id - v2"
logger=migrator t=2026-10-06T21:06:27.291861497-03:00 level=info msg="Migration successfully executed" id="create index IDX_temp_user_org_id - v2" duration=869.247µs
logger=migrator t=2026-10-06T21:06:27.304319378-03:00 level=info msg="Executing migration" id="create index IDX_temp_user_code - v2"
logger=migrator t=2026-10-06T21:06:27.304949435-03:00 level=info msg="Migration successfully executed" id="create index IDX_temp_user_code - v2" duration=630.112µs
logger=migrator t=2026-10-06T21:06:27.317906848-03:00 level=info msg="Executing migration" id="create index IDX_temp_user_status - v2"
logger=migrator t=2026-10-06T21:06:27.31855947-03:00 level=info msg="Migration successfully executed" id="create index IDX_temp_user_status - v2" duration=654.16µs
logger=migrator t=2026-10-06T21:06:27.332463-03:00 level=info msg="Executing migration" id="copy temp_user v1 to v2"
logger=migrator t=2026-10-06T21:06:27.332897689-03:00 level=info msg="Migration successfully executed" id="copy temp_user v1 to v2" duration=435.035µs
logger=migrator t=2026-10-06T21:06:27.343682852-03:00 level=info msg="Executing migration" id="drop temp_user_tmp_qwerty"
logger=migrator t=2026-10-06T21:06:27.344198453-03:00 level=info msg="Migration successfully executed" id="drop temp_user_tmp_qwerty" duration=515.606µs
logger=migrator t=2026-10-06T21:06:27.357165372-03:00 level=info msg="Executing migration" id="Set created for temp users that will otherwise prematurely expire"
logger=migrator t=2026-10-06T21:06:27.360024022-03:00 level=info msg="Migration successfully executed" id="Set created for temp users that will otherwise prematurely expire" duration=2.858585ms
logger=migrator t=2026-10-06T21:06:27.372467829-03:00 level=info msg="Executing migration" id="create star table"
logger=migrator t=2026-10-06T21:06:27.373108665-03:00 level=info msg="Migration successfully executed" id="create star table" duration=642.417µs
logger=migrator t=2026-10-06T21:06:27.385178648-03:00 level=info msg="Executing migration" id="add unique index star.user_id_dashboard_id"
logger=migrator t=2026-10-06T21:06:27.385996244-03:00 level=info msg="Migration successfully executed" id="add unique index star.user_id_dashboard_id" duration=819.751µs
logger=migrator t=2026-10-06T21:06:27.398955089-03:00 level=info msg="Executing migration" id="Add column dashboard_uid in star"
logger=migrator t=2026-10-06T21:06:27.400541459-03:00 level=info msg="Migration successfully executed" id="Add column dashboard_uid in star" duration=1.586523ms
logger=migrator t=2026-10-06T21:06:27.415831669-03:00 level=info msg="Executing migration" id="Add column org_id in star"
logger=migrator t=2026-10-06T21:06:27.417013253-03:00 level=info msg="Migration successfully executed" id="Add column org_id in star" duration=1.185426ms
logger=migrator t=2026-10-06T21:06:27.430918165-03:00 level=info msg="Executing migration" id="Add column updated in star"
logger=migrator t=2026-10-06T21:06:27.432043183-03:00 level=info msg="Migration successfully executed" id="Add column updated in star" duration=1.125116ms
logger=migrator t=2026-10-06T21:06:27.444083392-03:00 level=info msg="Executing migration" id="add index in star table on dashboard_uid, org_id and user_id columns"
logger=migrator t=2026-10-06T21:06:27.444894548-03:00 level=info msg="Migration successfully executed" id="add index in star table on dashboard_uid, org_id and user_id columns" duration=811.558µs
logger=migrator t=2026-10-06T21:06:27.458037157-03:00 level=info msg="Executing migration" id="create org table v1"
logger=migrator t=2026-10-06T21:06:27.458955385-03:00 level=info msg="Migration successfully executed" id="create org table v1" duration=919.209µs
logger=migrator t=2026-10-06T21:06:27.470009155-03:00 level=info msg="Executing migration" id="create index UQE_org_name - v1"
logger=migrator t=2026-10-06T21:06:27.470635688-03:00 level=info msg="Migration successfully executed" id="create index UQE_org_name - v1" duration=628.176µs
logger=migrator t=2026-10-06T21:06:27.481033525-03:00 level=info msg="Executing migration" id="create org_user table v1"
logger=migrator t=2026-10-06T21:06:27.481720015-03:00 level=info msg="Migration successfully executed" id="create org_user table v1" duration=691.056µs
logger=migrator t=2026-10-06T21:06:27.494586609-03:00 level=info msg="Executing migration" id="create index IDX_org_user_org_id - v1"
logger=migrator t=2026-10-06T21:06:27.495262542-03:00 level=info msg="Migration successfully executed" id="create index IDX_org_user_org_id - v1" duration=678.586µs
logger=migrator t=2026-10-06T21:06:27.507195926-03:00 level=info msg="Executing migration" id="create index UQE_org_user_org_id_user_id - v1"
logger=migrator t=2026-10-06T21:06:27.507927525-03:00 level=info msg="Migration successfully executed" id="create index UQE_org_user_org_id_user_id - v1" duration=732.984µs
logger=migrator t=2026-10-06T21:06:27.519395891-03:00 level=info msg="Executing migration" id="create index IDX_org_user_user_id - v1"
logger=migrator t=2026-10-06T21:06:27.520117374-03:00 level=info msg="Migration successfully executed" id="create index IDX_org_user_user_id - v1" duration=722.066µs
logger=migrator t=2026-10-06T21:06:27.532691076-03:00 level=info msg="Executing migration" id="Update org table charset"
logger=migrator t=2026-10-06T21:06:27.532770146-03:00 level=info msg="Migration successfully executed" id="Update org table charset" duration=81.508µs
logger=migrator t=2026-10-06T21:06:27.544274971-03:00 level=info msg="Executing migration" id="Update org_user table charset"
logger=migrator t=2026-10-06T21:06:27.544327703-03:00 level=info msg="Migration successfully executed" id="Update org_user table charset" duration=62.657µs
logger=migrator t=2026-10-06T21:06:27.55592879-03:00 level=info msg="Executing migration" id="Migrate all Read Only Viewers to Viewers"
logger=migrator t=2026-10-06T21:06:27.556219035-03:00 level=info msg="Migration successfully executed" id="Migrate all Read Only Viewers to Viewers" duration=290.962µs
logger=migrator t=2026-10-06T21:06:27.570017313-03:00 level=info msg="Executing migration" id="create dashboard table"
logger=migrator t=2026-10-06T21:06:27.571732097-03:00 level=info msg="Migration successfully executed" id="create dashboard table" duration=1.714128ms
logger=migrator t=2026-10-06T21:06:27.584421312-03:00 level=info msg="Executing migration" id="add index dashboard.account_id"
logger=migrator t=2026-10-06T21:06:27.585044639-03:00 level=info msg="Migration successfully executed" id="add index dashboard.account_id" duration=624.752µs
logger=migrator t=2026-10-06T21:06:27.598031148-03:00 level=info msg="Executing migration" id="add unique index dashboard_account_id_slug"
logger=migrator t=2026-10-06T21:06:27.598878584-03:00 level=info msg="Migration successfully executed" id="add unique index dashboard_account_id_slug" duration=847.776µs
logger=migrator t=2026-10-06T21:06:27.610097577-03:00 level=info msg="Executing migration" id="create dashboard_tag table"
logger=migrator t=2026-10-06T21:06:27.610565898-03:00 level=info msg="Migration successfully executed" id="create dashboard_tag table" duration=468.135µs
logger=migrator t=2026-10-06T21:06:27.622102998-03:00 level=info msg="Executing migration" id="add unique index dashboard_tag.dasboard_id_term"
logger=migrator t=2026-10-06T21:06:27.623898283-03:00 level=info msg="Migration successfully executed" id="add unique index dashboard_tag.dasboard_id_term" duration=1.796588ms
logger=migrator t=2026-10-06T21:06:27.634743903-03:00 level=info msg="Executing migration" id="drop index UQE_dashboard_tag_dashboard_id_term - v1"
logger=migrator t=2026-10-06T21:06:27.63532282-03:00 level=info msg="Migration successfully executed" id="drop index UQE_dashboard_tag_dashboard_id_term - v1" duration=579.227µs
logger=migrator t=2026-10-06T21:06:27.646980378-03:00 level=info msg="Executing migration" id="Rename table dashboard to dashboard_v1 - v1"
logger=migrator t=2026-10-06T21:06:27.649712544-03:00 level=info msg="Migration successfully executed" id="Rename table dashboard to dashboard_v1 - v1" duration=2.731136ms
logger=migrator t=2026-10-06T21:06:27.662871685-03:00 level=info msg="Executing migration" id="create dashboard v2"
logger=migrator t=2026-10-06T21:06:27.663522431-03:00 level=info msg="Migration successfully executed" id="create dashboard v2" duration=650.351µs
logger=migrator t=2026-10-06T21:06:27.678800885-03:00 level=info msg="Executing migration" id="create index IDX_dashboard_org_id - v2"
logger=migrator t=2026-10-06T21:06:27.679476954-03:00 level=info msg="Migration successfully executed" id="create index IDX_dashboard_org_id - v2" duration=676.398µs
logger=migrator t=2026-10-06T21:06:27.691646168-03:00 level=info msg="Executing migration" id="create index UQE_dashboard_org_id_slug - v2"
logger=migrator t=2026-10-06T21:06:27.692393908-03:00 level=info msg="Migration successfully executed" id="create index UQE_dashboard_org_id_slug - v2" duration=747.107µs
logger=migrator t=2026-10-06T21:06:27.70457501-03:00 level=info msg="Executing migration" id="copy dashboard v1 to v2"
logger=migrator t=2026-10-06T21:06:27.704989909-03:00 level=info msg="Migration successfully executed" id="copy dashboard v1 to v2" duration=414.905µs
logger=migrator t=2026-10-06T21:06:27.717353443-03:00 level=info msg="Executing migration" id="drop table dashboard_v1"
logger=migrator t=2026-10-06T21:06:27.71835099-03:00 level=info msg="Migration successfully executed" id="drop table dashboard_v1" duration=997.92µs
logger=migrator t=2026-10-06T21:06:27.73180224-03:00 level=info msg="Executing migration" id="alter dashboard.data to mediumtext v1"
logger=migrator t=2026-10-06T21:06:27.731946726-03:00 level=info msg="Migration successfully executed" id="alter dashboard.data to mediumtext v1" duration=146.952µs
logger=migrator t=2026-10-06T21:06:27.744726648-03:00 level=info msg="Executing migration" id="Add column updated_by in dashboard - v2"
logger=migrator t=2026-10-06T21:06:27.745938152-03:00 level=info msg="Migration successfully executed" id="Add column updated_by in dashboard - v2" duration=1.210693ms
logger=migrator t=2026-10-06T21:06:27.758898653-03:00 level=info msg="Executing migration" id="Add column created_by in dashboard - v2"
logger=migrator t=2026-10-06T21:06:27.761917032-03:00 level=info msg="Migration successfully executed" id="Add column created_by in dashboard - v2" duration=3.017594ms
logger=migrator t=2026-10-06T21:06:27.774167191-03:00 level=info msg="Executing migration" id="Add column gnetId in dashboard"
logger=migrator t=2026-10-06T21:06:27.775403344-03:00 level=info msg="Migration successfully executed" id="Add column gnetId in dashboard" duration=1.235354ms
logger=migrator t=2026-10-06T21:06:27.786597792-03:00 level=info msg="Executing migration" id="Add index for gnetId in dashboard"
logger=migrator t=2026-10-06T21:06:27.78751607-03:00 level=info msg="Migration successfully executed" id="Add index for gnetId in dashboard" duration=919.538µs
logger=migrator t=2026-10-06T21:06:27.800539498-03:00 level=info msg="Executing migration" id="Add column plugin_id in dashboard"
logger=migrator t=2026-10-06T21:06:27.801711775-03:00 level=info msg="Migration successfully executed" id="Add column plugin_id in dashboard" duration=1.163732ms
logger=migrator t=2026-10-06T21:06:27.812831884-03:00 level=info msg="Executing migration" id="Add index for plugin_id in dashboard"
logger=migrator t=2026-10-06T21:06:27.813391129-03:00 level=info msg="Migration successfully executed" id="Add index for plugin_id in dashboard" duration=559.45µs
logger=migrator t=2026-10-06T21:06:27.825322618-03:00 level=info msg="Executing migration" id="Add index for dashboard_id in dashboard_tag"
logger=migrator t=2026-10-06T21:06:27.826920845-03:00 level=info msg="Migration successfully executed" id="Add index for dashboard_id in dashboard_tag" duration=1.591214ms
logger=migrator t=2026-10-06T21:06:27.839179944-03:00 level=info msg="Executing migration" id="Update dashboard table charset"
logger=migrator t=2026-10-06T21:06:27.839242032-03:00 level=info msg="Migration successfully executed" id="Update dashboard table charset" duration=64.229µs
logger=migrator t=2026-10-06T21:06:27.859793578-03:00 level=info msg="Executing migration" id="Update dashboard_tag table charset"
logger=migrator t=2026-10-06T21:06:27.859931204-03:00 level=info msg="Migration successfully executed" id="Update dashboard_tag table charset" duration=144.932µs
logger=migrator t=2026-10-06T21:06:27.873426305-03:00 level=info msg="Executing migration" id="Add column folder_id in dashboard"
logger=migrator t=2026-10-06T21:06:27.874764647-03:00 level=info msg="Migration successfully executed" id="Add column folder_id in dashboard" duration=1.33826ms
logger=migrator t=2026-10-06T21:06:27.885676602-03:00 level=info msg="Executing migration" id="Add column isFolder in dashboard"
logger=migrator t=2026-10-06T21:06:27.886858949-03:00 level=info msg="Migration successfully executed" id="Add column isFolder in dashboard" duration=1.181981ms
logger=migrator t=2026-10-06T21:06:27.899640235-03:00 level=info msg="Executing migration" id="Add column has_acl in dashboard"
logger=migrator t=2026-10-06T21:06:27.900879019-03:00 level=info msg="Migration successfully executed" id="Add column has_acl in dashboard" duration=1.238307ms
logger=migrator t=2026-10-06T21:06:27.912176584-03:00 level=info msg="Executing migration" id="Add column uid in dashboard"
logger=migrator t=2026-10-06T21:06:27.91334307-03:00 level=info msg="Migration successfully executed" id="Add column uid in dashboard" duration=1.166505ms
logger=migrator t=2026-10-06T21:06:27.924545642-03:00 level=info msg="Executing migration" id="Update uid column values in dashboard"
logger=migrator t=2026-10-06T21:06:27.925016959-03:00 level=info msg="Migration successfully executed" id="Update uid column values in dashboard" duration=471.769µs
logger=migrator t=2026-10-06T21:06:27.939937198-03:00 level=info msg="Executing migration" id="Add unique index dashboard_org_id_uid"
logger=migrator t=2026-10-06T21:06:27.940584433-03:00 level=info msg="Migration successfully executed" id="Add unique index dashboard_org_id_uid" duration=647.842µs
logger=migrator t=2026-10-06T21:06:27.953453352-03:00 level=info msg="Executing migration" id="Remove unique index org_id_slug"
logger=migrator t=2026-10-06T21:06:27.95422499-03:00 level=info msg="Migration successfully executed" id="Remove unique index org_id_slug" duration=771.989µs
logger=migrator t=2026-10-06T21:06:27.968250006-03:00 level=info msg="Executing migration" id="Update dashboard title length"
logger=migrator t=2026-10-06T21:06:27.968336249-03:00 level=info msg="Migration successfully executed" id="Update dashboard title length" duration=88.054µs
logger=migrator t=2026-10-06T21:06:27.98031909-03:00 level=info msg="Executing migration" id="Add unique index for dashboard_org_id_title_folder_id"
logger=migrator t=2026-10-06T21:06:27.981227441-03:00 level=info msg="Migration successfully executed" id="Add unique index for dashboard_org_id_title_folder_id" duration=918.504µs
logger=migrator t=2026-10-06T21:06:27.994672241-03:00 level=info msg="Executing migration" id="create dashboard_provisioning"
logger=migrator t=2026-10-06T21:06:27.99533426-03:00 level=info msg="Migration successfully executed" id="create dashboard_provisioning" duration=661.539µs
logger=migrator t=2026-10-06T21:06:28.007650468-03:00 level=info msg="Executing migration" id="Rename table dashboard_provisioning to dashboard_provisioning_tmp_qwerty - v1"
logger=migrator t=2026-10-06T21:06:28.010625783-03:00 level=info msg="Migration successfully executed" id="Rename table dashboard_provisioning to dashboard_provisioning_tmp_qwerty - v1" duration=2.975152ms
logger=migrator t=2026-10-06T21:06:28.024254067-03:00 level=info msg="Executing migration" id="create dashboard_provisioning v2"
logger=migrator t=2026-10-06T21:06:28.025174804-03:00 level=info msg="Migration successfully executed" id="create dashboard_provisioning v2" duration=922.891µs
logger=migrator t=2026-10-06T21:06:28.03806936-03:00 level=info msg="Executing migration" id="create index IDX_dashboard_provisioning_dashboard_id - v2"
logger=migrator t=2026-10-06T21:06:28.039234011-03:00 level=info msg="Migration successfully executed" id="create index IDX_dashboard_provisioning_dashboard_id - v2" duration=1.165851ms
logger=migrator t=2026-10-06T21:06:28.051899427-03:00 level=info msg="Executing migration" id="create index IDX_dashboard_provisioning_dashboard_id_name - v2"
logger=migrator t=2026-10-06T21:06:28.054313035-03:00 level=info msg="Migration successfully executed" id="create index IDX_dashboard_provisioning_dashboard_id_name - v2" duration=2.413027ms
logger=migrator t=2026-10-06T21:06:28.066320675-03:00 level=info msg="Executing migration" id="copy dashboard_provisioning v1 to v2"
logger=migrator t=2026-10-06T21:06:28.066883036-03:00 level=info msg="Migration successfully executed" id="copy dashboard_provisioning v1 to v2" duration=562.683µs
logger=migrator t=2026-10-06T21:06:28.07911008-03:00 level=info msg="Executing migration" id="drop dashboard_provisioning_tmp_qwerty"
logger=migrator t=2026-10-06T21:06:28.079784342-03:00 level=info msg="Migration successfully executed" id="drop dashboard_provisioning_tmp_qwerty" duration=674.756µs
logger=migrator t=2026-10-06T21:06:28.092332869-03:00 level=info msg="Executing migration" id="Add check_sum column"
logger=migrator t=2026-10-06T21:06:28.093782686-03:00 level=info msg="Migration successfully executed" id="Add check_sum column" duration=1.450206ms
logger=migrator t=2026-10-06T21:06:28.104997238-03:00 level=info msg="Executing migration" id="Add index for dashboard_title"
logger=migrator t=2026-10-06T21:06:28.105868907-03:00 level=info msg="Migration successfully executed" id="Add index for dashboard_title" duration=874.667µs
logger=migrator t=2026-10-06T21:06:28.118989028-03:00 level=info msg="Executing migration" id="delete tags for deleted dashboards"
logger=migrator t=2026-10-06T21:06:28.119438085-03:00 level=info msg="Migration successfully executed" id="delete tags for deleted dashboards" duration=434.385µs
logger=migrator t=2026-10-06T21:06:28.132065647-03:00 level=info msg="Executing migration" id="delete stars for deleted dashboards"
logger=migrator t=2026-10-06T21:06:28.13226696-03:00 level=info msg="Migration successfully executed" id="delete stars for deleted dashboards" duration=203.13µs
logger=migrator t=2026-10-06T21:06:28.143514276-03:00 level=info msg="Executing migration" id="Add index for dashboard_is_folder"
logger=migrator t=2026-10-06T21:06:28.144187475-03:00 level=info msg="Migration successfully executed" id="Add index for dashboard_is_folder" duration=689.237µs
logger=migrator t=2026-10-06T21:06:28.157030135-03:00 level=info msg="Executing migration" id="Add isPublic for dashboard"
logger=migrator t=2026-10-06T21:06:28.158564735-03:00 level=info msg="Migration successfully executed" id="Add isPublic for dashboard" duration=1.535656ms
logger=migrator t=2026-10-06T21:06:28.170627919-03:00 level=info msg="Executing migration" id="Add deleted for dashboard"
logger=migrator t=2026-10-06T21:06:28.172826424-03:00 level=info msg="Migration successfully executed" id="Add deleted for dashboard" duration=2.196931ms
logger=migrator t=2026-10-06T21:06:28.185748409-03:00 level=info msg="Executing migration" id="Add index for deleted"
logger=migrator t=2026-10-06T21:06:28.18680938-03:00 level=info msg="Migration successfully executed" id="Add index for deleted" duration=1.06203ms
logger=migrator t=2026-10-06T21:06:28.200058243-03:00 level=info msg="Executing migration" id="Add column dashboard_uid in dashboard_tag"
logger=migrator t=2026-10-06T21:06:28.201390081-03:00 level=info msg="Migration successfully executed" id="Add column dashboard_uid in dashboard_tag" duration=1.331896ms
logger=migrator t=2026-10-06T21:06:28.215585586-03:00 level=info msg="Executing migration" id="Add column org_id in dashboard_tag"
logger=migrator t=2026-10-06T21:06:28.217768251-03:00 level=info msg="Migration successfully executed" id="Add column org_id in dashboard_tag" duration=2.152741ms
logger=migrator t=2026-10-06T21:06:28.232594506-03:00 level=info msg="Executing migration" id="Add missing dashboard_uid and org_id to dashboard_tag"
logger=migrator t=2026-10-06T21:06:28.232996078-03:00 level=info msg="Migration successfully executed" id="Add missing dashboard_uid and org_id to dashboard_tag" duration=401.853µs
logger=migrator t=2026-10-06T21:06:28.247020753-03:00 level=info msg="Executing migration" id="Add missing dashboard_uid and org_id to star"
logger=migrator t=2026-10-06T21:06:28.247489156-03:00 level=info msg="Migration successfully executed" id="Add missing dashboard_uid and org_id to star" duration=484.763µs
logger=migrator t=2026-10-06T21:06:28.261638368-03:00 level=info msg="Executing migration" id="create data_source table"
logger=migrator t=2026-10-06T21:06:28.262446899-03:00 level=info msg="Migration successfully executed" id="create data_source table" duration=807.83µs
logger=migrator t=2026-10-06T21:06:28.276597934-03:00 level=info msg="Executing migration" id="add index data_source.account_id"
logger=migrator t=2026-10-06T21:06:28.277397511-03:00 level=info msg="Migration successfully executed" id="add index data_source.account_id" duration=800.173µs
logger=migrator t=2026-10-06T21:06:28.291537774-03:00 level=info msg="Executing migration" id="add unique index data_source.account_id_name"
logger=migrator t=2026-10-06T21:06:28.292617552-03:00 level=info msg="Migration successfully executed" id="add unique index data_source.account_id_name" duration=1.079323ms
logger=migrator t=2026-10-06T21:06:28.305146402-03:00 level=info msg="Executing migration" id="drop index IDX_data_source_account_id - v1"
logger=migrator t=2026-10-06T21:06:28.305951255-03:00 level=info msg="Migration successfully executed" id="drop index IDX_data_source_account_id - v1" duration=805.343µs
logger=migrator t=2026-10-06T21:06:28.319719709-03:00 level=info msg="Executing migration" id="drop index UQE_data_source_account_id_name - v1"
logger=migrator t=2026-10-06T21:06:28.320511975-03:00 level=info msg="Migration successfully executed" id="drop index UQE_data_source_account_id_name - v1" duration=786.006µs
logger=migrator t=2026-10-06T21:06:28.332680224-03:00 level=info msg="Executing migration" id="Rename table data_source to data_source_v1 - v1"
logger=migrator t=2026-10-06T21:06:28.336305045-03:00 level=info msg="Migration successfully executed" id="Rename table data_source to data_source_v1 - v1" duration=3.62434ms
logger=migrator t=2026-10-06T21:06:28.350118325-03:00 level=info msg="Executing migration" id="create data_source table v2"
logger=migrator t=2026-10-06T21:06:28.351965951-03:00 level=info msg="Migration successfully executed" id="create data_source table v2" duration=1.803185ms
logger=migrator t=2026-10-06T21:06:28.372868046-03:00 level=info msg="Executing migration" id="create index IDX_data_source_org_id - v2"
logger=migrator t=2026-10-06T21:06:28.373854396-03:00 level=info msg="Migration successfully executed" id="create index IDX_data_source_org_id - v2" duration=986.261µs
logger=migrator t=2026-10-06T21:06:28.400478388-03:00 level=info msg="Executing migration" id="create index UQE_data_source_org_id_name - v2"
logger=migrator t=2026-10-06T21:06:28.401201018-03:00 level=info msg="Migration successfully executed" id="create index UQE_data_source_org_id_name - v2" duration=723.067µs
logger=migrator t=2026-10-06T21:06:28.416650939-03:00 level=info msg="Executing migration" id="Drop old table data_source_v1 #2"
logger=migrator t=2026-10-06T21:06:28.41795702-03:00 level=info msg="Migration successfully executed" id="Drop old table data_source_v1 #2" duration=1.312397ms
logger=migrator t=2026-10-06T21:06:28.437760055-03:00 level=info msg="Executing migration" id="Add column with_credentials"
logger=migrator t=2026-10-06T21:06:28.439253825-03:00 level=info msg="Migration successfully executed" id="Add column with_credentials" duration=1.491551ms
logger=migrator t=2026-10-06T21:06:28.452334574-03:00 level=info msg="Executing migration" id="Add secure json data column"
logger=migrator t=2026-10-06T21:06:28.453798114-03:00 level=info msg="Migration successfully executed" id="Add secure json data column" duration=1.463087ms
logger=migrator t=2026-10-06T21:06:28.46571097-03:00 level=info msg="Executing migration" id="Update data_source table charset"
logger=migrator t=2026-10-06T21:06:28.465757987-03:00 level=info msg="Migration successfully executed" id="Update data_source table charset" duration=48.621µs
logger=migrator t=2026-10-06T21:06:28.477478969-03:00 level=info msg="Executing migration" id="Update initial version to 1"
logger=migrator t=2026-10-06T21:06:28.477712559-03:00 level=info msg="Migration successfully executed" id="Update initial version to 1" duration=233.922µs
logger=migrator t=2026-10-06T21:06:28.490435439-03:00 level=info msg="Executing migration" id="Add read_only data column"
logger=migrator t=2026-10-06T21:06:28.491820329-03:00 level=info msg="Migration successfully executed" id="Add read_only data column" duration=1.384635ms
logger=migrator t=2026-10-06T21:06:28.504686542-03:00 level=info msg="Executing migration" id="Migrate logging ds to loki ds"
logger=migrator t=2026-10-06T21:06:28.504917111-03:00 level=info msg="Migration successfully executed" id="Migrate logging ds to loki ds" duration=232.129µs
logger=migrator t=2026-10-06T21:06:28.517137312-03:00 level=info msg="Executing migration" id="Update json_data with nulls"
logger=migrator t=2026-10-06T21:06:28.517379423-03:00 level=info msg="Migration successfully executed" id="Update json_data with nulls" duration=243.417µs
logger=migrator t=2026-10-06T21:06:28.529285858-03:00 level=info msg="Executing migration" id="Add uid column"
logger=migrator t=2026-10-06T21:06:28.530744194-03:00 level=info msg="Migration successfully executed" id="Add uid column" duration=1.456735ms
logger=migrator t=2026-10-06T21:06:28.543856637-03:00 level=info msg="Executing migration" id="Update uid value"
logger=migrator t=2026-10-06T21:06:28.544060358-03:00 level=info msg="Migration successfully executed" id="Update uid value" duration=205.065µs
logger=migrator t=2026-10-06T21:06:28.557605823-03:00 level=info msg="Executing migration" id="Add unique index datasource_org_id_uid"
logger=migrator t=2026-10-06T21:06:28.558389981-03:00 level=info msg="Migration successfully executed" id="Add unique index datasource_org_id_uid" duration=784.795µs
logger=migrator t=2026-10-06T21:06:28.570346343-03:00 level=info msg="Executing migration" id="add unique index datasource_org_id_is_default"
logger=migrator t=2026-10-06T21:06:28.57121587-03:00 level=info msg="Migration successfully executed" id="add unique index datasource_org_id_is_default" duration=869.721µs
logger=migrator t=2026-10-06T21:06:28.5846679-03:00 level=info msg="Executing migration" id="Add is_prunable column"
logger=migrator t=2026-10-06T21:06:28.586129385-03:00 level=info msg="Migration successfully executed" id="Add is_prunable column" duration=1.461462ms
logger=migrator t=2026-10-06T21:06:28.598247768-03:00 level=info msg="Executing migration" id="Add api_version column"
logger=migrator t=2026-10-06T21:06:28.59968083-03:00 level=info msg="Migration successfully executed" id="Add api_version column" duration=1.434153ms
logger=migrator t=2026-10-06T21:06:28.611609341-03:00 level=info msg="Executing migration" id="create api_key table"
logger=migrator t=2026-10-06T21:06:28.612251651-03:00 level=info msg="Migration successfully executed" id="create api_key table" duration=642.148µs
logger=migrator t=2026-10-06T21:06:28.626992484-03:00 level=info msg="Executing migration" id="add index api_key.account_id"
logger=migrator t=2026-10-06T21:06:28.627811952-03:00 level=info msg="Migration successfully executed" id="add index api_key.account_id" duration=820.037µs
logger=migrator t=2026-10-06T21:06:28.64037564-03:00 level=info msg="Executing migration" id="add index api_key.key"
logger=migrator t=2026-10-06T21:06:28.641131574-03:00 level=info msg="Migration successfully executed" id="add index api_key.key" duration=756.727µs
logger=migrator t=2026-10-06T21:06:28.65503371-03:00 level=info msg="Executing migration" id="add index api_key.account_id_name"
logger=migrator t=2026-10-06T21:06:28.655733521-03:00 level=info msg="Migration successfully executed" id="add index api_key.account_id_name" duration=700.102µs
logger=migrator t=2026-10-06T21:06:28.66799302-03:00 level=info msg="Executing migration" id="drop index IDX_api_key_account_id - v1"
logger=migrator t=2026-10-06T21:06:28.668617387-03:00 level=info msg="Migration successfully executed" id="drop index IDX_api_key_account_id - v1" duration=624.869µs
logger=migrator t=2026-10-06T21:06:28.681042926-03:00 level=info msg="Executing migration" id="drop index UQE_api_key_key - v1"
logger=migrator t=2026-10-06T21:06:28.681960509-03:00 level=info msg="Migration successfully executed" id="drop index UQE_api_key_key - v1" duration=913.424µs
logger=migrator t=2026-10-06T21:06:28.696574915-03:00 level=info msg="Executing migration" id="drop index UQE_api_key_account_id_name - v1"
logger=migrator t=2026-10-06T21:06:28.697234044-03:00 level=info msg="Migration successfully executed" id="drop index UQE_api_key_account_id_name - v1" duration=658.716µs
logger=migrator t=2026-10-06T21:06:28.709342845-03:00 level=info msg="Executing migration" id="Rename table api_key to api_key_v1 - v1"
logger=migrator t=2026-10-06T21:06:28.712885125-03:00 level=info msg="Migration successfully executed" id="Rename table api_key to api_key_v1 - v1" duration=3.541782ms
logger=migrator t=2026-10-06T21:06:28.726565791-03:00 level=info msg="Executing migration" id="create api_key table v2"
logger=migrator t=2026-10-06T21:06:28.727265599-03:00 level=info msg="Migration successfully executed" id="create api_key table v2" duration=700.597µs
logger=migrator t=2026-10-06T21:06:28.741361113-03:00 level=info msg="Executing migration" id="create index IDX_api_key_org_id - v2"
logger=migrator t=2026-10-06T21:06:28.742103687-03:00 level=info msg="Migration successfully executed" id="create index IDX_api_key_org_id - v2" duration=742.956µs
logger=migrator t=2026-10-06T21:06:28.755715622-03:00 level=info msg="Executing migration" id="create index UQE_api_key_key - v2"
logger=migrator t=2026-10-06T21:06:28.756463604-03:00 level=info msg="Migration successfully executed" id="create index UQE_api_key_key - v2" duration=752.947µs
logger=migrator t=2026-10-06T21:06:28.769511093-03:00 level=info msg="Executing migration" id="create index UQE_api_key_org_id_name - v2"
logger=migrator t=2026-10-06T21:06:28.770167921-03:00 level=info msg="Migration successfully executed" id="create index UQE_api_key_org_id_name - v2" duration=656.415µs
logger=migrator t=2026-10-06T21:06:28.784019531-03:00 level=info msg="Executing migration" id="copy api_key v1 to v2"
logger=migrator t=2026-10-06T21:06:28.784386516-03:00 level=info msg="Migration successfully executed" id="copy api_key v1 to v2" duration=368.204µs
logger=migrator t=2026-10-06T21:06:28.797582693-03:00 level=info msg="Executing migration" id="Drop old table api_key_v1"
logger=migrator t=2026-10-06T21:06:28.798123893-03:00 level=info msg="Migration successfully executed" id="Drop old table api_key_v1" duration=566.811µs
logger=migrator t=2026-10-06T21:06:28.811946602-03:00 level=info msg="Executing migration" id="Update api_key table charset"
logger=migrator t=2026-10-06T21:06:28.812010918-03:00 level=info msg="Migration successfully executed" id="Update api_key table charset" duration=66.731µs
logger=migrator t=2026-10-06T21:06:28.825306538-03:00 level=info msg="Executing migration" id="Add expires to api_key table"
logger=migrator t=2026-10-06T21:06:28.826884218-03:00 level=info msg="Migration successfully executed" id="Add expires to api_key table" duration=1.591267ms
logger=migrator t=2026-10-06T21:06:28.838771942-03:00 level=info msg="Executing migration" id="Add service account foreign key"
logger=migrator t=2026-10-06T21:06:28.840330475-03:00 level=info msg="Migration successfully executed" id="Add service account foreign key" duration=1.556524ms
logger=migrator t=2026-10-06T21:06:28.853892931-03:00 level=info msg="Executing migration" id="set service account foreign key to nil if 0"
logger=migrator t=2026-10-06T21:06:28.85414269-03:00 level=info msg="Migration successfully executed" id="set service account foreign key to nil if 0" duration=252.305µs
logger=migrator t=2026-10-06T21:06:28.867699649-03:00 level=info msg="Executing migration" id="Add last_used_at to api_key table"
logger=migrator t=2026-10-06T21:06:28.869258218-03:00 level=info msg="Migration successfully executed" id="Add last_used_at to api_key table" duration=1.558482ms
logger=migrator t=2026-10-06T21:06:28.882197539-03:00 level=info msg="Executing migration" id="Add is_revoked column to api_key table"
logger=migrator t=2026-10-06T21:06:28.884612602-03:00 level=info msg="Migration successfully executed" id="Add is_revoked column to api_key table" duration=2.424231ms
logger=migrator t=2026-10-06T21:06:28.896524473-03:00 level=info msg="Executing migration" id="create dashboard_snapshot table v4"
logger=migrator t=2026-10-06T21:06:28.897125257-03:00 level=info msg="Migration successfully executed" id="create dashboard_snapshot table v4" duration=601.643µs
logger=migrator t=2026-10-06T21:06:28.910676675-03:00 level=info msg="Executing migration" id="drop table dashboard_snapshot_v4 #1"
logger=migrator t=2026-10-06T21:06:28.911230754-03:00 level=info msg="Migration successfully executed" id="drop table dashboard_snapshot_v4 #1" duration=554.337µs
logger=migrator t=2026-10-06T21:06:28.924982177-03:00 level=info msg="Executing migration" id="create dashboard_snapshot table v5 #2"
logger=migrator t=2026-10-06T21:06:28.925650966-03:00 level=info msg="Migration successfully executed" id="create dashboard_snapshot table v5 #2" duration=668.718µs
logger=migrator t=2026-10-06T21:06:28.937989478-03:00 level=info msg="Executing migration" id="create index UQE_dashboard_snapshot_key - v5"
logger=migrator t=2026-10-06T21:06:28.938648401-03:00 level=info msg="Migration successfully executed" id="create index UQE_dashboard_snapshot_key - v5" duration=660.031µs
logger=migrator t=2026-10-06T21:06:28.951633527-03:00 level=info msg="Executing migration" id="create index UQE_dashboard_snapshot_delete_key - v5"
logger=migrator t=2026-10-06T21:06:28.952409141-03:00 level=info msg="Migration successfully executed" id="create index UQE_dashboard_snapshot_delete_key - v5" duration=776.158µs
logger=migrator t=2026-10-06T21:06:28.966315035-03:00 level=info msg="Executing migration" id="create index IDX_dashboard_snapshot_user_id - v5"
logger=migrator t=2026-10-06T21:06:28.967150849-03:00 level=info msg="Migration successfully executed" id="create index IDX_dashboard_snapshot_user_id - v5" duration=828.282µs
logger=migrator t=2026-10-06T21:06:28.979086513-03:00 level=info msg="Executing migration" id="alter dashboard_snapshot to mediumtext v2"
logger=migrator t=2026-10-06T21:06:28.979282107-03:00 level=info msg="Migration successfully executed" id="alter dashboard_snapshot to mediumtext v2" duration=198.505µs
logger=migrator t=2026-10-06T21:06:28.992846934-03:00 level=info msg="Executing migration" id="Update dashboard_snapshot table charset"
logger=migrator t=2026-10-06T21:06:28.992913604-03:00 level=info msg="Migration successfully executed" id="Update dashboard_snapshot table charset" duration=69.364µs
logger=migrator t=2026-10-06T21:06:29.005754241-03:00 level=info msg="Executing migration" id="Add column external_delete_url to dashboard_snapshots table"
logger=migrator t=2026-10-06T21:06:29.007323245-03:00 level=info msg="Migration successfully executed" id="Add column external_delete_url to dashboard_snapshots table" duration=1.567894ms
logger=migrator t=2026-10-06T21:06:29.021297304-03:00 level=info msg="Executing migration" id="Add encrypted dashboard json column"
logger=migrator t=2026-10-06T21:06:29.022930836-03:00 level=info msg="Migration successfully executed" id="Add encrypted dashboard json column" duration=1.632672ms
logger=migrator t=2026-10-06T21:06:29.035595916-03:00 level=info msg="Executing migration" id="Change dashboard_encrypted column to MEDIUMBLOB"
logger=migrator t=2026-10-06T21:06:29.035691212-03:00 level=info msg="Migration successfully executed" id="Change dashboard_encrypted column to MEDIUMBLOB" duration=97.142µs
logger=migrator t=2026-10-06T21:06:29.049625805-03:00 level=info msg="Executing migration" id="create quota table v1"
logger=migrator t=2026-10-06T21:06:29.052238843-03:00 level=info msg="Migration successfully executed" id="create quota table v1" duration=2.611872ms
logger=migrator t=2026-10-06T21:06:29.065135669-03:00 level=info msg="Executing migration" id="create index UQE_quota_org_id_user_id_target - v1"
logger=migrator t=2026-10-06T21:06:29.065842523-03:00 level=info msg="Migration successfully executed" id="create index UQE_quota_org_id_user_id_target - v1" duration=707.051µs
logger=migrator t=2026-10-06T21:06:29.078243368-03:00 level=info msg="Executing migration" id="Update quota table charset"
logger=migrator t=2026-10-06T21:06:29.078314768-03:00 level=info msg="Migration successfully executed" id="Update quota table charset" duration=73.86µs
logger=migrator t=2026-10-06T21:06:29.092939589-03:00 level=info msg="Executing migration" id="create plugin_setting table"
logger=migrator t=2026-10-06T21:06:29.093786147-03:00 level=info msg="Migration successfully executed" id="create plugin_setting table" duration=847.046µs
logger=migrator t=2026-10-06T21:06:29.116811219-03:00 level=info msg="Executing migration" id="create index UQE_plugin_setting_org_id_plugin_id - v1"
logger=migrator t=2026-10-06T21:06:29.117873544-03:00 level=info msg="Migration successfully executed" id="create index UQE_plugin_setting_org_id_plugin_id - v1" duration=1.069843ms
logger=migrator t=2026-10-06T21:06:29.14809041-03:00 level=info msg="Executing migration" id="Add column plugin_version to plugin_settings"
logger=migrator t=2026-10-06T21:06:29.150767317-03:00 level=info msg="Migration successfully executed" id="Add column plugin_version to plugin_settings" duration=2.67304ms
logger=migrator t=2026-10-06T21:06:29.184415358-03:00 level=info msg="Executing migration" id="Update plugin_setting table charset"
logger=migrator t=2026-10-06T21:06:29.184493191-03:00 level=info msg="Migration successfully executed" id="Update plugin_setting table charset" duration=81.952µs
logger=migrator t=2026-10-06T21:06:29.220695207-03:00 level=info msg="Executing migration" id="update NULL org_id to 1"
logger=migrator t=2026-10-06T21:06:29.221183355-03:00 level=info msg="Migration successfully executed" id="update NULL org_id to 1" duration=470.023µs
logger=migrator t=2026-10-06T21:06:29.238559166-03:00 level=info msg="Executing migration" id="make org_id NOT NULL and DEFAULT VALUE 1"
logger=migrator t=2026-10-06T21:06:29.243608851-03:00 level=info msg="Migration successfully executed" id="make org_id NOT NULL and DEFAULT VALUE 1" duration=5.048782ms
logger=migrator t=2026-10-06T21:06:29.257924948-03:00 level=info msg="Executing migration" id="create session table"
logger=migrator t=2026-10-06T21:06:29.258650473-03:00 level=info msg="Migration successfully executed" id="create session table" duration=717.167µs
logger=migrator t=2026-10-06T21:06:29.271401495-03:00 level=info msg="Executing migration" id="Drop old table playlist table"
logger=migrator t=2026-10-06T21:06:29.271603729-03:00 level=info msg="Migration successfully executed" id="Drop old table playlist table" duration=202.433µs
logger=migrator t=2026-10-06T21:06:29.285160709-03:00 level=info msg="Executing migration" id="Drop old table playlist_item table"
logger=migrator t=2026-10-06T21:06:29.285292371-03:00 level=info msg="Migration successfully executed" id="Drop old table playlist_item table" duration=133.629µs
logger=migrator t=2026-10-06T21:06:29.297305769-03:00 level=info msg="Executing migration" id="create playlist table v2"
logger=migrator t=2026-10-06T21:06:29.297953025-03:00 level=info msg="Migration successfully executed" id="create playlist table v2" duration=647.118µs
logger=migrator t=2026-10-06T21:06:29.31558952-03:00 level=info msg="Executing migration" id="create playlist item table v2"
logger=migrator t=2026-10-06T21:06:29.316764788-03:00 level=info msg="Migration successfully executed" id="create playlist item table v2" duration=1.170623ms
logger=migrator t=2026-10-06T21:06:29.329139785-03:00 level=info msg="Executing migration" id="Update playlist table charset"
logger=migrator t=2026-10-06T21:06:29.32920456-03:00 level=info msg="Migration successfully executed" id="Update playlist table charset" duration=67.669µs
logger=migrator t=2026-10-06T21:06:29.34199388-03:00 level=info msg="Executing migration" id="Update playlist_item table charset"
logger=migrator t=2026-10-06T21:06:29.342066237-03:00 level=info msg="Migration successfully executed" id="Update playlist_item table charset" duration=74.841µs
logger=migrator t=2026-10-06T21:06:29.355645759-03:00 level=info msg="Executing migration" id="Add playlist column created_at"
logger=migrator t=2026-10-06T21:06:29.357394043-03:00 level=info msg="Migration successfully executed" id="Add playlist column created_at" duration=1.711188ms
logger=migrator t=2026-10-06T21:06:29.369300249-03:00 level=info msg="Executing migration" id="Add playlist column updated_at"
logger=migrator t=2026-10-06T21:06:29.370949475-03:00 level=info msg="Migration successfully executed" id="Add playlist column updated_at" duration=1.648537ms
logger=migrator t=2026-10-06T21:06:29.383971345-03:00 level=info msg="Executing migration" id="drop preferences table v2"
logger=migrator t=2026-10-06T21:06:29.384278731-03:00 level=info msg="Migration successfully executed" id="drop preferences table v2" duration=278.405µs
logger=migrator t=2026-10-06T21:06:29.398895544-03:00 level=info msg="Executing migration" id="drop preferences table v3"
logger=migrator t=2026-10-06T21:06:29.399005909-03:00 level=info msg="Migration successfully executed" id="drop preferences table v3" duration=111.867µs
logger=migrator t=2026-10-06T21:06:29.411764611-03:00 level=info msg="Executing migration" id="create preferences table v3"
logger=migrator t=2026-10-06T21:06:29.412470855-03:00 level=info msg="Migration successfully executed" id="create preferences table v3" duration=706.399µs
logger=migrator t=2026-10-06T21:06:29.426894737-03:00 level=info msg="Executing migration" id="Update preferences table charset"
logger=migrator t=2026-10-06T21:06:29.426960299-03:00 level=info msg="Migration successfully executed" id="Update preferences table charset" duration=68.306µs
logger=migrator t=2026-10-06T21:06:29.440928742-03:00 level=info msg="Executing migration" id="Add column team_id in preferences"
logger=migrator t=2026-10-06T21:06:29.442671128-03:00 level=info msg="Migration successfully executed" id="Add column team_id in preferences" duration=1.742133ms
logger=migrator t=2026-10-06T21:06:29.462153074-03:00 level=info msg="Executing migration" id="Update team_id column values in preferences"
logger=migrator t=2026-10-06T21:06:29.462375484-03:00 level=info msg="Migration successfully executed" id="Update team_id column values in preferences" duration=224.526µs
logger=migrator t=2026-10-06T21:06:29.475584954-03:00 level=info msg="Executing migration" id="Add column week_start in preferences"
logger=migrator t=2026-10-06T21:06:29.477085514-03:00 level=info msg="Migration successfully executed" id="Add column week_start in preferences" duration=1.500339ms
logger=migrator t=2026-10-06T21:06:29.490923641-03:00 level=info msg="Executing migration" id="Add column preferences.json_data"
logger=migrator t=2026-10-06T21:06:29.492684523-03:00 level=info msg="Migration successfully executed" id="Add column preferences.json_data" duration=1.762299ms
logger=migrator t=2026-10-06T21:06:29.50631715-03:00 level=info msg="Executing migration" id="alter preferences.json_data to mediumtext v1"
logger=migrator t=2026-10-06T21:06:29.50641765-03:00 level=info msg="Migration successfully executed" id="alter preferences.json_data to mediumtext v1" duration=101.521µs
logger=migrator t=2026-10-06T21:06:29.519326596-03:00 level=info msg="Executing migration" id="Add preferences index org_id"
logger=migrator t=2026-10-06T21:06:29.520916323-03:00 level=info msg="Migration successfully executed" id="Add preferences index org_id" duration=1.609123ms
logger=migrator t=2026-10-06T21:06:29.532999679-03:00 level=info msg="Executing migration" id="Add preferences index user_id"
logger=migrator t=2026-10-06T21:06:29.533613059-03:00 level=info msg="Migration successfully executed" id="Add preferences index user_id" duration=614.018µs
logger=migrator t=2026-10-06T21:06:29.546366667-03:00 level=info msg="Executing migration" id="create alert table v1"
logger=migrator t=2026-10-06T21:06:29.547227756-03:00 level=info msg="Migration successfully executed" id="create alert table v1" duration=861.527µs
logger=migrator t=2026-10-06T21:06:29.56093444-03:00 level=info msg="Executing migration" id="add index alert org_id & id "
logger=migrator t=2026-10-06T21:06:29.56175753-03:00 level=info msg="Migration successfully executed" id="add index alert org_id & id " duration=823.283µs
logger=migrator t=2026-10-06T21:06:29.573639925-03:00 level=info msg="Executing migration" id="add index alert state"
logger=migrator t=2026-10-06T21:06:29.574231365-03:00 level=info msg="Migration successfully executed" id="add index alert state" duration=591.302µs
logger=migrator t=2026-10-06T21:06:29.588055934-03:00 level=info msg="Executing migration" id="add index alert dashboard_id"
logger=migrator t=2026-10-06T21:06:29.588726749-03:00 level=info msg="Migration successfully executed" id="add index alert dashboard_id" duration=671.572µs
logger=migrator t=2026-10-06T21:06:29.603124618-03:00 level=info msg="Executing migration" id="Create alert_rule_tag table v1"
logger=migrator t=2026-10-06T21:06:29.60359356-03:00 level=info msg="Migration successfully executed" id="Create alert_rule_tag table v1" duration=469.312µs
logger=migrator t=2026-10-06T21:06:29.617415696-03:00 level=info msg="Executing migration" id="Add unique index alert_rule_tag.alert_id_tag_id"
logger=migrator t=2026-10-06T21:06:29.618319746-03:00 level=info msg="Migration successfully executed" id="Add unique index alert_rule_tag.alert_id_tag_id" duration=905.326µs
logger=migrator t=2026-10-06T21:06:29.631616473-03:00 level=info msg="Executing migration" id="drop index UQE_alert_rule_tag_alert_id_tag_id - v1"
logger=migrator t=2026-10-06T21:06:29.6324006-03:00 level=info msg="Migration successfully executed" id="drop index UQE_alert_rule_tag_alert_id_tag_id - v1" duration=783.957µs
logger=migrator t=2026-10-06T21:06:29.644253699-03:00 level=info msg="Executing migration" id="Rename table alert_rule_tag to alert_rule_tag_v1 - v1"
logger=migrator t=2026-10-06T21:06:29.650006857-03:00 level=info msg="Migration successfully executed" id="Rename table alert_rule_tag to alert_rule_tag_v1 - v1" duration=5.746945ms
logger=migrator t=2026-10-06T21:06:29.663624827-03:00 level=info msg="Executing migration" id="Create alert_rule_tag table v2"
logger=migrator t=2026-10-06T21:06:29.664341789-03:00 level=info msg="Migration successfully executed" id="Create alert_rule_tag table v2" duration=717.3µs
logger=migrator t=2026-10-06T21:06:29.677867022-03:00 level=info msg="Executing migration" id="create index UQE_alert_rule_tag_alert_id_tag_id - Add unique index alert_rule_tag.alert_id_tag_id V2"
logger=migrator t=2026-10-06T21:06:29.678717822-03:00 level=info msg="Migration successfully executed" id="create index UQE_alert_rule_tag_alert_id_tag_id - Add unique index alert_rule_tag.alert_id_tag_id V2" duration=840.602µs
logger=migrator t=2026-10-06T21:06:29.692888578-03:00 level=info msg="Executing migration" id="copy alert_rule_tag v1 to v2"
logger=migrator t=2026-10-06T21:06:29.693274305-03:00 level=info msg="Migration successfully executed" id="copy alert_rule_tag v1 to v2" duration=387.755µs
logger=migrator t=2026-10-06T21:06:29.706211832-03:00 level=info msg="Executing migration" id="drop table alert_rule_tag_v1"
logger=migrator t=2026-10-06T21:06:29.706674611-03:00 level=info msg="Migration successfully executed" id="drop table alert_rule_tag_v1" duration=461.681µs
logger=migrator t=2026-10-06T21:06:29.725140045-03:00 level=info msg="Executing migration" id="create alert_notification table v1"
logger=migrator t=2026-10-06T21:06:29.725886092-03:00 level=info msg="Migration successfully executed" id="create alert_notification table v1" duration=747.892µs
logger=migrator t=2026-10-06T21:06:29.738372611-03:00 level=info msg="Executing migration" id="Add column is_default"
logger=migrator t=2026-10-06T21:06:29.740325469-03:00 level=info msg="Migration successfully executed" id="Add column is_default" duration=1.966674ms
logger=migrator t=2026-10-06T21:06:29.753735986-03:00 level=info msg="Executing migration" id="Add column frequency"
logger=migrator t=2026-10-06T21:06:29.756023606-03:00 level=info msg="Migration successfully executed" id="Add column frequency" duration=2.284985ms
logger=migrator t=2026-10-06T21:06:29.769312655-03:00 level=info msg="Executing migration" id="Add column send_reminder"
logger=migrator t=2026-10-06T21:06:29.771221785-03:00 level=info msg="Migration successfully executed" id="Add column send_reminder" duration=1.908717ms
logger=migrator t=2026-10-06T21:06:29.785045131-03:00 level=info msg="Executing migration" id="Add column disable_resolve_message"
logger=migrator t=2026-10-06T21:06:29.787160347-03:00 level=info msg="Migration successfully executed" id="Add column disable_resolve_message" duration=2.114239ms
logger=migrator t=2026-10-06T21:06:29.801282082-03:00 level=info msg="Executing migration" id="add index alert_notification org_id & name"
logger=migrator t=2026-10-06T21:06:29.802036075-03:00 level=info msg="Migration successfully executed" id="add index alert_notification org_id & name" duration=754.028µs
logger=migrator t=2026-10-06T21:06:29.814559913-03:00 level=info msg="Executing migration" id="Update alert table charset"
logger=migrator t=2026-10-06T21:06:29.814621348-03:00 level=info msg="Migration successfully executed" id="Update alert table charset" duration=64.07µs
logger=migrator t=2026-10-06T21:06:29.828565791-03:00 level=info msg="Executing migration" id="Update alert_notification table charset"
logger=migrator t=2026-10-06T21:06:29.82865216-03:00 level=info msg="Migration successfully executed" id="Update alert_notification table charset" duration=89.351µs
logger=migrator t=2026-10-06T21:06:29.840438383-03:00 level=info msg="Executing migration" id="create notification_journal table v1"
logger=migrator t=2026-10-06T21:06:29.841070579-03:00 level=info msg="Migration successfully executed" id="create notification_journal table v1" duration=632.23µs
logger=migrator t=2026-10-06T21:06:29.852817488-03:00 level=info msg="Executing migration" id="add index notification_journal org_id & alert_id & notifier_id"
logger=migrator t=2026-10-06T21:06:29.853826616-03:00 level=info msg="Migration successfully executed" id="add index notification_journal org_id & alert_id & notifier_id" duration=1.009278ms
logger=migrator t=2026-10-06T21:06:29.867768624-03:00 level=info msg="Executing migration" id="drop alert_notification_journal"
logger=migrator t=2026-10-06T21:06:29.868564614-03:00 level=info msg="Migration successfully executed" id="drop alert_notification_journal" duration=796.328µs
logger=migrator t=2026-10-06T21:06:29.881629495-03:00 level=info msg="Executing migration" id="create alert_notification_state table v1"
logger=migrator t=2026-10-06T21:06:29.882353869-03:00 level=info msg="Migration successfully executed" id="create alert_notification_state table v1" duration=725.279µs
logger=migrator t=2026-10-06T21:06:29.896769951-03:00 level=info msg="Executing migration" id="add index alert_notification_state org_id & alert_id & notifier_id"
logger=migrator t=2026-10-06T21:06:29.897744894-03:00 level=info msg="Migration successfully executed" id="add index alert_notification_state org_id & alert_id & notifier_id" duration=975.076µs
logger=migrator t=2026-10-06T21:06:29.911596313-03:00 level=info msg="Executing migration" id="Add for to alert table"
logger=migrator t=2026-10-06T21:06:29.914864774-03:00 level=info msg="Migration successfully executed" id="Add for to alert table" duration=3.266454ms
logger=migrator t=2026-10-06T21:06:29.928957148-03:00 level=info msg="Executing migration" id="Add column uid in alert_notification"
logger=migrator t=2026-10-06T21:06:29.931570791-03:00 level=info msg="Migration successfully executed" id="Add column uid in alert_notification" duration=2.611732ms
logger=migrator t=2026-10-06T21:06:29.944580876-03:00 level=info msg="Executing migration" id="Update uid column values in alert_notification"
logger=migrator t=2026-10-06T21:06:29.945036345-03:00 level=info msg="Migration successfully executed" id="Update uid column values in alert_notification" duration=457.989µs
logger=migrator t=2026-10-06T21:06:29.958789423-03:00 level=info msg="Executing migration" id="Add unique index alert_notification_org_id_uid"
logger=migrator t=2026-10-06T21:06:29.960773607-03:00 level=info msg="Migration successfully executed" id="Add unique index alert_notification_org_id_uid" duration=1.964666ms
logger=migrator t=2026-10-06T21:06:29.974879812-03:00 level=info msg="Executing migration" id="Remove unique index org_id_name"
logger=migrator t=2026-10-06T21:06:29.975805405-03:00 level=info msg="Migration successfully executed" id="Remove unique index org_id_name" duration=927.039µs
logger=migrator t=2026-10-06T21:06:29.989095282-03:00 level=info msg="Executing migration" id="Add column secure_settings in alert_notification"
logger=migrator t=2026-10-06T21:06:29.991929125-03:00 level=info msg="Migration successfully executed" id="Add column secure_settings in alert_notification" duration=2.809994ms
logger=migrator t=2026-10-06T21:06:30.00411098-03:00 level=info msg="Executing migration" id="alter alert.settings to mediumtext"
logger=migrator t=2026-10-06T21:06:30.00420993-03:00 level=info msg="Migration successfully executed" id="alter alert.settings to mediumtext" duration=100.705µs
logger=migrator t=2026-10-06T21:06:30.017362852-03:00 level=info msg="Executing migration" id="Add non-unique index alert_notification_state_alert_id"
logger=migrator t=2026-10-06T21:06:30.018047908-03:00 level=info msg="Migration successfully executed" id="Add non-unique index alert_notification_state_alert_id" duration=684.787µs
logger=migrator t=2026-10-06T21:06:30.031681722-03:00 level=info msg="Executing migration" id="Add non-unique index alert_rule_tag_alert_id"
logger=migrator t=2026-10-06T21:06:30.032466242-03:00 level=info msg="Migration successfully executed" id="Add non-unique index alert_rule_tag_alert_id" duration=776.909µs
logger=migrator t=2026-10-06T21:06:30.046084719-03:00 level=info msg="Executing migration" id="Drop old annotation table v4"
logger=migrator t=2026-10-06T21:06:30.046242381-03:00 level=info msg="Migration successfully executed" id="Drop old annotation table v4" duration=160.079µs
logger=migrator t=2026-10-06T21:06:30.061341515-03:00 level=info msg="Executing migration" id="create annotation table v5"
logger=migrator t=2026-10-06T21:06:30.063050271-03:00 level=info msg="Migration successfully executed" id="create annotation table v5" duration=1.735372ms
logger=migrator t=2026-10-06T21:06:30.088734848-03:00 level=info msg="Executing migration" id="add index annotation 0 v3"
logger=migrator t=2026-10-06T21:06:30.089737816-03:00 level=info msg="Migration successfully executed" id="add index annotation 0 v3" duration=1.001955ms
logger=migrator t=2026-10-06T21:06:30.103356535-03:00 level=info msg="Executing migration" id="add index annotation 1 v3"
logger=migrator t=2026-10-06T21:06:30.10408753-03:00 level=info msg="Migration successfully executed" id="add index annotation 1 v3" duration=730.767µs
logger=migrator t=2026-10-06T21:06:30.118281068-03:00 level=info msg="Executing migration" id="add index annotation 2 v3"
logger=migrator t=2026-10-06T21:06:30.119089583-03:00 level=info msg="Migration successfully executed" id="add index annotation 2 v3" duration=808.389µs
logger=migrator t=2026-10-06T21:06:30.131893756-03:00 level=info msg="Executing migration" id="add index annotation 3 v3"
logger=migrator t=2026-10-06T21:06:30.132770796-03:00 level=info msg="Migration successfully executed" id="add index annotation 3 v3" duration=876.543µs
logger=migrator t=2026-10-06T21:06:30.146100163-03:00 level=info msg="Executing migration" id="add index annotation 4 v3"
logger=migrator t=2026-10-06T21:06:30.146855552-03:00 level=info msg="Migration successfully executed" id="add index annotation 4 v3" duration=755.356µs
logger=migrator t=2026-10-06T21:06:30.159912065-03:00 level=info msg="Executing migration" id="Update annotation table charset"
logger=migrator t=2026-10-06T21:06:30.159995776-03:00 level=info msg="Migration successfully executed" id="Update annotation table charset" duration=86.722µs
logger=migrator t=2026-10-06T21:06:30.174592688-03:00 level=info msg="Executing migration" id="Add column region_id to annotation table"
logger=migrator t=2026-10-06T21:06:30.176566884-03:00 level=info msg="Migration successfully executed" id="Add column region_id to annotation table" duration=1.973802ms
logger=migrator t=2026-10-06T21:06:30.190502741-03:00 level=info msg="Executing migration" id="Drop category_id index"
logger=migrator t=2026-10-06T21:06:30.191406809-03:00 level=info msg="Migration successfully executed" id="Drop category_id index" duration=904.738µs
logger=migrator t=2026-10-06T21:06:30.204759632-03:00 level=info msg="Executing migration" id="Add column tags to annotation table"
logger=migrator t=2026-10-06T21:06:30.206956525-03:00 level=info msg="Migration successfully executed" id="Add column tags to annotation table" duration=2.196274ms
logger=migrator t=2026-10-06T21:06:30.220821327-03:00 level=info msg="Executing migration" id="Create annotation_tag table v2"
logger=migrator t=2026-10-06T21:06:30.221416673-03:00 level=info msg="Migration successfully executed" id="Create annotation_tag table v2" duration=600.517µs
logger=migrator t=2026-10-06T21:06:30.235117503-03:00 level=info msg="Executing migration" id="Add unique index annotation_tag.annotation_id_tag_id"
logger=migrator t=2026-10-06T21:06:30.235898221-03:00 level=info msg="Migration successfully executed" id="Add unique index annotation_tag.annotation_id_tag_id" duration=780.731µs
logger=migrator t=2026-10-06T21:06:30.248377637-03:00 level=info msg="Executing migration" id="drop index UQE_annotation_tag_annotation_id_tag_id - v2"
logger=migrator t=2026-10-06T21:06:30.248966032-03:00 level=info msg="Migration successfully executed" id="drop index UQE_annotation_tag_annotation_id_tag_id - v2" duration=588.589µs
logger=migrator t=2026-10-06T21:06:30.266893932-03:00 level=info msg="Executing migration" id="Rename table annotation_tag to annotation_tag_v2 - v2"
logger=migrator t=2026-10-06T21:06:30.272757155-03:00 level=info msg="Migration successfully executed" id="Rename table annotation_tag to annotation_tag_v2 - v2" duration=5.862706ms
logger=migrator t=2026-10-06T21:06:30.286522742-03:00 level=info msg="Executing migration" id="Create annotation_tag table v3"
logger=migrator t=2026-10-06T21:06:30.287193489-03:00 level=info msg="Migration successfully executed" id="Create annotation_tag table v3" duration=670.917µs
logger=migrator t=2026-10-06T21:06:30.30116649-03:00 level=info msg="Executing migration" id="create index UQE_annotation_tag_annotation_id_tag_id - Add unique index annotation_tag.annotation_id_tag_id V3"
logger=migrator t=2026-10-06T21:06:30.3018909-03:00 level=info msg="Migration successfully executed" id="create index UQE_annotation_tag_annotation_id_tag_id - Add unique index annotation_tag.annotation_id_tag_id V3" duration=753.15µs
logger=migrator t=2026-10-06T21:06:30.314288261-03:00 level=info msg="Executing migration" id="copy annotation_tag v2 to v3"
logger=migrator t=2026-10-06T21:06:30.314668317-03:00 level=info msg="Migration successfully executed" id="copy annotation_tag v2 to v3" duration=372.322µs
logger=migrator t=2026-10-06T21:06:30.327322026-03:00 level=info msg="Executing migration" id="drop table annotation_tag_v2"
logger=migrator t=2026-10-06T21:06:30.328039753-03:00 level=info msg="Migration successfully executed" id="drop table annotation_tag_v2" duration=718.088µs
logger=migrator t=2026-10-06T21:06:30.341573476-03:00 level=info msg="Executing migration" id="Update alert annotations and set TEXT to empty"
logger=migrator t=2026-10-06T21:06:30.341820842-03:00 level=info msg="Migration successfully executed" id="Update alert annotations and set TEXT to empty" duration=247.706µs
logger=migrator t=2026-10-06T21:06:30.354127939-03:00 level=info msg="Executing migration" id="Add created time to annotation table"
logger=migrator t=2026-10-06T21:06:30.35629824-03:00 level=info msg="Migration successfully executed" id="Add created time to annotation table" duration=2.170123ms
logger=migrator t=2026-10-06T21:06:30.368986115-03:00 level=info msg="Executing migration" id="Add updated time to annotation table"
logger=migrator t=2026-10-06T21:06:30.371157672-03:00 level=info msg="Migration successfully executed" id="Add updated time to annotation table" duration=2.171916ms
logger=migrator t=2026-10-06T21:06:30.383499459-03:00 level=info msg="Executing migration" id="Add index for created in annotation table"
logger=migrator t=2026-10-06T21:06:30.384241704-03:00 level=info msg="Migration successfully executed" id="Add index for created in annotation table" duration=742.313µs
logger=migrator t=2026-10-06T21:06:30.397176977-03:00 level=info msg="Executing migration" id="Add index for updated in annotation table"
logger=migrator t=2026-10-06T21:06:30.397993811-03:00 level=info msg="Migration successfully executed" id="Add index for updated in annotation table" duration=806.543µs
logger=migrator t=2026-10-06T21:06:30.410071017-03:00 level=info msg="Executing migration" id="Convert existing annotations from seconds to milliseconds"
logger=migrator t=2026-10-06T21:06:30.410404687-03:00 level=info msg="Migration successfully executed" id="Convert existing annotations from seconds to milliseconds" duration=333.281µs
logger=migrator t=2026-10-06T21:06:30.425476965-03:00 level=info msg="Executing migration" id="Add epoch_end column"
logger=migrator t=2026-10-06T21:06:30.427855287-03:00 level=info msg="Migration successfully executed" id="Add epoch_end column" duration=2.376329ms
logger=migrator t=2026-10-06T21:06:30.442330198-03:00 level=info msg="Executing migration" id="Add index for epoch_end"
logger=migrator t=2026-10-06T21:06:30.443221295-03:00 level=info msg="Migration successfully executed" id="Add index for epoch_end" duration=890.105µs
logger=migrator t=2026-10-06T21:06:30.456544684-03:00 level=info msg="Executing migration" id="Make epoch_end the same as epoch"
logger=migrator t=2026-10-06T21:06:30.456709394-03:00 level=info msg="Migration successfully executed" id="Make epoch_end the same as epoch" duration=166.077µs
logger=migrator t=2026-10-06T21:06:30.470035579-03:00 level=info msg="Executing migration" id="Move region to single row"
logger=migrator t=2026-10-06T21:06:30.470423798-03:00 level=info msg="Migration successfully executed" id="Move region to single row" duration=389.119µs
logger=migrator t=2026-10-06T21:06:30.483345557-03:00 level=info msg="Executing migration" id="Remove index org_id_epoch from annotation table"
logger=migrator t=2026-10-06T21:06:30.48404902-03:00 level=info msg="Migration successfully executed" id="Remove index org_id_epoch from annotation table" duration=703.09µs
logger=migrator t=2026-10-06T21:06:30.497721411-03:00 level=info msg="Executing migration" id="Remove index org_id_dashboard_id_panel_id_epoch from annotation table"
logger=migrator t=2026-10-06T21:06:30.498446564-03:00 level=info msg="Migration successfully executed" id="Remove index org_id_dashboard_id_panel_id_epoch from annotation table" duration=726.354µs
logger=migrator t=2026-10-06T21:06:30.511178812-03:00 level=info msg="Executing migration" id="Add index for org_id_dashboard_id_epoch_end_epoch on annotation table"
logger=migrator t=2026-10-06T21:06:30.511821467-03:00 level=info msg="Migration successfully executed" id="Add index for org_id_dashboard_id_epoch_end_epoch on annotation table" duration=642.321µs
logger=migrator t=2026-10-06T21:06:30.524176817-03:00 level=info msg="Executing migration" id="Add index for org_id_epoch_end_epoch on annotation table"
logger=migrator t=2026-10-06T21:06:30.524862629-03:00 level=info msg="Migration successfully executed" id="Add index for org_id_epoch_end_epoch on annotation table" duration=687.093µs
logger=migrator t=2026-10-06T21:06:30.537814-03:00 level=info msg="Executing migration" id="Remove index org_id_epoch_epoch_end from annotation table"
logger=migrator t=2026-10-06T21:06:30.538502776-03:00 level=info msg="Migration successfully executed" id="Remove index org_id_epoch_epoch_end from annotation table" duration=680.522µs
logger=migrator t=2026-10-06T21:06:30.551936309-03:00 level=info msg="Executing migration" id="Add index for alert_id on annotation table"
logger=migrator t=2026-10-06T21:06:30.553661048-03:00 level=info msg="Migration successfully executed" id="Add index for alert_id on annotation table" duration=1.72698ms
logger=migrator t=2026-10-06T21:06:30.565982248-03:00 level=info msg="Executing migration" id="Increase tags column to length 4096"
logger=migrator t=2026-10-06T21:06:30.566089747-03:00 level=info msg="Migration successfully executed" id="Increase tags column to length 4096" duration=109.145µs
logger=migrator t=2026-10-06T21:06:30.57930125-03:00 level=info msg="Executing migration" id="Increase prev_state column to length 40 not null"
logger=migrator t=2026-10-06T21:06:30.579529405-03:00 level=info msg="Migration successfully executed" id="Increase prev_state column to length 40 not null" duration=231.498µs
logger=migrator t=2026-10-06T21:06:30.593262303-03:00 level=info msg="Executing migration" id="Increase new_state column to length 40 not null"
logger=migrator t=2026-10-06T21:06:30.593428467-03:00 level=info msg="Migration successfully executed" id="Increase new_state column to length 40 not null" duration=159.126µs
logger=migrator t=2026-10-06T21:06:30.60558012-03:00 level=info msg="Executing migration" id="create test_data table"
logger=migrator t=2026-10-06T21:06:30.606147042-03:00 level=info msg="Migration successfully executed" id="create test_data table" duration=571.197µs
logger=migrator t=2026-10-06T21:06:30.61951008-03:00 level=info msg="Executing migration" id="create dashboard_version table v1"
logger=migrator t=2026-10-06T21:06:30.620122874-03:00 level=info msg="Migration successfully executed" id="create dashboard_version table v1" duration=613.311µs
logger=migrator t=2026-10-06T21:06:30.633653998-03:00 level=info msg="Executing migration" id="add index dashboard_version.dashboard_id"
logger=migrator t=2026-10-06T21:06:30.634448711-03:00 level=info msg="Migration successfully executed" id="add index dashboard_version.dashboard_id" duration=795.348µs
logger=migrator t=2026-10-06T21:06:30.646640708-03:00 level=info msg="Executing migration" id="add unique index dashboard_version.dashboard_id and dashboard_version.version"
logger=migrator t=2026-10-06T21:06:30.648386812-03:00 level=info msg="Migration successfully executed" id="add unique index dashboard_version.dashboard_id and dashboard_version.version" duration=1.746175ms
logger=migrator t=2026-10-06T21:06:30.660386503-03:00 level=info msg="Executing migration" id="Set dashboard version to 1 where 0"
logger=migrator t=2026-10-06T21:06:30.660614827-03:00 level=info msg="Migration successfully executed" id="Set dashboard version to 1 where 0" duration=230.917µs
logger=migrator t=2026-10-06T21:06:30.672352465-03:00 level=info msg="Executing migration" id="save existing dashboard data in dashboard_version table v1"
logger=migrator t=2026-10-06T21:06:30.672676164-03:00 level=info msg="Migration successfully executed" id="save existing dashboard data in dashboard_version table v1" duration=324.688µs
logger=migrator t=2026-10-06T21:06:30.686822824-03:00 level=info msg="Executing migration" id="alter dashboard_version.data to mediumtext v1"
logger=migrator t=2026-10-06T21:06:30.686988302-03:00 level=info msg="Migration successfully executed" id="alter dashboard_version.data to mediumtext v1" duration=167.725µs
logger=migrator t=2026-10-06T21:06:30.699150882-03:00 level=info msg="Executing migration" id="create team table"
logger=migrator t=2026-10-06T21:06:30.699772803-03:00 level=info msg="Migration successfully executed" id="create team table" duration=621.818µs
logger=migrator t=2026-10-06T21:06:30.71394928-03:00 level=info msg="Executing migration" id="add index team.org_id"
logger=migrator t=2026-10-06T21:06:30.714864837-03:00 level=info msg="Migration successfully executed" id="add index team.org_id" duration=916.948µs
logger=migrator t=2026-10-06T21:06:30.728196348-03:00 level=info msg="Executing migration" id="add unique index team_org_id_name"
logger=migrator t=2026-10-06T21:06:30.729307127-03:00 level=info msg="Migration successfully executed" id="add unique index team_org_id_name" duration=1.109691ms
logger=migrator t=2026-10-06T21:06:30.749159228-03:00 level=info msg="Executing migration" id="Add column uid in team"
logger=migrator t=2026-10-06T21:06:30.751608385-03:00 level=info msg="Migration successfully executed" id="Add column uid in team" duration=2.461812ms
logger=migrator t=2026-10-06T21:06:30.764302331-03:00 level=info msg="Executing migration" id="Update uid column values in team"
logger=migrator t=2026-10-06T21:06:30.764504368-03:00 level=info msg="Migration successfully executed" id="Update uid column values in team" duration=203.512µs
logger=migrator t=2026-10-06T21:06:30.78235215-03:00 level=info msg="Executing migration" id="Add unique index team_org_id_uid"
logger=migrator t=2026-10-06T21:06:30.783209782-03:00 level=info msg="Migration successfully executed" id="Add unique index team_org_id_uid" duration=850.3µs
logger=migrator t=2026-10-06T21:06:30.79571428-03:00 level=info msg="Executing migration" id="create team member table"
logger=migrator t=2026-10-06T21:06:30.796452608-03:00 level=info msg="Migration successfully executed" id="create team member table" duration=737.193µs
logger=migrator t=2026-10-06T21:06:30.8100978-03:00 level=info msg="Executing migration" id="add index team_member.org_id"
logger=migrator t=2026-10-06T21:06:30.811342862-03:00 level=info msg="Migration successfully executed" id="add index team_member.org_id" duration=1.246131ms
logger=migrator t=2026-10-06T21:06:30.825664787-03:00 level=info msg="Executing migration" id="add unique index team_member_org_id_team_id_user_id"
logger=migrator t=2026-10-06T21:06:30.826839388-03:00 level=info msg="Migration successfully executed" id="add unique index team_member_org_id_team_id_user_id" duration=1.172861ms
logger=migrator t=2026-10-06T21:06:30.839675372-03:00 level=info msg="Executing migration" id="add index team_member.team_id"
logger=migrator t=2026-10-06T21:06:30.840379919-03:00 level=info msg="Migration successfully executed" id="add index team_member.team_id" duration=705.782µs
logger=migrator t=2026-10-06T21:06:30.853114323-03:00 level=info msg="Executing migration" id="Add column email to team table"
logger=migrator t=2026-10-06T21:06:30.855520108-03:00 level=info msg="Migration successfully executed" id="Add column email to team table" duration=2.404977ms
logger=migrator t=2026-10-06T21:06:30.867487505-03:00 level=info msg="Executing migration" id="Add column external to team_member table"
logger=migrator t=2026-10-06T21:06:30.869842396-03:00 level=info msg="Migration successfully executed" id="Add column external to team_member table" duration=2.35466ms
logger=migrator t=2026-10-06T21:06:30.883648941-03:00 level=info msg="Executing migration" id="Add column permission to team_member table"
logger=migrator t=2026-10-06T21:06:30.886101597-03:00 level=info msg="Migration successfully executed" id="Add column permission to team_member table" duration=2.453296ms
logger=migrator t=2026-10-06T21:06:30.900562777-03:00 level=info msg="Executing migration" id="add unique index team_member_user_id_org_id"
logger=migrator t=2026-10-06T21:06:30.90133899-03:00 level=info msg="Migration successfully executed" id="add unique index team_member_user_id_org_id" duration=777.308µs
logger=migrator t=2026-10-06T21:06:30.914158603-03:00 level=info msg="Executing migration" id="create dashboard acl table"
logger=migrator t=2026-10-06T21:06:30.914937942-03:00 level=info msg="Migration successfully executed" id="create dashboard acl table" duration=780.228µs
logger=migrator t=2026-10-06T21:06:30.927146569-03:00 level=info msg="Executing migration" id="add index dashboard_acl_dashboard_id"
logger=migrator t=2026-10-06T21:06:30.927826961-03:00 level=info msg="Migration successfully executed" id="add index dashboard_acl_dashboard_id" duration=681.129µs
logger=migrator t=2026-10-06T21:06:30.940517754-03:00 level=info msg="Executing migration" id="add unique index dashboard_acl_dashboard_id_user_id"
logger=migrator t=2026-10-06T21:06:30.941210307-03:00 level=info msg="Migration successfully executed" id="add unique index dashboard_acl_dashboard_id_user_id" duration=693.04µs
logger=migrator t=2026-10-06T21:06:30.954135663-03:00 level=info msg="Executing migration" id="add unique index dashboard_acl_dashboard_id_team_id"
logger=migrator t=2026-10-06T21:06:30.954858293-03:00 level=info msg="Migration successfully executed" id="add unique index dashboard_acl_dashboard_id_team_id" duration=723.531µs
logger=migrator t=2026-10-06T21:06:30.966230268-03:00 level=info msg="Executing migration" id="add index dashboard_acl_user_id"
logger=migrator t=2026-10-06T21:06:30.967000909-03:00 level=info msg="Migration successfully executed" id="add index dashboard_acl_user_id" duration=774.548µs
logger=migrator t=2026-10-06T21:06:30.980035091-03:00 level=info msg="Executing migration" id="add index dashboard_acl_team_id"
logger=migrator t=2026-10-06T21:06:30.98081136-03:00 level=info msg="Migration successfully executed" id="add index dashboard_acl_team_id" duration=777.255µs
logger=migrator t=2026-10-06T21:06:30.992849306-03:00 level=info msg="Executing migration" id="add index dashboard_acl_org_id_role"
logger=migrator t=2026-10-06T21:06:30.993705493-03:00 level=info msg="Migration successfully executed" id="add index dashboard_acl_org_id_role" duration=856.399µs
logger=migrator t=2026-10-06T21:06:31.006424589-03:00 level=info msg="Executing migration" id="add index dashboard_permission"
logger=migrator t=2026-10-06T21:06:31.007255267-03:00 level=info msg="Migration successfully executed" id="add index dashboard_permission" duration=831.36µs
logger=migrator t=2026-10-06T21:06:31.019706926-03:00 level=info msg="Executing migration" id="save default acl rules in dashboard_acl table"
logger=migrator t=2026-10-06T21:06:31.021588803-03:00 level=info msg="Migration successfully executed" id="save default acl rules in dashboard_acl table" duration=1.89564ms
logger=migrator t=2026-10-06T21:06:31.033785076-03:00 level=info msg="Executing migration" id="delete acl rules for deleted dashboards and folders"
logger=migrator t=2026-10-06T21:06:31.034051232-03:00 level=info msg="Migration successfully executed" id="delete acl rules for deleted dashboards and folders" duration=268.309µs
logger=migrator t=2026-10-06T21:06:31.046549267-03:00 level=info msg="Executing migration" id="create tag table"
logger=migrator t=2026-10-06T21:06:31.048325392-03:00 level=info msg="Migration successfully executed" id="create tag table" duration=1.788158ms
logger=migrator t=2026-10-06T21:06:31.06718224-03:00 level=info msg="Executing migration" id="add index tag.key_value"
logger=migrator t=2026-10-06T21:06:31.067968514-03:00 level=info msg="Migration successfully executed" id="add index tag.key_value" duration=786.842µs
logger=migrator t=2026-10-06T21:06:31.08060203-03:00 level=info msg="Executing migration" id="create login attempt table"
logger=migrator t=2026-10-06T21:06:31.081241727-03:00 level=info msg="Migration successfully executed" id="create login attempt table" duration=639.421µs
logger=migrator t=2026-10-06T21:06:31.093147365-03:00 level=info msg="Executing migration" id="add index login_attempt.username"
logger=migrator t=2026-10-06T21:06:31.093906144-03:00 level=info msg="Migration successfully executed" id="add index login_attempt.username" duration=759.683µs
logger=migrator t=2026-10-06T21:06:31.1063211-03:00 level=info msg="Executing migration" id="drop index IDX_login_attempt_username - v1"
logger=migrator t=2026-10-06T21:06:31.107045251-03:00 level=info msg="Migration successfully executed" id="drop index IDX_login_attempt_username - v1" duration=723.753µs
logger=migrator t=2026-10-06T21:06:31.614008387-03:00 level=info msg="Executing migration" id="Rename table login_attempt to login_attempt_tmp_qwerty - v1"
logger=migrator t=2026-10-06T21:06:31.631500672-03:00 level=info msg="Migration successfully executed" id="Rename table login_attempt to login_attempt_tmp_qwerty - v1" duration=17.487976ms
logger=migrator t=2026-10-06T21:06:31.685499585-03:00 level=info msg="Executing migration" id="create login_attempt v2"
logger=migrator t=2026-10-06T21:06:31.694529271-03:00 level=info msg="Migration successfully executed" id="create login_attempt v2" duration=9.0286ms
logger=migrator t=2026-10-06T21:06:31.707749196-03:00 level=info msg="Executing migration" id="create index IDX_login_attempt_username - v2"
logger=migrator t=2026-10-06T21:06:31.708534947-03:00 level=info msg="Migration successfully executed" id="create index IDX_login_attempt_username - v2" duration=785.111µs
logger=migrator t=2026-10-06T21:06:31.722007474-03:00 level=info msg="Executing migration" id="copy login_attempt v1 to v2"
logger=migrator t=2026-10-06T21:06:31.722354518-03:00 level=info msg="Migration successfully executed" id="copy login_attempt v1 to v2" duration=348.119µs
logger=migrator t=2026-10-06T21:06:31.735874272-03:00 level=info msg="Executing migration" id="drop login_attempt_tmp_qwerty"
logger=migrator t=2026-10-06T21:06:31.736489133-03:00 level=info msg="Migration successfully executed" id="drop login_attempt_tmp_qwerty" duration=614.887µs
logger=migrator t=2026-10-06T21:06:31.749767074-03:00 level=info msg="Executing migration" id="create user auth table"
logger=migrator t=2026-10-06T21:06:31.750397004-03:00 level=info msg="Migration successfully executed" id="create user auth table" duration=629.721µs
logger=migrator t=2026-10-06T21:06:31.762653773-03:00 level=info msg="Executing migration" id="create index IDX_user_auth_auth_module_auth_id - v1"
logger=migrator t=2026-10-06T21:06:31.763447068-03:00 level=info msg="Migration successfully executed" id="create index IDX_user_auth_auth_module_auth_id - v1" duration=792.522µs
logger=migrator t=2026-10-06T21:06:31.779940466-03:00 level=info msg="Executing migration" id="alter user_auth.auth_id to length 190"
logger=migrator t=2026-10-06T21:06:31.780163799-03:00 level=info msg="Migration successfully executed" id="alter user_auth.auth_id to length 190" duration=225.446µs
logger=migrator t=2026-10-06T21:06:31.792532662-03:00 level=info msg="Executing migration" id="Add OAuth access token to user_auth"
logger=migrator t=2026-10-06T21:06:31.795242108-03:00 level=info msg="Migration successfully executed" id="Add OAuth access token to user_auth" duration=2.708701ms
logger=migrator t=2026-10-06T21:06:31.80779712-03:00 level=info msg="Executing migration" id="Add OAuth refresh token to user_auth"
logger=migrator t=2026-10-06T21:06:31.810408098-03:00 level=info msg="Migration successfully executed" id="Add OAuth refresh token to user_auth" duration=2.610071ms
logger=migrator t=2026-10-06T21:06:31.824219582-03:00 level=info msg="Executing migration" id="Add OAuth token type to user_auth"
logger=migrator t=2026-10-06T21:06:31.82709263-03:00 level=info msg="Migration successfully executed" id="Add OAuth token type to user_auth" duration=2.869529ms
logger=migrator t=2026-10-06T21:06:31.845085541-03:00 level=info msg="Executing migration" id="Add OAuth expiry to user_auth"
logger=migrator t=2026-10-06T21:06:31.848192845-03:00 level=info msg="Migration successfully executed" id="Add OAuth expiry to user_auth" duration=3.100651ms
logger=migrator t=2026-10-06T21:06:31.860076224-03:00 level=info msg="Executing migration" id="Add index to user_id column in user_auth"
logger=migrator t=2026-10-06T21:06:31.860834982-03:00 level=info msg="Migration successfully executed" id="Add index to user_id column in user_auth" duration=758.88µs
logger=migrator t=2026-10-06T21:06:31.873623547-03:00 level=info msg="Executing migration" id="Add OAuth ID token to user_auth"
logger=migrator t=2026-10-06T21:06:31.876252035-03:00 level=info msg="Migration successfully executed" id="Add OAuth ID token to user_auth" duration=2.627749ms
logger=migrator t=2026-10-06T21:06:31.889165508-03:00 level=info msg="Executing migration" id="create server_lock table"
logger=migrator t=2026-10-06T21:06:31.889843548-03:00 level=info msg="Migration successfully executed" id="create server_lock table" duration=676.678µs
logger=migrator t=2026-10-06T21:06:31.904414392-03:00 level=info msg="Executing migration" id="add index server_lock.operation_uid"
logger=migrator t=2026-10-06T21:06:31.90531523-03:00 level=info msg="Migration successfully executed" id="add index server_lock.operation_uid" duration=900.446µs
logger=migrator t=2026-10-06T21:06:31.919012603-03:00 level=info msg="Executing migration" id="create user auth token table"
logger=migrator t=2026-10-06T21:06:31.919747764-03:00 level=info msg="Migration successfully executed" id="create user auth token table" duration=705.433µs
logger=migrator t=2026-10-06T21:06:31.932995297-03:00 level=info msg="Executing migration" id="add unique index user_auth_token.auth_token"
logger=migrator t=2026-10-06T21:06:31.934436852-03:00 level=info msg="Migration successfully executed" id="add unique index user_auth_token.auth_token" duration=1.442219ms
logger=migrator t=2026-10-06T21:06:31.947931058-03:00 level=info msg="Executing migration" id="add unique index user_auth_token.prev_auth_token"
logger=migrator t=2026-10-06T21:06:31.948735353-03:00 level=info msg="Migration successfully executed" id="add unique index user_auth_token.prev_auth_token" duration=804.556µs
logger=migrator t=2026-10-06T21:06:31.960733694-03:00 level=info msg="Executing migration" id="add index user_auth_token.user_id"
logger=migrator t=2026-10-06T21:06:31.9614792-03:00 level=info msg="Migration successfully executed" id="add index user_auth_token.user_id" duration=746.253µs
logger=migrator t=2026-10-06T21:06:31.973907705-03:00 level=info msg="Executing migration" id="Add revoked_at to the user auth token"
logger=migrator t=2026-10-06T21:06:31.976583258-03:00 level=info msg="Migration successfully executed" id="Add revoked_at to the user auth token" duration=2.674745ms
logger=migrator t=2026-10-06T21:06:31.988217215-03:00 level=info msg="Executing migration" id="add index user_auth_token.revoked_at"
logger=migrator t=2026-10-06T21:06:31.988904631-03:00 level=info msg="Migration successfully executed" id="add index user_auth_token.revoked_at" duration=687.757µs
logger=migrator t=2026-10-06T21:06:32.001903399-03:00 level=info msg="Executing migration" id="add external_session_id to user_auth_token"
logger=migrator t=2026-10-06T21:06:32.004594784-03:00 level=info msg="Migration successfully executed" id="add external_session_id to user_auth_token" duration=2.690485ms
logger=migrator t=2026-10-06T21:06:32.016901599-03:00 level=info msg="Executing migration" id="create cache_data table"
logger=migrator t=2026-10-06T21:06:32.017729497-03:00 level=info msg="Migration successfully executed" id="create cache_data table" duration=826.423µs
logger=migrator t=2026-10-06T21:06:32.030398821-03:00 level=info msg="Executing migration" id="add unique index cache_data.cache_key"
logger=migrator t=2026-10-06T21:06:32.031465527-03:00 level=info msg="Migration successfully executed" id="add unique index cache_data.cache_key" duration=1.066714ms
logger=migrator t=2026-10-06T21:06:32.045184836-03:00 level=info msg="Executing migration" id="create short_url table v1"
logger=migrator t=2026-10-06T21:06:32.045859319-03:00 level=info msg="Migration successfully executed" id="create short_url table v1" duration=673.427µs
logger=migrator t=2026-10-06T21:06:32.058314462-03:00 level=info msg="Executing migration" id="add index short_url.org_id-uid"
logger=migrator t=2026-10-06T21:06:32.059312563-03:00 level=info msg="Migration successfully executed" id="add index short_url.org_id-uid" duration=998.289µs
logger=migrator t=2026-10-06T21:06:32.073384386-03:00 level=info msg="Executing migration" id="alter table short_url alter column created_by type to bigint"
logger=migrator t=2026-10-06T21:06:32.073497335-03:00 level=info msg="Migration successfully executed" id="alter table short_url alter column created_by type to bigint" duration=111.782µs
logger=migrator t=2026-10-06T21:06:32.086210516-03:00 level=info msg="Executing migration" id="delete alert_definition table"
logger=migrator t=2026-10-06T21:06:32.086322471-03:00 level=info msg="Migration successfully executed" id="delete alert_definition table" duration=113.897µs
logger=migrator t=2026-10-06T21:06:32.103722894-03:00 level=info msg="Executing migration" id="recreate alert_definition table"
logger=migrator t=2026-10-06T21:06:32.104490343-03:00 level=info msg="Migration successfully executed" id="recreate alert_definition table" duration=766.995µs
logger=migrator t=2026-10-06T21:06:32.121355142-03:00 level=info msg="Executing migration" id="add index in alert_definition on org_id and title columns"
logger=migrator t=2026-10-06T21:06:32.122156945-03:00 level=info msg="Migration successfully executed" id="add index in alert_definition on org_id and title columns" duration=801.813µs
logger=migrator t=2026-10-06T21:06:32.135206273-03:00 level=info msg="Executing migration" id="add index in alert_definition on org_id and uid columns"
logger=migrator t=2026-10-06T21:06:32.136049006-03:00 level=info msg="Migration successfully executed" id="add index in alert_definition on org_id and uid columns" duration=841.616µs
logger=migrator t=2026-10-06T21:06:32.148144574-03:00 level=info msg="Executing migration" id="alter alert_definition table data column to mediumtext in mysql"
logger=migrator t=2026-10-06T21:06:32.148224159-03:00 level=info msg="Migration successfully executed" id="alter alert_definition table data column to mediumtext in mysql" duration=80.626µs
logger=migrator t=2026-10-06T21:06:32.159564672-03:00 level=info msg="Executing migration" id="drop index in alert_definition on org_id and title columns"
logger=migrator t=2026-10-06T21:06:32.160362494-03:00 level=info msg="Migration successfully executed" id="drop index in alert_definition on org_id and title columns" duration=798.598µs
logger=migrator t=2026-10-06T21:06:32.174381818-03:00 level=info msg="Executing migration" id="drop index in alert_definition on org_id and uid columns"
logger=migrator t=2026-10-06T21:06:32.175243355-03:00 level=info msg="Migration successfully executed" id="drop index in alert_definition on org_id and uid columns" duration=862.47µs
logger=migrator t=2026-10-06T21:06:32.189105723-03:00 level=info msg="Executing migration" id="add unique index in alert_definition on org_id and title columns"
logger=migrator t=2026-10-06T21:06:32.19018829-03:00 level=info msg="Migration successfully executed" id="add unique index in alert_definition on org_id and title columns" duration=1.082045ms
logger=migrator t=2026-10-06T21:06:32.204223082-03:00 level=info msg="Executing migration" id="add unique index in alert_definition on org_id and uid columns"
logger=migrator t=2026-10-06T21:06:32.205463414-03:00 level=info msg="Migration successfully executed" id="add unique index in alert_definition on org_id and uid columns" duration=1.239882ms
logger=migrator t=2026-10-06T21:06:32.219736432-03:00 level=info msg="Executing migration" id="Add column paused in alert_definition"
logger=migrator t=2026-10-06T21:06:32.224315982-03:00 level=info msg="Migration successfully executed" id="Add column paused in alert_definition" duration=4.594955ms
logger=migrator t=2026-10-06T21:06:32.242849229-03:00 level=info msg="Executing migration" id="drop alert_definition table"
logger=migrator t=2026-10-06T21:06:32.243843455-03:00 level=info msg="Migration successfully executed" id="drop alert_definition table" duration=996.818µs
logger=migrator t=2026-10-06T21:06:32.258244092-03:00 level=info msg="Executing migration" id="delete alert_definition_version table"
logger=migrator t=2026-10-06T21:06:32.258384748-03:00 level=info msg="Migration successfully executed" id="delete alert_definition_version table" duration=147.45µs
logger=migrator t=2026-10-06T21:06:32.271796517-03:00 level=info msg="Executing migration" id="recreate alert_definition_version table"
logger=migrator t=2026-10-06T21:06:32.272539834-03:00 level=info msg="Migration successfully executed" id="recreate alert_definition_version table" duration=743.609µs
logger=migrator t=2026-10-06T21:06:32.28469759-03:00 level=info msg="Executing migration" id="add index in alert_definition_version table on alert_definition_id and version columns"
logger=migrator t=2026-10-06T21:06:32.285495906-03:00 level=info msg="Migration successfully executed" id="add index in alert_definition_version table on alert_definition_id and version columns" duration=794.997µs
logger=migrator t=2026-10-06T21:06:32.299421433-03:00 level=info msg="Executing migration" id="add index in alert_definition_version table on alert_definition_uid and version columns"
logger=migrator t=2026-10-06T21:06:32.301427802-03:00 level=info msg="Migration successfully executed" id="add index in alert_definition_version table on alert_definition_uid and version columns" duration=2.005716ms
logger=migrator t=2026-10-06T21:06:32.316484849-03:00 level=info msg="Executing migration" id="alter alert_definition_version table data column to mediumtext in mysql"
logger=migrator t=2026-10-06T21:06:32.316601772-03:00 level=info msg="Migration successfully executed" id="alter alert_definition_version table data column to mediumtext in mysql" duration=119.392µs
logger=migrator t=2026-10-06T21:06:32.329356398-03:00 level=info msg="Executing migration" id="drop alert_definition_version table"
logger=migrator t=2026-10-06T21:06:32.330908857-03:00 level=info msg="Migration successfully executed" id="drop alert_definition_version table" duration=1.550727ms
logger=migrator t=2026-10-06T21:06:32.345001096-03:00 level=info msg="Executing migration" id="create alert_instance table"
logger=migrator t=2026-10-06T21:06:32.345890782-03:00 level=info msg="Migration successfully executed" id="create alert_instance table" duration=887.85µs
logger=migrator t=2026-10-06T21:06:32.357980364-03:00 level=info msg="Executing migration" id="add index in alert_instance table on def_org_id, def_uid and current_state columns"
logger=migrator t=2026-10-06T21:06:32.358796759-03:00 level=info msg="Migration successfully executed" id="add index in alert_instance table on def_org_id, def_uid and current_state columns" duration=815.876µs
logger=migrator t=2026-10-06T21:06:32.371775772-03:00 level=info msg="Executing migration" id="add index in alert_instance table on def_org_id, current_state columns"
logger=migrator t=2026-10-06T21:06:32.372660511-03:00 level=info msg="Migration successfully executed" id="add index in alert_instance table on def_org_id, current_state columns" duration=883.768µs
logger=migrator t=2026-10-06T21:06:32.384755164-03:00 level=info msg="Executing migration" id="add column current_state_end to alert_instance"
logger=migrator t=2026-10-06T21:06:32.387435735-03:00 level=info msg="Migration successfully executed" id="add column current_state_end to alert_instance" duration=2.680164ms
logger=migrator t=2026-10-06T21:06:32.399355607-03:00 level=info msg="Executing migration" id="remove index def_org_id, def_uid, current_state on alert_instance"
logger=migrator t=2026-10-06T21:06:32.400333935-03:00 level=info msg="Migration successfully executed" id="remove index def_org_id, def_uid, current_state on alert_instance" duration=973.703µs
logger=migrator t=2026-10-06T21:06:32.41361663-03:00 level=info msg="Executing migration" id="remove index def_org_id, current_state on alert_instance"
logger=migrator t=2026-10-06T21:06:32.414420378-03:00 level=info msg="Migration successfully executed" id="remove index def_org_id, current_state on alert_instance" duration=803.632µs
logger=migrator t=2026-10-06T21:06:32.430772962-03:00 level=info msg="Executing migration" id="rename def_org_id to rule_org_id in alert_instance"
logger=migrator t=2026-10-06T21:06:32.446129806-03:00 level=info msg="Migration successfully executed" id="rename def_org_id to rule_org_id in alert_instance" duration=15.353335ms
logger=migrator t=2026-10-06T21:06:32.459036298-03:00 level=info msg="Executing migration" id="rename def_uid to rule_uid in alert_instance"
logger=migrator t=2026-10-06T21:06:32.473044044-03:00 level=info msg="Migration successfully executed" id="rename def_uid to rule_uid in alert_instance" duration=14.004336ms
logger=migrator t=2026-10-06T21:06:32.486002724-03:00 level=info msg="Executing migration" id="add index rule_org_id, rule_uid, current_state on alert_instance"
logger=migrator t=2026-10-06T21:06:32.486762911-03:00 level=info msg="Migration successfully executed" id="add index rule_org_id, rule_uid, current_state on alert_instance" duration=763.662µs
logger=migrator t=2026-10-06T21:06:32.500479836-03:00 level=info msg="Executing migration" id="add index rule_org_id, current_state on alert_instance"
logger=migrator t=2026-10-06T21:06:32.502491588-03:00 level=info msg="Migration successfully executed" id="add index rule_org_id, current_state on alert_instance" duration=2.015096ms
logger=migrator t=2026-10-06T21:06:32.514900335-03:00 level=info msg="Executing migration" id="add current_reason column related to current_state"
logger=migrator t=2026-10-06T21:06:32.517705655-03:00 level=info msg="Migration successfully executed" id="add current_reason column related to current_state" duration=2.804921ms
logger=migrator t=2026-10-06T21:06:32.529762013-03:00 level=info msg="Executing migration" id="add result_fingerprint column to alert_instance"
logger=migrator t=2026-10-06T21:06:32.532977476-03:00 level=info msg="Migration successfully executed" id="add result_fingerprint column to alert_instance" duration=3.212486ms
logger=migrator t=2026-10-06T21:06:32.547155278-03:00 level=info msg="Executing migration" id="create alert_rule table"
logger=migrator t=2026-10-06T21:06:32.547944446-03:00 level=info msg="Migration successfully executed" id="create alert_rule table" duration=789.225µs
logger=migrator t=2026-10-06T21:06:32.560148562-03:00 level=info msg="Executing migration" id="add index in alert_rule on org_id and title columns"
logger=migrator t=2026-10-06T21:06:32.561215275-03:00 level=info msg="Migration successfully executed" id="add index in alert_rule on org_id and title columns" duration=1.062182ms
logger=migrator t=2026-10-06T21:06:32.586362879-03:00 level=info msg="Executing migration" id="add index in alert_rule on org_id and uid columns"
logger=migrator t=2026-10-06T21:06:32.587605849-03:00 level=info msg="Migration successfully executed" id="add index in alert_rule on org_id and uid columns" duration=1.258931ms
logger=migrator t=2026-10-06T21:06:32.600318916-03:00 level=info msg="Executing migration" id="add index in alert_rule on org_id, namespace_uid, group_uid columns"
logger=migrator t=2026-10-06T21:06:32.601278526-03:00 level=info msg="Migration successfully executed" id="add index in alert_rule on org_id, namespace_uid, group_uid columns" duration=960.685µs
logger=migrator t=2026-10-06T21:06:32.617188409-03:00 level=info msg="Executing migration" id="alter alert_rule table data column to mediumtext in mysql"
logger=migrator t=2026-10-06T21:06:32.617314438-03:00 level=info msg="Migration successfully executed" id="alter alert_rule table data column to mediumtext in mysql" duration=132.348µs
logger=migrator t=2026-10-06T21:06:32.63011279-03:00 level=info msg="Executing migration" id="add column for to alert_rule"
logger=migrator t=2026-10-06T21:06:32.633528189-03:00 level=info msg="Migration successfully executed" id="add column for to alert_rule" duration=3.398011ms
logger=migrator t=2026-10-06T21:06:32.647482565-03:00 level=info msg="Executing migration" id="add column annotations to alert_rule"
logger=migrator t=2026-10-06T21:06:32.650478601-03:00 level=info msg="Migration successfully executed" id="add column annotations to alert_rule" duration=2.994866ms
logger=migrator t=2026-10-06T21:06:32.664465781-03:00 level=info msg="Executing migration" id="add column labels to alert_rule"
logger=migrator t=2026-10-06T21:06:32.667691593-03:00 level=info msg="Migration successfully executed" id="add column labels to alert_rule" duration=3.221728ms
logger=migrator t=2026-10-06T21:06:32.6827818-03:00 level=info msg="Executing migration" id="remove unique index from alert_rule on org_id, title columns"
logger=migrator t=2026-10-06T21:06:32.683584865-03:00 level=info msg="Migration successfully executed" id="remove unique index from alert_rule on org_id, title columns" duration=802.498µs
logger=migrator t=2026-10-06T21:06:32.696237423-03:00 level=info msg="Executing migration" id="add index in alert_rule on org_id, namespase_uid and title columns"
logger=migrator t=2026-10-06T21:06:32.69723357-03:00 level=info msg="Migration successfully executed" id="add index in alert_rule on org_id, namespase_uid and title columns" duration=994.567µs
logger=migrator t=2026-10-06T21:06:32.716051713-03:00 level=info msg="Executing migration" id="add dashboard_uid column to alert_rule"
logger=migrator t=2026-10-06T21:06:32.719331976-03:00 level=info msg="Migration successfully executed" id="add dashboard_uid column to alert_rule" duration=3.277225ms
logger=migrator t=2026-10-06T21:06:32.732561674-03:00 level=info msg="Executing migration" id="add panel_id column to alert_rule"
logger=migrator t=2026-10-06T21:06:32.736615976-03:00 level=info msg="Migration successfully executed" id="add panel_id column to alert_rule" duration=4.051009ms
logger=migrator t=2026-10-06T21:06:32.756934354-03:00 level=info msg="Executing migration" id="add index in alert_rule on org_id, dashboard_uid and panel_id columns"
logger=migrator t=2026-10-06T21:06:32.757828692-03:00 level=info msg="Migration successfully executed" id="add index in alert_rule on org_id, dashboard_uid and panel_id columns" duration=892.881µs
logger=migrator t=2026-10-06T21:06:32.771836923-03:00 level=info msg="Executing migration" id="add rule_group_idx column to alert_rule"
logger=migrator t=2026-10-06T21:06:32.775147669-03:00 level=info msg="Migration successfully executed" id="add rule_group_idx column to alert_rule" duration=3.351898ms
logger=migrator t=2026-10-06T21:06:32.788929546-03:00 level=info msg="Executing migration" id="add is_paused column to alert_rule table"
logger=migrator t=2026-10-06T21:06:32.792128397-03:00 level=info msg="Migration successfully executed" id="add is_paused column to alert_rule table" duration=3.196041ms
logger=migrator t=2026-10-06T21:06:32.811546665-03:00 level=info msg="Executing migration" id="fix is_paused column for alert_rule table"
logger=migrator t=2026-10-06T21:06:32.811795134-03:00 level=info msg="Migration successfully executed" id="fix is_paused column for alert_rule table" duration=251.456µs
logger=migrator t=2026-10-06T21:06:32.827157142-03:00 level=info msg="Executing migration" id="create alert_rule_version table"
logger=migrator t=2026-10-06T21:06:32.828145158-03:00 level=info msg="Migration successfully executed" id="create alert_rule_version table" duration=985.724µs
logger=migrator t=2026-10-06T21:06:32.841981753-03:00 level=info msg="Executing migration" id="add index in alert_rule_version table on rule_org_id, rule_uid and version columns"
logger=migrator t=2026-10-06T21:06:32.843061469-03:00 level=info msg="Migration successfully executed" id="add index in alert_rule_version table on rule_org_id, rule_uid and version columns" duration=1.082372ms
logger=migrator t=2026-10-06T21:06:32.862541648-03:00 level=info msg="Executing migration" id="add index in alert_rule_version table on rule_org_id, rule_namespace_uid and rule_group columns"
logger=migrator t=2026-10-06T21:06:32.863508934-03:00 level=info msg="Migration successfully executed" id="add index in alert_rule_version table on rule_org_id, rule_namespace_uid and rule_group columns" duration=968.27µs
logger=migrator t=2026-10-06T21:06:32.876476869-03:00 level=info msg="Executing migration" id="alter alert_rule_version table data column to mediumtext in mysql"
logger=migrator t=2026-10-06T21:06:32.876654831-03:00 level=info msg="Migration successfully executed" id="alter alert_rule_version table data column to mediumtext in mysql" duration=185.761µs
logger=migrator t=2026-10-06T21:06:32.89483067-03:00 level=info msg="Executing migration" id="add column for to alert_rule_version"
logger=migrator t=2026-10-06T21:06:32.899632332-03:00 level=info msg="Migration successfully executed" id="add column for to alert_rule_version" duration=4.795981ms
logger=migrator t=2026-10-06T21:06:32.917485355-03:00 level=info msg="Executing migration" id="add column annotations to alert_rule_version"
logger=migrator t=2026-10-06T21:06:32.920611612-03:00 level=info msg="Migration successfully executed" id="add column annotations to alert_rule_version" duration=3.125454ms
logger=migrator t=2026-10-06T21:06:32.933010532-03:00 level=info msg="Executing migration" id="add column labels to alert_rule_version"
logger=migrator t=2026-10-06T21:06:32.936528693-03:00 level=info msg="Migration successfully executed" id="add column labels to alert_rule_version" duration=3.516845ms
logger=migrator t=2026-10-06T21:06:32.948037192-03:00 level=info msg="Executing migration" id="add rule_group_idx column to alert_rule_version"
logger=migrator t=2026-10-06T21:06:32.951762208-03:00 level=info msg="Migration successfully executed" id="add rule_group_idx column to alert_rule_version" duration=3.728703ms
logger=migrator t=2026-10-06T21:06:32.963335468-03:00 level=info msg="Executing migration" id="add is_paused column to alert_rule_versions table"
logger=migrator t=2026-10-06T21:06:32.966701059-03:00 level=info msg="Migration successfully executed" id="add is_paused column to alert_rule_versions table" duration=3.363996ms
logger=migrator t=2026-10-06T21:06:32.978220791-03:00 level=info msg="Executing migration" id="fix is_paused column for alert_rule_version table"
logger=migrator t=2026-10-06T21:06:32.978317588-03:00 level=info msg="Migration successfully executed" id="fix is_paused column for alert_rule_version table" duration=99.069µs
logger=migrator t=2026-10-06T21:06:32.989689278-03:00 level=info msg="Executing migration" id=create_alert_configuration_table
logger=migrator t=2026-10-06T21:06:32.990307134-03:00 level=info msg="Migration successfully executed" id=create_alert_configuration_table duration=617.532µs
logger=migrator t=2026-10-06T21:06:33.002320477-03:00 level=info msg="Executing migration" id="Add column default in alert_configuration"
logger=migrator t=2026-10-06T21:06:33.005344774-03:00 level=info msg="Migration successfully executed" id="Add column default in alert_configuration" duration=2.996684ms
logger=migrator t=2026-10-06T21:06:33.018962813-03:00 level=info msg="Executing migration" id="alert alert_configuration alertmanager_configuration column from TEXT to MEDIUMTEXT if mysql"
logger=migrator t=2026-10-06T21:06:33.019086549-03:00 level=info msg="Migration successfully executed" id="alert alert_configuration alertmanager_configuration column from TEXT to MEDIUMTEXT if mysql" duration=126.966µs
logger=migrator t=2026-10-06T21:06:33.031576813-03:00 level=info msg="Executing migration" id="add column org_id in alert_configuration"
logger=migrator t=2026-10-06T21:06:33.035573417-03:00 level=info msg="Migration successfully executed" id="add column org_id in alert_configuration" duration=3.996183ms
logger=migrator t=2026-10-06T21:06:33.047828262-03:00 level=info msg="Executing migration" id="add index in alert_configuration table on org_id column"
logger=migrator t=2026-10-06T21:06:33.048725808-03:00 level=info msg="Migration successfully executed" id="add index in alert_configuration table on org_id column" duration=897.959µs
logger=migrator t=2026-10-06T21:06:33.060936911-03:00 level=info msg="Executing migration" id="add configuration_hash column to alert_configuration"
logger=migrator t=2026-10-06T21:06:33.066594238-03:00 level=info msg="Migration successfully executed" id="add configuration_hash column to alert_configuration" duration=5.653029ms
logger=migrator t=2026-10-06T21:06:33.077904972-03:00 level=info msg="Executing migration" id=create_ngalert_configuration_table
logger=migrator t=2026-10-06T21:06:33.07857855-03:00 level=info msg="Migration successfully executed" id=create_ngalert_configuration_table duration=670.897µs
logger=migrator t=2026-10-06T21:06:33.090030916-03:00 level=info msg="Executing migration" id="add index in ngalert_configuration on org_id column"
logger=migrator t=2026-10-06T21:06:33.090919432-03:00 level=info msg="Migration successfully executed" id="add index in ngalert_configuration on org_id column" duration=887.874µs
logger=migrator t=2026-10-06T21:06:33.103747238-03:00 level=info msg="Executing migration" id="add column send_alerts_to in ngalert_configuration"
logger=migrator t=2026-10-06T21:06:33.106994208-03:00 level=info msg="Migration successfully executed" id="add column send_alerts_to in ngalert_configuration" duration=3.242948ms
logger=migrator t=2026-10-06T21:06:33.118968633-03:00 level=info msg="Executing migration" id="create provenance_type table"
logger=migrator t=2026-10-06T21:06:33.119639609-03:00 level=info msg="Migration successfully executed" id="create provenance_type table" duration=667.923µs
logger=migrator t=2026-10-06T21:06:33.134379995-03:00 level=info msg="Executing migration" id="add index to uniquify (record_key, record_type, org_id) columns"
logger=migrator t=2026-10-06T21:06:33.136844187-03:00 level=info msg="Migration successfully executed" id="add index to uniquify (record_key, record_type, org_id) columns" duration=2.478848ms
logger=migrator t=2026-10-06T21:06:33.148757224-03:00 level=info msg="Executing migration" id="create alert_image table"
logger=migrator t=2026-10-06T21:06:33.149360097-03:00 level=info msg="Migration successfully executed" id="create alert_image table" duration=602.198µs
logger=migrator t=2026-10-06T21:06:33.161791063-03:00 level=info msg="Executing migration" id="add unique index on token to alert_image table"
logger=migrator t=2026-10-06T21:06:33.162618431-03:00 level=info msg="Migration successfully executed" id="add unique index on token to alert_image table" duration=824.667µs
logger=migrator t=2026-10-06T21:06:33.176739011-03:00 level=info msg="Executing migration" id="support longer URLs in alert_image table"
logger=migrator t=2026-10-06T21:06:33.176850716-03:00 level=info msg="Migration successfully executed" id="support longer URLs in alert_image table" duration=114.16µs
logger=migrator t=2026-10-06T21:06:33.188541191-03:00 level=info msg="Executing migration" id=create_alert_configuration_history_table
logger=migrator t=2026-10-06T21:06:33.189768662-03:00 level=info msg="Migration successfully executed" id=create_alert_configuration_history_table duration=1.226343ms
logger=migrator t=2026-10-06T21:06:33.203527333-03:00 level=info msg="Executing migration" id="drop non-unique orgID index on alert_configuration"
logger=migrator t=2026-10-06T21:06:33.204344925-03:00 level=info msg="Migration successfully executed" id="drop non-unique orgID index on alert_configuration" duration=817.997µs
logger=migrator t=2026-10-06T21:06:33.21669822-03:00 level=info msg="Executing migration" id="drop unique orgID index on alert_configuration if exists"
logger=migrator t=2026-10-06T21:06:33.217010328-03:00 level=warn msg="Skipping migration: Already executed, but not recorded in migration log" id="drop unique orgID index on alert_configuration if exists"
logger=migrator t=2026-10-06T21:06:33.229213827-03:00 level=info msg="Executing migration" id="extract alertmanager configuration history to separate table"
logger=migrator t=2026-10-06T21:06:33.232610738-03:00 level=info msg="Migration successfully executed" id="extract alertmanager configuration history to separate table" duration=3.394278ms
logger=migrator t=2026-10-06T21:06:33.245683358-03:00 level=info msg="Executing migration" id="add unique index on orgID to alert_configuration"
logger=migrator t=2026-10-06T21:06:33.24647937-03:00 level=info msg="Migration successfully executed" id="add unique index on orgID to alert_configuration" duration=796.184µs
logger=migrator t=2026-10-06T21:06:33.258107574-03:00 level=info msg="Executing migration" id="add last_applied column to alert_configuration_history"
logger=migrator t=2026-10-06T21:06:33.261301719-03:00 level=info msg="Migration successfully executed" id="add last_applied column to alert_configuration_history" duration=3.193804ms
logger=migrator t=2026-10-06T21:06:33.274998959-03:00 level=info msg="Executing migration" id="create library_element table v1"
logger=migrator t=2026-10-06T21:06:33.275875113-03:00 level=info msg="Migration successfully executed" id="create library_element table v1" duration=875.714µs
logger=migrator t=2026-10-06T21:06:33.288397492-03:00 level=info msg="Executing migration" id="add index library_element org_id-folder_id-name-kind"
logger=migrator t=2026-10-06T21:06:33.289278996-03:00 level=info msg="Migration successfully executed" id="add index library_element org_id-folder_id-name-kind" duration=881.592µs
logger=migrator t=2026-10-06T21:06:33.303265927-03:00 level=info msg="Executing migration" id="create library_element_connection table v1"
logger=migrator t=2026-10-06T21:06:33.303933783-03:00 level=info msg="Migration successfully executed" id="create library_element_connection table v1" duration=668.22µs
logger=migrator t=2026-10-06T21:06:33.315675602-03:00 level=info msg="Executing migration" id="add index library_element_connection element_id-kind-connection_id"
logger=migrator t=2026-10-06T21:06:33.316312478-03:00 level=info msg="Migration successfully executed" id="add index library_element_connection element_id-kind-connection_id" duration=636.955µs
logger=migrator t=2026-10-06T21:06:33.3283092-03:00 level=info msg="Executing migration" id="add unique index library_element org_id_uid"
logger=migrator t=2026-10-06T21:06:33.32910449-03:00 level=info msg="Migration successfully executed" id="add unique index library_element org_id_uid" duration=797.634µs
logger=migrator t=2026-10-06T21:06:33.342860024-03:00 level=info msg="Executing migration" id="increase max description length to 2048"
logger=migrator t=2026-10-06T21:06:33.342939679-03:00 level=info msg="Migration successfully executed" id="increase max description length to 2048" duration=86.129µs
logger=migrator t=2026-10-06T21:06:33.356719802-03:00 level=info msg="Executing migration" id="alter library_element model to mediumtext"
logger=migrator t=2026-10-06T21:06:33.356861345-03:00 level=info msg="Migration successfully executed" id="alter library_element model to mediumtext" duration=143.819µs
logger=migrator t=2026-10-06T21:06:33.371188996-03:00 level=info msg="Executing migration" id="add library_element folder uid"
logger=migrator t=2026-10-06T21:06:33.374462519-03:00 level=info msg="Migration successfully executed" id="add library_element folder uid" duration=3.272736ms
logger=migrator t=2026-10-06T21:06:33.388823677-03:00 level=info msg="Executing migration" id="populate library_element folder_uid"
logger=migrator t=2026-10-06T21:06:33.390044728-03:00 level=info msg="Migration successfully executed" id="populate library_element folder_uid" duration=1.220073ms
logger=migrator t=2026-10-06T21:06:33.404195831-03:00 level=info msg="Executing migration" id="add index library_element org_id-folder_uid-name-kind"
logger=migrator t=2026-10-06T21:06:33.405053177-03:00 level=info msg="Migration successfully executed" id="add index library_element org_id-folder_uid-name-kind" duration=857.425µs
logger=migrator t=2026-10-06T21:06:33.418841864-03:00 level=info msg="Executing migration" id="clone move dashboard alerts to unified alerting"
logger=migrator t=2026-10-06T21:06:33.42125385-03:00 level=info msg="Migration successfully executed" id="clone move dashboard alerts to unified alerting" duration=2.412074ms
logger=migrator t=2026-10-06T21:06:33.433926578-03:00 level=info msg="Executing migration" id="create data_keys table"
logger=migrator t=2026-10-06T21:06:33.434970171-03:00 level=info msg="Migration successfully executed" id="create data_keys table" duration=1.044242ms
logger=migrator t=2026-10-06T21:06:33.448285157-03:00 level=info msg="Executing migration" id="create secrets table"
logger=migrator t=2026-10-06T21:06:33.449006848-03:00 level=info msg="Migration successfully executed" id="create secrets table" duration=722.056µs
logger=migrator t=2026-10-06T21:06:33.462126911-03:00 level=info msg="Executing migration" id="rename data_keys name column to id"
logger=migrator t=2026-10-06T21:06:33.481151085-03:00 level=info msg="Migration successfully executed" id="rename data_keys name column to id" duration=19.012861ms
logger=migrator t=2026-10-06T21:06:33.496137304-03:00 level=info msg="Executing migration" id="add name column into data_keys"
logger=migrator t=2026-10-06T21:06:33.499556727-03:00 level=info msg="Migration successfully executed" id="add name column into data_keys" duration=3.401344ms
logger=migrator t=2026-10-06T21:06:33.514073375-03:00 level=info msg="Executing migration" id="copy data_keys id column values into name"
logger=migrator t=2026-10-06T21:06:33.514315826-03:00 level=info msg="Migration successfully executed" id="copy data_keys id column values into name" duration=245.003µs
logger=migrator t=2026-10-06T21:06:33.528555772-03:00 level=info msg="Executing migration" id="rename data_keys name column to label"
logger=migrator t=2026-10-06T21:06:33.547538183-03:00 level=info msg="Migration successfully executed" id="rename data_keys name column to label" duration=18.974058ms
logger=migrator t=2026-10-06T21:06:33.566106838-03:00 level=info msg="Executing migration" id="rename data_keys id column back to name"
logger=migrator t=2026-10-06T21:06:33.58295101-03:00 level=info msg="Migration successfully executed" id="rename data_keys id column back to name" duration=16.840589ms
logger=migrator t=2026-10-06T21:06:33.597367541-03:00 level=info msg="Executing migration" id="create kv_store table v1"
logger=migrator t=2026-10-06T21:06:33.598011256-03:00 level=info msg="Migration successfully executed" id="create kv_store table v1" duration=642.977µs
logger=migrator t=2026-10-06T21:06:33.613778407-03:00 level=info msg="Executing migration" id="add index kv_store.org_id-namespace-key"
logger=migrator t=2026-10-06T21:06:33.61470208-03:00 level=info msg="Migration successfully executed" id="add index kv_store.org_id-namespace-key" duration=926.645µs
logger=migrator t=2026-10-06T21:06:33.627186496-03:00 level=info msg="Executing migration" id="update dashboard_uid and panel_id from existing annotations"
logger=migrator t=2026-10-06T21:06:33.628222756-03:00 level=info msg="Migration successfully executed" id="update dashboard_uid and panel_id from existing annotations" duration=1.037472ms
logger=migrator t=2026-10-06T21:06:33.641374598-03:00 level=info msg="Executing migration" id="create permission table"
logger=migrator t=2026-10-06T21:06:33.64202068-03:00 level=info msg="Migration successfully executed" id="create permission table" duration=646.725µs
logger=migrator t=2026-10-06T21:06:33.6538722-03:00 level=info msg="Executing migration" id="add unique index permission.role_id"
logger=migrator t=2026-10-06T21:06:33.654623965-03:00 level=info msg="Migration successfully executed" id="add unique index permission.role_id" duration=756.336µs
logger=migrator t=2026-10-06T21:06:33.66688214-03:00 level=info msg="Executing migration" id="add unique index role_id_action_scope"
logger=migrator t=2026-10-06T21:06:33.668177007-03:00 level=info msg="Migration successfully executed" id="add unique index role_id_action_scope" duration=1.29854ms
logger=migrator t=2026-10-06T21:06:33.681750735-03:00 level=info msg="Executing migration" id="create role table"
logger=migrator t=2026-10-06T21:06:33.682450167-03:00 level=info msg="Migration successfully executed" id="create role table" duration=699.681µs
logger=migrator t=2026-10-06T21:06:33.694392183-03:00 level=info msg="Executing migration" id="add column display_name"
logger=migrator t=2026-10-06T21:06:33.698188097-03:00 level=info msg="Migration successfully executed" id="add column display_name" duration=3.76918ms
logger=migrator t=2026-10-06T21:06:33.711831712-03:00 level=info msg="Executing migration" id="add column group_name"
logger=migrator t=2026-10-06T21:06:33.715627281-03:00 level=info msg="Migration successfully executed" id="add column group_name" duration=3.794467ms
logger=migrator t=2026-10-06T21:06:33.728956446-03:00 level=info msg="Executing migration" id="add index role.org_id"
logger=migrator t=2026-10-06T21:06:33.729742724-03:00 level=info msg="Migration successfully executed" id="add index role.org_id" duration=786.251µs
logger=migrator t=2026-10-06T21:06:33.743693597-03:00 level=info msg="Executing migration" id="add unique index role_org_id_name"
logger=migrator t=2026-10-06T21:06:33.744617939-03:00 level=info msg="Migration successfully executed" id="add unique index role_org_id_name" duration=920.833µs
logger=migrator t=2026-10-06T21:06:33.757303221-03:00 level=info msg="Executing migration" id="add index role_org_id_uid"
logger=migrator t=2026-10-06T21:06:33.758082552-03:00 level=info msg="Migration successfully executed" id="add index role_org_id_uid" duration=779.096µs
logger=migrator t=2026-10-06T21:06:33.77238466-03:00 level=info msg="Executing migration" id="create team role table"
logger=migrator t=2026-10-06T21:06:33.773688441-03:00 level=info msg="Migration successfully executed" id="create team role table" duration=1.291494ms
logger=migrator t=2026-10-06T21:06:33.787597973-03:00 level=info msg="Executing migration" id="add index team_role.org_id"
logger=migrator t=2026-10-06T21:06:33.788648601-03:00 level=info msg="Migration successfully executed" id="add index team_role.org_id" duration=1.049619ms
logger=migrator t=2026-10-06T21:06:33.801142132-03:00 level=info msg="Executing migration" id="add unique index team_role_org_id_team_id_role_id"
logger=migrator t=2026-10-06T21:06:33.802509154-03:00 level=info msg="Migration successfully executed" id="add unique index team_role_org_id_team_id_role_id" duration=1.366822ms
logger=migrator t=2026-10-06T21:06:33.817517968-03:00 level=info msg="Executing migration" id="add index team_role.team_id"
logger=migrator t=2026-10-06T21:06:33.818479033-03:00 level=info msg="Migration successfully executed" id="add index team_role.team_id" duration=961.69µs
logger=migrator t=2026-10-06T21:06:33.832752839-03:00 level=info msg="Executing migration" id="create user role table"
logger=migrator t=2026-10-06T21:06:33.833837873-03:00 level=info msg="Migration successfully executed" id="create user role table" duration=1.082792ms
logger=migrator t=2026-10-06T21:06:33.856925544-03:00 level=info msg="Executing migration" id="add index user_role.org_id"
logger=migrator t=2026-10-06T21:06:33.858049169-03:00 level=info msg="Migration successfully executed" id="add index user_role.org_id" duration=1.124417ms
logger=migrator t=2026-10-06T21:06:33.872041605-03:00 level=info msg="Executing migration" id="add unique index user_role_org_id_user_id_role_id"
logger=migrator t=2026-10-06T21:06:33.873531768-03:00 level=info msg="Migration successfully executed" id="add unique index user_role_org_id_user_id_role_id" duration=1.492768ms
logger=migrator t=2026-10-06T21:06:33.889581034-03:00 level=info msg="Executing migration" id="add index user_role.user_id"
logger=migrator t=2026-10-06T21:06:33.890667565-03:00 level=info msg="Migration successfully executed" id="add index user_role.user_id" duration=1.086761ms
logger=migrator t=2026-10-06T21:06:33.904772859-03:00 level=info msg="Executing migration" id="create builtin role table"
logger=migrator t=2026-10-06T21:06:33.905809568-03:00 level=info msg="Migration successfully executed" id="create builtin role table" duration=1.03467ms
logger=migrator t=2026-10-06T21:06:33.919589773-03:00 level=info msg="Executing migration" id="add index builtin_role.role_id"
logger=migrator t=2026-10-06T21:06:33.920635336-03:00 level=info msg="Migration successfully executed" id="add index builtin_role.role_id" duration=1.048951ms
logger=migrator t=2026-10-06T21:06:33.932667194-03:00 level=info msg="Executing migration" id="add index builtin_role.name"
logger=migrator t=2026-10-06T21:06:33.933368373-03:00 level=info msg="Migration successfully executed" id="add index builtin_role.name" duration=702.1µs
logger=migrator t=2026-10-06T21:06:33.94712406-03:00 level=info msg="Executing migration" id="Add column org_id to builtin_role table"
logger=migrator t=2026-10-06T21:06:33.950828195-03:00 level=info msg="Migration successfully executed" id="Add column org_id to builtin_role table" duration=3.704468ms
logger=migrator t=2026-10-06T21:06:33.966676549-03:00 level=info msg="Executing migration" id="add index builtin_role.org_id"
logger=migrator t=2026-10-06T21:06:33.967527435-03:00 level=info msg="Migration successfully executed" id="add index builtin_role.org_id" duration=852.39µs
logger=migrator t=2026-10-06T21:06:33.980552166-03:00 level=info msg="Executing migration" id="add unique index builtin_role_org_id_role_id_role"
logger=migrator t=2026-10-06T21:06:33.981470179-03:00 level=info msg="Migration successfully executed" id="add unique index builtin_role_org_id_role_id_role" duration=921.534µs
logger=migrator t=2026-10-06T21:06:33.993561989-03:00 level=info msg="Executing migration" id="Remove unique index role_org_id_uid"
logger=migrator t=2026-10-06T21:06:33.994274406-03:00 level=info msg="Migration successfully executed" id="Remove unique index role_org_id_uid" duration=712.111µs
logger=migrator t=2026-10-06T21:06:34.00692214-03:00 level=info msg="Executing migration" id="add unique index role.uid"
logger=migrator t=2026-10-06T21:06:34.007852716-03:00 level=info msg="Migration successfully executed" id="add unique index role.uid" duration=930.951µs
logger=migrator t=2026-10-06T21:06:34.020895968-03:00 level=info msg="Executing migration" id="create seed assignment table"
logger=migrator t=2026-10-06T21:06:34.021642451-03:00 level=info msg="Migration successfully executed" id="create seed assignment table" duration=745.317µs
logger=migrator t=2026-10-06T21:06:34.033731252-03:00 level=info msg="Executing migration" id="add unique index builtin_role_role_name"
logger=migrator t=2026-10-06T21:06:34.034613038-03:00 level=info msg="Migration successfully executed" id="add unique index builtin_role_role_name" duration=880.743µs
logger=migrator t=2026-10-06T21:06:34.048045061-03:00 level=info msg="Executing migration" id="add column hidden to role table"
logger=migrator t=2026-10-06T21:06:34.052098958-03:00 level=info msg="Migration successfully executed" id="add column hidden to role table" duration=4.053243ms
logger=migrator t=2026-10-06T21:06:34.064454117-03:00 level=info msg="Executing migration" id="permission kind migration"
logger=migrator t=2026-10-06T21:06:34.068775285-03:00 level=info msg="Migration successfully executed" id="permission kind migration" duration=4.319639ms
logger=migrator t=2026-10-06T21:06:34.083362341-03:00 level=info msg="Executing migration" id="permission attribute migration"
logger=migrator t=2026-10-06T21:06:34.087377088-03:00 level=info msg="Migration successfully executed" id="permission attribute migration" duration=4.014277ms
logger=migrator t=2026-10-06T21:06:34.110381902-03:00 level=info msg="Executing migration" id="permission identifier migration"
logger=migrator t=2026-10-06T21:06:34.114343845-03:00 level=info msg="Migration successfully executed" id="permission identifier migration" duration=3.961618ms
logger=migrator t=2026-10-06T21:06:34.128051726-03:00 level=info msg="Executing migration" id="add permission identifier index"
logger=migrator t=2026-10-06T21:06:34.128944046-03:00 level=info msg="Migration successfully executed" id="add permission identifier index" duration=891.653µs
logger=migrator t=2026-10-06T21:06:34.142335697-03:00 level=info msg="Executing migration" id="add permission action scope role_id index"
logger=migrator t=2026-10-06T21:06:34.144125207-03:00 level=info msg="Migration successfully executed" id="add permission action scope role_id index" duration=1.781492ms
logger=migrator t=2026-10-06T21:06:34.157547678-03:00 level=info msg="Executing migration" id="remove permission role_id action scope index"
logger=migrator t=2026-10-06T21:06:34.158351956-03:00 level=info msg="Migration successfully executed" id="remove permission role_id action scope index" duration=805.152µs
logger=migrator t=2026-10-06T21:06:34.171225587-03:00 level=info msg="Executing migration" id="add group mapping UID column to user_role table"
logger=migrator t=2026-10-06T21:06:34.176805989-03:00 level=info msg="Migration successfully executed" id="add group mapping UID column to user_role table" duration=5.576164ms
logger=migrator t=2026-10-06T21:06:34.192846607-03:00 level=info msg="Executing migration" id="add user_role org ID, user ID, role ID, group mapping UID index"
logger=migrator t=2026-10-06T21:06:34.194293615-03:00 level=info msg="Migration successfully executed" id="add user_role org ID, user ID, role ID, group mapping UID index" duration=1.447751ms
logger=migrator t=2026-10-06T21:06:34.206683795-03:00 level=info msg="Executing migration" id="remove user_role org ID, user ID, role ID index"
logger=migrator t=2026-10-06T21:06:34.207858057-03:00 level=info msg="Migration successfully executed" id="remove user_role org ID, user ID, role ID index" duration=1.173854ms
logger=migrator t=2026-10-06T21:06:34.223134811-03:00 level=info msg="Executing migration" id="create query_history table v1"
logger=migrator t=2026-10-06T21:06:34.223831585-03:00 level=info msg="Migration successfully executed" id="create query_history table v1" duration=697.922µs
logger=migrator t=2026-10-06T21:06:34.235918902-03:00 level=info msg="Executing migration" id="add index query_history.org_id-created_by-datasource_uid"
logger=migrator t=2026-10-06T21:06:34.236649765-03:00 level=info msg="Migration successfully executed" id="add index query_history.org_id-created_by-datasource_uid" duration=731.042µs
logger=migrator t=2026-10-06T21:06:34.250809147-03:00 level=info msg="Executing migration" id="alter table query_history alter column created_by type to bigint"
logger=migrator t=2026-10-06T21:06:34.250924345-03:00 level=info msg="Migration successfully executed" id="alter table query_history alter column created_by type to bigint" duration=117.919µs
logger=migrator t=2026-10-06T21:06:34.262950851-03:00 level=info msg="Executing migration" id="create query_history_details table v1"
logger=migrator t=2026-10-06T21:06:34.263589481-03:00 level=info msg="Migration successfully executed" id="create query_history_details table v1" duration=639.595µs
logger=migrator t=2026-10-06T21:06:34.275992364-03:00 level=info msg="Executing migration" id="rbac disabled migrator"
logger=migrator t=2026-10-06T21:06:34.276445798-03:00 level=info msg="Migration successfully executed" id="rbac disabled migrator" duration=468.872µs
logger=migrator t=2026-10-06T21:06:34.289196189-03:00 level=info msg="Executing migration" id="teams permissions migration"
logger=migrator t=2026-10-06T21:06:34.290800559-03:00 level=info msg="Migration successfully executed" id="teams permissions migration" duration=1.605288ms
logger=migrator t=2026-10-06T21:06:34.303529881-03:00 level=info msg="Executing migration" id="dashboard permissions"
logger=migrator t=2026-10-06T21:06:34.307335398-03:00 level=info msg="Migration successfully executed" id="dashboard permissions" duration=3.807052ms
logger=migrator t=2026-10-06T21:06:34.320855849-03:00 level=info msg="Executing migration" id="dashboard permissions uid scopes"
logger=migrator t=2026-10-06T21:06:34.32146022-03:00 level=info msg="Migration successfully executed" id="dashboard permissions uid scopes" duration=600.21µs
logger=migrator t=2026-10-06T21:06:34.333528201-03:00 level=info msg="Executing migration" id="drop managed folder create actions"
logger=migrator t=2026-10-06T21:06:34.334422557-03:00 level=info msg="Migration successfully executed" id="drop managed folder create actions" duration=892.757µs
logger=migrator t=2026-10-06T21:06:34.348491552-03:00 level=info msg="Executing migration" id="alerting notification permissions"
logger=migrator t=2026-10-06T21:06:34.349748346-03:00 level=info msg="Migration successfully executed" id="alerting notification permissions" duration=1.257865ms
logger=migrator t=2026-10-06T21:06:34.362386975-03:00 level=info msg="Executing migration" id="create query_history_star table v1"
logger=migrator t=2026-10-06T21:06:34.363283528-03:00 level=info msg="Migration successfully executed" id="create query_history_star table v1" duration=894.905µs
logger=migrator t=2026-10-06T21:06:34.377729525-03:00 level=info msg="Executing migration" id="add index query_history.user_id-query_uid"
logger=migrator t=2026-10-06T21:06:34.37862107-03:00 level=info msg="Migration successfully executed" id="add index query_history.user_id-query_uid" duration=905.625µs
logger=migrator t=2026-10-06T21:06:34.477984209-03:00 level=info msg="Executing migration" id="add column org_id in query_history_star"
logger=migrator t=2026-10-06T21:06:34.481481115-03:00 level=info msg="Migration successfully executed" id="add column org_id in query_history_star" duration=3.497964ms
logger=migrator t=2026-10-06T21:06:34.520853099-03:00 level=info msg="Executing migration" id="alter table query_history_star_mig column user_id type to bigint"
logger=migrator t=2026-10-06T21:06:34.520993941-03:00 level=info msg="Migration successfully executed" id="alter table query_history_star_mig column user_id type to bigint" duration=134.184µs
logger=migrator t=2026-10-06T21:06:34.565518206-03:00 level=info msg="Executing migration" id="create correlation table v1"
logger=migrator t=2026-10-06T21:06:34.56630158-03:00 level=info msg="Migration successfully executed" id="create correlation table v1" duration=783.32µs
logger=migrator t=2026-10-06T21:06:34.637174631-03:00 level=info msg="Executing migration" id="add index correlations.uid"
logger=migrator t=2026-10-06T21:06:34.638133215-03:00 level=info msg="Migration successfully executed" id="add index correlations.uid" duration=960.37µs
logger=migrator t=2026-10-06T21:06:34.680168506-03:00 level=info msg="Executing migration" id="add index correlations.source_uid"
logger=migrator t=2026-10-06T21:06:34.681210403-03:00 level=info msg="Migration successfully executed" id="add index correlations.source_uid" duration=1.042434ms
logger=migrator t=2026-10-06T21:06:34.721592186-03:00 level=info msg="Executing migration" id="add correlation config column"
logger=migrator t=2026-10-06T21:06:34.725823414-03:00 level=info msg="Migration successfully executed" id="add correlation config column" duration=4.230102ms
logger=migrator t=2026-10-06T21:06:34.764190327-03:00 level=info msg="Executing migration" id="drop index IDX_correlation_uid - v1"
logger=migrator t=2026-10-06T21:06:34.765045345-03:00 level=info msg="Migration successfully executed" id="drop index IDX_correlation_uid - v1" duration=854.695µs
logger=migrator t=2026-10-06T21:06:34.816171537-03:00 level=info msg="Executing migration" id="drop index IDX_correlation_source_uid - v1"
logger=migrator t=2026-10-06T21:06:34.817402802-03:00 level=info msg="Migration successfully executed" id="drop index IDX_correlation_source_uid - v1" duration=1.233711ms
logger=migrator t=2026-10-06T21:06:34.862627314-03:00 level=info msg="Executing migration" id="Rename table correlation to correlation_tmp_qwerty - v1"
logger=migrator t=2026-10-06T21:06:34.874196363-03:00 level=info msg="Migration successfully executed" id="Rename table correlation to correlation_tmp_qwerty - v1" duration=11.567101ms
logger=migrator t=2026-10-06T21:06:34.928005946-03:00 level=info msg="Executing migration" id="create correlation v2"
logger=migrator t=2026-10-06T21:06:34.929333978-03:00 level=info msg="Migration successfully executed" id="create correlation v2" duration=1.325387ms
logger=migrator t=2026-10-06T21:06:34.98185454-03:00 level=info msg="Executing migration" id="create index IDX_correlation_uid - v2"
logger=migrator t=2026-10-06T21:06:34.982745786-03:00 level=info msg="Migration successfully executed" id="create index IDX_correlation_uid - v2" duration=892.024µs
logger=migrator t=2026-10-06T21:06:35.035734573-03:00 level=info msg="Executing migration" id="create index IDX_correlation_source_uid - v2"
logger=migrator t=2026-10-06T21:06:35.036623484-03:00 level=info msg="Migration successfully executed" id="create index IDX_correlation_source_uid - v2" duration=890.906µs
logger=migrator t=2026-10-06T21:06:35.090039474-03:00 level=info msg="Executing migration" id="create index IDX_correlation_org_id - v2"
logger=migrator t=2026-10-06T21:06:35.09208743-03:00 level=info msg="Migration successfully executed" id="create index IDX_correlation_org_id - v2" duration=2.051449ms
logger=migrator t=2026-10-06T21:06:35.149349582-03:00 level=info msg="Executing migration" id="copy correlation v1 to v2"
logger=migrator t=2026-10-06T21:06:35.149915888-03:00 level=info msg="Migration successfully executed" id="copy correlation v1 to v2" duration=570.258µs
logger=migrator t=2026-10-06T21:06:35.215052272-03:00 level=info msg="Executing migration" id="drop correlation_tmp_qwerty"
logger=migrator t=2026-10-06T21:06:35.216148722-03:00 level=info msg="Migration successfully executed" id="drop correlation_tmp_qwerty" duration=1.094807ms
logger=migrator t=2026-10-06T21:06:35.289285124-03:00 level=info msg="Executing migration" id="add provisioning column"
logger=migrator t=2026-10-06T21:06:35.29395501-03:00 level=info msg="Migration successfully executed" id="add provisioning column" duration=4.664781ms
logger=migrator t=2026-10-06T21:06:35.357193111-03:00 level=info msg="Executing migration" id="add type column"
logger=migrator t=2026-10-06T21:06:35.361538398-03:00 level=info msg="Migration successfully executed" id="add type column" duration=4.343385ms
logger=migrator t=2026-10-06T21:06:35.418795398-03:00 level=info msg="Executing migration" id="create entity_events table"
logger=migrator t=2026-10-06T21:06:35.419634807-03:00 level=info msg="Migration successfully executed" id="create entity_events table" duration=838.049µs
logger=migrator t=2026-10-06T21:06:35.477181563-03:00 level=info msg="Executing migration" id="create dashboard public config v1"
logger=migrator t=2026-10-06T21:06:35.479158163-03:00 level=info msg="Migration successfully executed" id="create dashboard public config v1" duration=2.010044ms
logger=migrator t=2026-10-06T21:06:35.529839961-03:00 level=info msg="Executing migration" id="drop index UQE_dashboard_public_config_uid - v1"
logger=migrator t=2026-10-06T21:06:35.530454881-03:00 level=warn msg="Skipping migration: Already executed, but not recorded in migration log" id="drop index UQE_dashboard_public_config_uid - v1"
logger=migrator t=2026-10-06T21:06:35.598877457-03:00 level=info msg="Executing migration" id="drop index IDX_dashboard_public_config_org_id_dashboard_uid - v1"
logger=migrator t=2026-10-06T21:06:35.599504007-03:00 level=warn msg="Skipping migration: Already executed, but not recorded in migration log" id="drop index IDX_dashboard_public_config_org_id_dashboard_uid - v1"
logger=migrator t=2026-10-06T21:06:35.650025374-03:00 level=info msg="Executing migration" id="Drop old dashboard public config table"
logger=migrator t=2026-10-06T21:06:35.650848437-03:00 level=info msg="Migration successfully executed" id="Drop old dashboard public config table" duration=839.16µs
logger=migrator t=2026-10-06T21:06:35.70243647-03:00 level=info msg="Executing migration" id="recreate dashboard public config v1"
logger=migrator t=2026-10-06T21:06:35.703366523-03:00 level=info msg="Migration successfully executed" id="recreate dashboard public config v1" duration=931.22µs
logger=migrator t=2026-10-06T21:06:35.774511717-03:00 level=info msg="Executing migration" id="create index UQE_dashboard_public_config_uid - v1"
logger=migrator t=2026-10-06T21:06:35.776624998-03:00 level=info msg="Migration successfully executed" id="create index UQE_dashboard_public_config_uid - v1" duration=2.11589ms
logger=migrator t=2026-10-06T21:06:35.829095007-03:00 level=info msg="Executing migration" id="create index IDX_dashboard_public_config_org_id_dashboard_uid - v1"
logger=migrator t=2026-10-06T21:06:35.831430783-03:00 level=info msg="Migration successfully executed" id="create index IDX_dashboard_public_config_org_id_dashboard_uid - v1" duration=2.336777ms
logger=migrator t=2026-10-06T21:06:35.880877506-03:00 level=info msg="Executing migration" id="drop index UQE_dashboard_public_config_uid - v2"
logger=migrator t=2026-10-06T21:06:35.88242236-03:00 level=info msg="Migration successfully executed" id="drop index UQE_dashboard_public_config_uid - v2" duration=1.547168ms
logger=migrator t=2026-10-06T21:06:35.940790292-03:00 level=info msg="Executing migration" id="drop index IDX_dashboard_public_config_org_id_dashboard_uid - v2"
logger=migrator t=2026-10-06T21:06:35.941653531-03:00 level=info msg="Migration successfully executed" id="drop index IDX_dashboard_public_config_org_id_dashboard_uid - v2" duration=864.974µs
logger=migrator t=2026-10-06T21:06:35.996398653-03:00 level=info msg="Executing migration" id="Drop public config table"
logger=migrator t=2026-10-06T21:06:35.997606068-03:00 level=info msg="Migration successfully executed" id="Drop public config table" duration=1.202601ms
logger=migrator t=2026-10-06T21:06:36.045816935-03:00 level=info msg="Executing migration" id="Recreate dashboard public config v2"
logger=migrator t=2026-10-06T21:06:36.047065021-03:00 level=info msg="Migration successfully executed" id="Recreate dashboard public config v2" duration=1.247924ms
logger=migrator t=2026-10-06T21:06:36.122664023-03:00 level=info msg="Executing migration" id="create index UQE_dashboard_public_config_uid - v2"
logger=migrator t=2026-10-06T21:06:36.12366384-03:00 level=info msg="Migration successfully executed" id="create index UQE_dashboard_public_config_uid - v2" duration=1.00102ms
logger=migrator t=2026-10-06T21:06:36.176267744-03:00 level=info msg="Executing migration" id="create index IDX_dashboard_public_config_org_id_dashboard_uid - v2"
logger=migrator t=2026-10-06T21:06:36.177487814-03:00 level=info msg="Migration successfully executed" id="create index IDX_dashboard_public_config_org_id_dashboard_uid - v2" duration=1.219367ms
logger=migrator t=2026-10-06T21:06:36.240348026-03:00 level=info msg="Executing migration" id="create index UQE_dashboard_public_config_access_token - v2"
logger=migrator t=2026-10-06T21:06:36.241337448-03:00 level=info msg="Migration successfully executed" id="create index UQE_dashboard_public_config_access_token - v2" duration=990.072µs
logger=migrator t=2026-10-06T21:06:36.306917235-03:00 level=info msg="Executing migration" id="Rename table dashboard_public_config to dashboard_public - v2"
logger=migrator t=2026-10-06T21:06:36.3202289-03:00 level=info msg="Migration successfully executed" id="Rename table dashboard_public_config to dashboard_public - v2" duration=13.310359ms
logger=migrator t=2026-10-06T21:06:36.382901476-03:00 level=info msg="Executing migration" id="add annotations_enabled column"
logger=migrator t=2026-10-06T21:06:36.387126756-03:00 level=info msg="Migration successfully executed" id="add annotations_enabled column" duration=4.223189ms
logger=migrator t=2026-10-06T21:06:36.463913665-03:00 level=info msg="Executing migration" id="add time_selection_enabled column"
logger=migrator t=2026-10-06T21:06:36.469885467-03:00 level=info msg="Migration successfully executed" id="add time_selection_enabled column" duration=5.963893ms
logger=migrator t=2026-10-06T21:06:36.521863566-03:00 level=info msg="Executing migration" id="delete orphaned public dashboards"
logger=migrator t=2026-10-06T21:06:36.525252351-03:00 level=info msg="Migration successfully executed" id="delete orphaned public dashboards" duration=3.38698ms
logger=migrator t=2026-10-06T21:06:36.723051651-03:00 level=info msg="Executing migration" id="add share column"
logger=migrator t=2026-10-06T21:06:36.727734953-03:00 level=info msg="Migration successfully executed" id="add share column" duration=4.683911ms
logger=migrator t=2026-10-06T21:06:36.791761172-03:00 level=info msg="Executing migration" id="backfill empty share column fields with default of public"
logger=migrator t=2026-10-06T21:06:36.792081752-03:00 level=info msg="Migration successfully executed" id="backfill empty share column fields with default of public" duration=321.709µs
logger=migrator t=2026-10-06T21:06:36.859995189-03:00 level=info msg="Executing migration" id="create file table"
logger=migrator t=2026-10-06T21:06:36.860860687-03:00 level=info msg="Migration successfully executed" id="create file table" duration=864.568µs
logger=migrator t=2026-10-06T21:06:37.047219301-03:00 level=info msg="Executing migration" id="file table idx: path natural pk"
logger=migrator t=2026-10-06T21:06:37.048144207-03:00 level=info msg="Migration successfully executed" id="file table idx: path natural pk" duration=926.36µs
logger=migrator t=2026-10-06T21:06:37.100944606-03:00 level=info msg="Executing migration" id="file table idx: parent_folder_path_hash fast folder retrieval"
logger=migrator t=2026-10-06T21:06:37.102111676-03:00 level=info msg="Migration successfully executed" id="file table idx: parent_folder_path_hash fast folder retrieval" duration=1.182974ms
logger=migrator t=2026-10-06T21:06:37.155706875-03:00 level=info msg="Executing migration" id="create file_meta table"
logger=migrator t=2026-10-06T21:06:37.156433019-03:00 level=info msg="Migration successfully executed" id="create file_meta table" duration=725.93µs
logger=migrator t=2026-10-06T21:06:37.204963522-03:00 level=info msg="Executing migration" id="file table idx: path key"
logger=migrator t=2026-10-06T21:06:37.205910071-03:00 level=info msg="Migration successfully executed" id="file table idx: path key" duration=947.687µs
logger=migrator t=2026-10-06T21:06:37.254542449-03:00 level=info msg="Executing migration" id="set path collation in file table"
logger=migrator t=2026-10-06T21:06:37.254945461-03:00 level=info msg="Migration successfully executed" id="set path collation in file table" duration=426.995µs
logger=migrator t=2026-10-06T21:06:37.301963743-03:00 level=info msg="Executing migration" id="migrate contents column to mediumblob for MySQL"
logger=migrator t=2026-10-06T21:06:37.302081088-03:00 level=info msg="Migration successfully executed" id="migrate contents column to mediumblob for MySQL" duration=135.467µs
logger=migrator t=2026-10-06T21:06:37.359772492-03:00 level=info msg="Executing migration" id="managed permissions migration"
logger=migrator t=2026-10-06T21:06:37.360678339-03:00 level=info msg="Migration successfully executed" id="managed permissions migration" duration=905.475µs
logger=migrator t=2026-10-06T21:06:37.434948933-03:00 level=info msg="Executing migration" id="managed folder permissions alert actions migration"
logger=migrator t=2026-10-06T21:06:37.435260278-03:00 level=info msg="Migration successfully executed" id="managed folder permissions alert actions migration" duration=305.3µs
logger=migrator t=2026-10-06T21:06:37.478336846-03:00 level=info msg="Executing migration" id="RBAC action name migrator"
logger=migrator t=2026-10-06T21:06:37.479664394-03:00 level=info msg="Migration successfully executed" id="RBAC action name migrator" duration=1.327946ms
logger=migrator t=2026-10-06T21:06:37.524795259-03:00 level=info msg="Executing migration" id="Add UID column to playlist"
logger=migrator t=2026-10-06T21:06:37.53055042-03:00 level=info msg="Migration successfully executed" id="Add UID column to playlist" duration=5.752043ms
logger=migrator t=2026-10-06T21:06:37.576935592-03:00 level=info msg="Executing migration" id="Update uid column values in playlist"
logger=migrator t=2026-10-06T21:06:37.577160957-03:00 level=info msg="Migration successfully executed" id="Update uid column values in playlist" duration=228.033µs
logger=migrator t=2026-10-06T21:06:37.620311224-03:00 level=info msg="Executing migration" id="Add index for uid in playlist"
logger=migrator t=2026-10-06T21:06:37.621281562-03:00 level=info msg="Migration successfully executed" id="Add index for uid in playlist" duration=971.219µs
logger=migrator t=2026-10-06T21:06:37.676914295-03:00 level=info msg="Executing migration" id="update group index for alert rules"
logger=migrator t=2026-10-06T21:06:37.677579307-03:00 level=info msg="Migration successfully executed" id="update group index for alert rules" duration=667.036µs
logger=migrator t=2026-10-06T21:06:37.729839149-03:00 level=info msg="Executing migration" id="managed folder permissions alert actions repeated migration"
logger=migrator t=2026-10-06T21:06:37.730181361-03:00 level=info msg="Migration successfully executed" id="managed folder permissions alert actions repeated migration" duration=343.391µs
logger=migrator t=2026-10-06T21:06:37.784746728-03:00 level=info msg="Executing migration" id="admin only folder/dashboard permission"
logger=migrator t=2026-10-06T21:06:37.798911323-03:00 level=info msg="Migration successfully executed" id="admin only folder/dashboard permission" duration=14.162272ms
logger=migrator t=2026-10-06T21:06:37.851064924-03:00 level=info msg="Executing migration" id="add action column to seed_assignment"
logger=migrator t=2026-10-06T21:06:37.854904049-03:00 level=info msg="Migration successfully executed" id="add action column to seed_assignment" duration=3.834129ms
logger=migrator t=2026-10-06T21:06:37.907027517-03:00 level=info msg="Executing migration" id="add scope column to seed_assignment"
logger=migrator t=2026-10-06T21:06:37.911003745-03:00 level=info msg="Migration successfully executed" id="add scope column to seed_assignment" duration=3.97484ms
logger=migrator t=2026-10-06T21:06:37.960976377-03:00 level=info msg="Executing migration" id="remove unique index builtin_role_role_name before nullable update"
logger=migrator t=2026-10-06T21:06:37.963089565-03:00 level=info msg="Migration successfully executed" id="remove unique index builtin_role_role_name before nullable update" duration=2.114917ms
logger=migrator t=2026-10-06T21:06:38.008107616-03:00 level=info msg="Executing migration" id="update seed_assignment role_name column to nullable"
logger=migrator t=2026-10-06T21:06:38.070113826-03:00 level=info msg="Migration successfully executed" id="update seed_assignment role_name column to nullable" duration=62.004428ms
logger=migrator t=2026-10-06T21:06:38.151869037-03:00 level=info msg="Executing migration" id="add unique index builtin_role_name back"
logger=migrator t=2026-10-06T21:06:38.153068287-03:00 level=info msg="Migration successfully executed" id="add unique index builtin_role_name back" duration=1.198722ms
logger=migrator t=2026-10-06T21:06:38.245990298-03:00 level=info msg="Executing migration" id="add unique index builtin_role_action_scope"
logger=migrator t=2026-10-06T21:06:38.24707048-03:00 level=info msg="Migration successfully executed" id="add unique index builtin_role_action_scope" duration=1.080678ms
logger=migrator t=2026-10-06T21:06:38.300282918-03:00 level=info msg="Executing migration" id="add primary key to seed_assigment"
logger=migrator t=2026-10-06T21:06:38.315416926-03:00 level=info msg="Migration successfully executed" id="add primary key to seed_assigment" duration=15.126282ms
logger=migrator t=2026-10-06T21:06:38.400023409-03:00 level=info msg="Executing migration" id="add origin column to seed_assignment"
logger=migrator t=2026-10-06T21:06:38.404958818-03:00 level=info msg="Migration successfully executed" id="add origin column to seed_assignment" duration=4.932577ms
logger=migrator t=2026-10-06T21:06:38.46347689-03:00 level=info msg="Executing migration" id="add origin to plugin seed_assignment"
logger=migrator t=2026-10-06T21:06:38.463837746-03:00 level=info msg="Migration successfully executed" id="add origin to plugin seed_assignment" duration=362.959µs
logger=migrator t=2026-10-06T21:06:38.517657691-03:00 level=info msg="Executing migration" id="prevent seeding OnCall access"
logger=migrator t=2026-10-06T21:06:38.51798971-03:00 level=info msg="Migration successfully executed" id="prevent seeding OnCall access" duration=333.593µs
logger=migrator t=2026-10-06T21:06:38.575384432-03:00 level=info msg="Executing migration" id="managed folder permissions alert actions repeated fixed migration"
logger=migrator t=2026-10-06T21:06:38.575855314-03:00 level=info msg="Migration successfully executed" id="managed folder permissions alert actions repeated fixed migration" duration=471.314µs
logger=migrator t=2026-10-06T21:06:38.667926514-03:00 level=info msg="Executing migration" id="managed folder permissions library panel actions migration"
logger=migrator t=2026-10-06T21:06:38.668523075-03:00 level=info msg="Migration successfully executed" id="managed folder permissions library panel actions migration" duration=594.467µs
logger=migrator t=2026-10-06T21:06:38.720018331-03:00 level=info msg="Executing migration" id="migrate external alertmanagers to datsourcse"
logger=migrator t=2026-10-06T21:06:38.720398685-03:00 level=info msg="Migration successfully executed" id="migrate external alertmanagers to datsourcse" duration=378.637µs
logger=migrator t=2026-10-06T21:06:38.765931572-03:00 level=info msg="Executing migration" id="create folder table"
logger=migrator t=2026-10-06T21:06:38.767180969-03:00 level=info msg="Migration successfully executed" id="create folder table" duration=1.246331ms
logger=migrator t=2026-10-06T21:06:38.844812864-03:00 level=info msg="Executing migration" id="Add index for parent_uid"
logger=migrator t=2026-10-06T21:06:38.846256419-03:00 level=info msg="Migration successfully executed" id="Add index for parent_uid" duration=1.441063ms
logger=migrator t=2026-10-06T21:06:38.906441199-03:00 level=info msg="Executing migration" id="Add unique index for folder.uid and folder.org_id"
logger=migrator t=2026-10-06T21:06:38.907909786-03:00 level=info msg="Migration successfully executed" id="Add unique index for folder.uid and folder.org_id" duration=1.468284ms
logger=migrator t=2026-10-06T21:06:38.993488592-03:00 level=info msg="Executing migration" id="Update folder title length"
logger=migrator t=2026-10-06T21:06:38.99360557-03:00 level=info msg="Migration successfully executed" id="Update folder title length" duration=120.89µs
logger=migrator t=2026-10-06T21:06:39.051386879-03:00 level=info msg="Executing migration" id="Add unique index for folder.title and folder.parent_uid"
logger=migrator t=2026-10-06T21:06:39.053524559-03:00 level=info msg="Migration successfully executed" id="Add unique index for folder.title and folder.parent_uid" duration=2.145281ms
logger=migrator t=2026-10-06T21:06:39.108073931-03:00 level=info msg="Executing migration" id="Remove unique index for folder.title and folder.parent_uid"
logger=migrator t=2026-10-06T21:06:39.109142217-03:00 level=info msg="Migration successfully executed" id="Remove unique index for folder.title and folder.parent_uid" duration=1.068974ms
logger=migrator t=2026-10-06T21:06:39.158517598-03:00 level=info msg="Executing migration" id="Add unique index for title, parent_uid, and org_id"
logger=migrator t=2026-10-06T21:06:39.159683734-03:00 level=info msg="Migration successfully executed" id="Add unique index for title, parent_uid, and org_id" duration=1.167211ms
logger=migrator t=2026-10-06T21:06:39.210165276-03:00 level=info msg="Executing migration" id="Sync dashboard and folder table"
logger=migrator t=2026-10-06T21:06:39.210601699-03:00 level=info msg="Migration successfully executed" id="Sync dashboard and folder table" duration=436.808µs
logger=migrator t=2026-10-06T21:06:39.259027358-03:00 level=info msg="Executing migration" id="Remove ghost folders from the folder table"
logger=migrator t=2026-10-06T21:06:39.259329038-03:00 level=info msg="Migration successfully executed" id="Remove ghost folders from the folder table" duration=302.61µs
logger=migrator t=2026-10-06T21:06:39.310506841-03:00 level=info msg="Executing migration" id="Remove unique index UQE_folder_uid_org_id"
logger=migrator t=2026-10-06T21:06:39.311818225-03:00 level=info msg="Migration successfully executed" id="Remove unique index UQE_folder_uid_org_id" duration=1.326503ms
logger=migrator t=2026-10-06T21:06:39.372005962-03:00 level=info msg="Executing migration" id="Add unique index UQE_folder_org_id_uid"
logger=migrator t=2026-10-06T21:06:39.372976386-03:00 level=info msg="Migration successfully executed" id="Add unique index UQE_folder_org_id_uid" duration=971.124µs
logger=migrator t=2026-10-06T21:06:39.42509364-03:00 level=info msg="Executing migration" id="Remove unique index UQE_folder_title_parent_uid_org_id"
logger=migrator t=2026-10-06T21:06:39.426303988-03:00 level=info msg="Migration successfully executed" id="Remove unique index UQE_folder_title_parent_uid_org_id" duration=1.21149ms
logger=migrator t=2026-10-06T21:06:39.478209456-03:00 level=info msg="Executing migration" id="Add unique index UQE_folder_org_id_parent_uid_title"
logger=migrator t=2026-10-06T21:06:39.480268309-03:00 level=info msg="Migration successfully executed" id="Add unique index UQE_folder_org_id_parent_uid_title" duration=2.059476ms
logger=migrator t=2026-10-06T21:06:39.528303927-03:00 level=info msg="Executing migration" id="Remove index IDX_folder_parent_uid_org_id"
logger=migrator t=2026-10-06T21:06:39.529205251-03:00 level=info msg="Migration successfully executed" id="Remove index IDX_folder_parent_uid_org_id" duration=902.688µs
logger=migrator t=2026-10-06T21:06:39.586372757-03:00 level=info msg="Executing migration" id="Remove unique index UQE_folder_org_id_parent_uid_title"
logger=migrator t=2026-10-06T21:06:39.5874292-03:00 level=info msg="Migration successfully executed" id="Remove unique index UQE_folder_org_id_parent_uid_title" duration=1.057285ms
logger=migrator t=2026-10-06T21:06:39.639037213-03:00 level=info msg="Executing migration" id="create anon_device table"
logger=migrator t=2026-10-06T21:06:39.639854313-03:00 level=info msg="Migration successfully executed" id="create anon_device table" duration=812.087µs
logger=migrator t=2026-10-06T21:06:39.982689286-03:00 level=info msg="Executing migration" id="add unique index anon_device.device_id"
logger=migrator t=2026-10-06T21:06:39.984336946-03:00 level=info msg="Migration successfully executed" id="add unique index anon_device.device_id" duration=1.64863ms
logger=migrator t=2026-10-06T21:06:40.062124563-03:00 level=info msg="Executing migration" id="add index anon_device.updated_at"
logger=migrator t=2026-10-06T21:06:40.063401212-03:00 level=info msg="Migration successfully executed" id="add index anon_device.updated_at" duration=1.275569ms
logger=migrator t=2026-10-06T21:06:40.135656002-03:00 level=info msg="Executing migration" id="create signing_key table"
logger=migrator t=2026-10-06T21:06:40.13653433-03:00 level=info msg="Migration successfully executed" id="create signing_key table" duration=876.884µs
logger=migrator t=2026-10-06T21:06:40.313812573-03:00 level=info msg="Executing migration" id="add unique index signing_key.key_id"
logger=migrator t=2026-10-06T21:06:40.315011152-03:00 level=info msg="Migration successfully executed" id="add unique index signing_key.key_id" duration=1.208004ms
logger=migrator t=2026-10-06T21:06:40.362878104-03:00 level=info msg="Executing migration" id="set legacy alert migration status in kvstore"
logger=migrator t=2026-10-06T21:06:40.364935098-03:00 level=info msg="Migration successfully executed" id="set legacy alert migration status in kvstore" duration=2.057013ms
logger=migrator t=2026-10-06T21:06:40.419082858-03:00 level=info msg="Executing migration" id="migrate record of created folders during legacy migration to kvstore"
logger=migrator t=2026-10-06T21:06:40.419633261-03:00 level=info msg="Migration successfully executed" id="migrate record of created folders during legacy migration to kvstore" duration=553.029µs
logger=migrator t=2026-10-06T21:06:40.468494242-03:00 level=info msg="Executing migration" id="Add folder_uid for dashboard"
logger=migrator t=2026-10-06T21:06:40.472999529-03:00 level=info msg="Migration successfully executed" id="Add folder_uid for dashboard" duration=4.503597ms
logger=migrator t=2026-10-06T21:06:40.527585322-03:00 level=info msg="Executing migration" id="Populate dashboard folder_uid column"
logger=migrator t=2026-10-06T21:06:40.528810686-03:00 level=info msg="Migration successfully executed" id="Populate dashboard folder_uid column" duration=1.229837ms
logger=migrator t=2026-10-06T21:06:40.590535611-03:00 level=info msg="Executing migration" id="Add unique index for dashboard_org_id_folder_uid_title"
logger=migrator t=2026-10-06T21:06:40.590615292-03:00 level=info msg="Migration successfully executed" id="Add unique index for dashboard_org_id_folder_uid_title" duration=82.355µs
logger=migrator t=2026-10-06T21:06:40.659567604-03:00 level=info msg="Executing migration" id="Delete unique index for dashboard_org_id_folder_id_title"
logger=migrator t=2026-10-06T21:06:40.660882412-03:00 level=info msg="Migration successfully executed" id="Delete unique index for dashboard_org_id_folder_id_title" duration=1.312046ms
logger=migrator t=2026-10-06T21:06:40.712435485-03:00 level=info msg="Executing migration" id="Delete unique index for dashboard_org_id_folder_uid_title"
logger=migrator t=2026-10-06T21:06:40.712498643-03:00 level=info msg="Migration successfully executed" id="Delete unique index for dashboard_org_id_folder_uid_title" duration=65.534µs
logger=migrator t=2026-10-06T21:06:40.762388254-03:00 level=info msg="Executing migration" id="Add unique index for dashboard_org_id_folder_uid_title_is_folder"
logger=migrator t=2026-10-06T21:06:40.763579171-03:00 level=info msg="Migration successfully executed" id="Add unique index for dashboard_org_id_folder_uid_title_is_folder" duration=1.19169ms
logger=migrator t=2026-10-06T21:06:40.809255017-03:00 level=info msg="Executing migration" id="Restore index for dashboard_org_id_folder_id_title"
logger=migrator t=2026-10-06T21:06:40.810148126-03:00 level=info msg="Migration successfully executed" id="Restore index for dashboard_org_id_folder_id_title" duration=898.974µs
logger=migrator t=2026-10-06T21:06:40.863529495-03:00 level=info msg="Executing migration" id="Remove unique index for dashboard_org_id_folder_uid_title_is_folder"
logger=migrator t=2026-10-06T21:06:40.864818279-03:00 level=info msg="Migration successfully executed" id="Remove unique index for dashboard_org_id_folder_uid_title_is_folder" duration=1.289415ms
logger=migrator t=2026-10-06T21:06:40.916964052-03:00 level=info msg="Executing migration" id="create sso_setting table"
logger=migrator t=2026-10-06T21:06:40.91787857-03:00 level=info msg="Migration successfully executed" id="create sso_setting table" duration=915.53µs
logger=migrator t=2026-10-06T21:06:40.971781942-03:00 level=info msg="Executing migration" id="copy kvstore migration status to each org"
logger=migrator t=2026-10-06T21:06:40.974094963-03:00 level=info msg="Migration successfully executed" id="copy kvstore migration status to each org" duration=2.316088ms
logger=migrator t=2026-10-06T21:06:41.024106108-03:00 level=info msg="Executing migration" id="add back entry for orgid=0 migrated status"
logger=migrator t=2026-10-06T21:06:41.024510278-03:00 level=info msg="Migration successfully executed" id="add back entry for orgid=0 migrated status" duration=406.172µs
logger=migrator t=2026-10-06T21:06:41.071155622-03:00 level=info msg="Executing migration" id="managed dashboard permissions annotation actions migration"
logger=migrator t=2026-10-06T21:06:41.071949598-03:00 level=info msg="Migration successfully executed" id="managed dashboard permissions annotation actions migration" duration=794.447µs
logger=migrator t=2026-10-06T21:06:41.120810152-03:00 level=info msg="Executing migration" id="create cloud_migration table v1"
logger=migrator t=2026-10-06T21:06:41.121516397-03:00 level=info msg="Migration successfully executed" id="create cloud_migration table v1" duration=710.535µs
logger=migrator t=2026-10-06T21:06:41.174593288-03:00 level=info msg="Executing migration" id="create cloud_migration_run table v1"
logger=migrator t=2026-10-06T21:06:41.175559545-03:00 level=info msg="Migration successfully executed" id="create cloud_migration_run table v1" duration=965.079µs
logger=migrator t=2026-10-06T21:06:41.231138458-03:00 level=info msg="Executing migration" id="add stack_id column"
logger=migrator t=2026-10-06T21:06:41.23634147-03:00 level=info msg="Migration successfully executed" id="add stack_id column" duration=5.202592ms
logger=migrator t=2026-10-06T21:06:41.284254603-03:00 level=info msg="Executing migration" id="add region_slug column"
logger=migrator t=2026-10-06T21:06:41.288731306-03:00 level=info msg="Migration successfully executed" id="add region_slug column" duration=4.469499ms
logger=migrator t=2026-10-06T21:06:41.346217541-03:00 level=info msg="Executing migration" id="add cluster_slug column"
logger=migrator t=2026-10-06T21:06:41.351450075-03:00 level=info msg="Migration successfully executed" id="add cluster_slug column" duration=5.230038ms
logger=migrator t=2026-10-06T21:06:41.400528747-03:00 level=info msg="Executing migration" id="add migration uid column"
logger=migrator t=2026-10-06T21:06:41.404655238-03:00 level=info msg="Migration successfully executed" id="add migration uid column" duration=4.1256ms
logger=migrator t=2026-10-06T21:06:41.453460125-03:00 level=info msg="Executing migration" id="Update uid column values for migration"
logger=migrator t=2026-10-06T21:06:41.45373346-03:00 level=info msg="Migration successfully executed" id="Update uid column values for migration" duration=274.781µs
logger=migrator t=2026-10-06T21:06:41.499179641-03:00 level=info msg="Executing migration" id="Add unique index migration_uid"
logger=migrator t=2026-10-06T21:06:41.500207135-03:00 level=info msg="Migration successfully executed" id="Add unique index migration_uid" duration=1.027678ms
logger=migrator t=2026-10-06T21:06:41.557299902-03:00 level=info msg="Executing migration" id="add migration run uid column"
logger=migrator t=2026-10-06T21:06:41.561821489-03:00 level=info msg="Migration successfully executed" id="add migration run uid column" duration=4.519664ms
logger=migrator t=2026-10-06T21:06:41.613120996-03:00 level=info msg="Executing migration" id="Update uid column values for migration run"
logger=migrator t=2026-10-06T21:06:41.613337154-03:00 level=info msg="Migration successfully executed" id="Update uid column values for migration run" duration=218.659µs
logger=migrator t=2026-10-06T21:06:41.686308146-03:00 level=info msg="Executing migration" id="Add unique index migration_run_uid"
logger=migrator t=2026-10-06T21:06:41.687383312-03:00 level=info msg="Migration successfully executed" id="Add unique index migration_run_uid" duration=1.076612ms
logger=migrator t=2026-10-06T21:06:41.769404638-03:00 level=info msg="Executing migration" id="Rename table cloud_migration to cloud_migration_session_tmp_qwerty - v1"
logger=migrator t=2026-10-06T21:06:41.78243636-03:00 level=info msg="Migration successfully executed" id="Rename table cloud_migration to cloud_migration_session_tmp_qwerty - v1" duration=13.029957ms
logger=migrator t=2026-10-06T21:06:41.836979182-03:00 level=info msg="Executing migration" id="create cloud_migration_session v2"
logger=migrator t=2026-10-06T21:06:41.837791515-03:00 level=info msg="Migration successfully executed" id="create cloud_migration_session v2" duration=813.86µs
logger=migrator t=2026-10-06T21:06:41.890447823-03:00 level=info msg="Executing migration" id="create index UQE_cloud_migration_session_uid - v2"
logger=migrator t=2026-10-06T21:06:41.891825513-03:00 level=info msg="Migration successfully executed" id="create index UQE_cloud_migration_session_uid - v2" duration=1.37774ms
logger=migrator t=2026-10-06T21:06:41.952910198-03:00 level=info msg="Executing migration" id="copy cloud_migration_session v1 to v2"
logger=migrator t=2026-10-06T21:06:41.953319662-03:00 level=info msg="Migration successfully executed" id="copy cloud_migration_session v1 to v2" duration=415.652µs
logger=migrator t=2026-10-06T21:06:41.998110783-03:00 level=info msg="Executing migration" id="drop cloud_migration_session_tmp_qwerty"
logger=migrator t=2026-10-06T21:06:41.9989388-03:00 level=info msg="Migration successfully executed" id="drop cloud_migration_session_tmp_qwerty" duration=828.234µs
logger=migrator t=2026-10-06T21:06:42.054152987-03:00 level=info msg="Executing migration" id="Rename table cloud_migration_run to cloud_migration_snapshot_tmp_qwerty - v1"
logger=migrator t=2026-10-06T21:06:42.066999295-03:00 level=info msg="Migration successfully executed" id="Rename table cloud_migration_run to cloud_migration_snapshot_tmp_qwerty - v1" duration=12.843141ms
logger=migrator t=2026-10-06T21:06:42.141692964-03:00 level=info msg="Executing migration" id="create cloud_migration_snapshot v2"
logger=migrator t=2026-10-06T21:06:42.142523175-03:00 level=info msg="Migration successfully executed" id="create cloud_migration_snapshot v2" duration=831.631µs
logger=migrator t=2026-10-06T21:06:42.223538125-03:00 level=info msg="Executing migration" id="create index UQE_cloud_migration_snapshot_uid - v2"
logger=migrator t=2026-10-06T21:06:42.224483117-03:00 level=info msg="Migration successfully executed" id="create index UQE_cloud_migration_snapshot_uid - v2" duration=947.605µs
logger=migrator t=2026-10-06T21:06:42.27923949-03:00 level=info msg="Executing migration" id="copy cloud_migration_snapshot v1 to v2"
logger=migrator t=2026-10-06T21:06:42.279699519-03:00 level=info msg="Migration successfully executed" id="copy cloud_migration_snapshot v1 to v2" duration=461.977µs
logger=migrator t=2026-10-06T21:06:42.331545373-03:00 level=info msg="Executing migration" id="drop cloud_migration_snapshot_tmp_qwerty"
logger=migrator t=2026-10-06T21:06:42.332404133-03:00 level=info msg="Migration successfully executed" id="drop cloud_migration_snapshot_tmp_qwerty" duration=858.094µs
logger=migrator t=2026-10-06T21:06:42.382787751-03:00 level=info msg="Executing migration" id="add snapshot upload_url column"
logger=migrator t=2026-10-06T21:06:42.38741638-03:00 level=info msg="Migration successfully executed" id="add snapshot upload_url column" duration=4.622193ms
logger=migrator t=2026-10-06T21:06:42.43726356-03:00 level=info msg="Executing migration" id="add snapshot status column"
logger=migrator t=2026-10-06T21:06:42.442013596-03:00 level=info msg="Migration successfully executed" id="add snapshot status column" duration=4.749704ms
logger=migrator t=2026-10-06T21:06:42.497551912-03:00 level=info msg="Executing migration" id="add snapshot local_directory column"
logger=migrator t=2026-10-06T21:06:42.502134367-03:00 level=info msg="Migration successfully executed" id="add snapshot local_directory column" duration=4.582395ms
logger=migrator t=2026-10-06T21:06:42.552851095-03:00 level=info msg="Executing migration" id="add snapshot gms_snapshot_uid column"
logger=migrator t=2026-10-06T21:06:42.557705879-03:00 level=info msg="Migration successfully executed" id="add snapshot gms_snapshot_uid column" duration=4.852642ms
logger=migrator t=2026-10-06T21:06:42.604384751-03:00 level=info msg="Executing migration" id="add snapshot encryption_key column"
logger=migrator t=2026-10-06T21:06:42.608855215-03:00 level=info msg="Migration successfully executed" id="add snapshot encryption_key column" duration=4.469769ms
logger=migrator t=2026-10-06T21:06:42.667376932-03:00 level=info msg="Executing migration" id="add snapshot error_string column"
logger=migrator t=2026-10-06T21:06:42.6715549-03:00 level=info msg="Migration successfully executed" id="add snapshot error_string column" duration=4.177409ms
logger=migrator t=2026-10-06T21:06:42.754930166-03:00 level=info msg="Executing migration" id="create cloud_migration_resource table v1"
logger=migrator t=2026-10-06T21:06:42.755728615-03:00 level=info msg="Migration successfully executed" id="create cloud_migration_resource table v1" duration=795.748µs
logger=migrator t=2026-10-06T21:06:42.812551322-03:00 level=info msg="Executing migration" id="delete cloud_migration_snapshot.result column"
logger=migrator t=2026-10-06T21:06:42.834946907-03:00 level=info msg="Migration successfully executed" id="delete cloud_migration_snapshot.result column" duration=22.392823ms
logger=migrator t=2026-10-06T21:06:42.88992663-03:00 level=info msg="Executing migration" id="add cloud_migration_resource.name column"
logger=migrator t=2026-10-06T21:06:42.894592683-03:00 level=info msg="Migration successfully executed" id="add cloud_migration_resource.name column" duration=4.666686ms
logger=migrator t=2026-10-06T21:06:42.94166362-03:00 level=info msg="Executing migration" id="add cloud_migration_resource.parent_name column"
logger=migrator t=2026-10-06T21:06:42.947239012-03:00 level=info msg="Migration successfully executed" id="add cloud_migration_resource.parent_name column" duration=5.5756ms
logger=migrator t=2026-10-06T21:06:42.997965123-03:00 level=info msg="Executing migration" id="add cloud_migration_session.org_id column"
logger=migrator t=2026-10-06T21:06:43.003884303-03:00 level=info msg="Migration successfully executed" id="add cloud_migration_session.org_id column" duration=5.927109ms
logger=migrator t=2026-10-06T21:06:43.061560669-03:00 level=info msg="Executing migration" id="add cloud_migration_resource.error_code column"
logger=migrator t=2026-10-06T21:06:43.067677607-03:00 level=info msg="Migration successfully executed" id="add cloud_migration_resource.error_code column" duration=6.111029ms
logger=migrator t=2026-10-06T21:06:43.11417263-03:00 level=info msg="Executing migration" id="increase resource_uid column length"
logger=migrator t=2026-10-06T21:06:43.114314803-03:00 level=info msg="Migration successfully executed" id="increase resource_uid column length" duration=144.466µs
logger=migrator t=2026-10-06T21:06:43.159325287-03:00 level=info msg="Executing migration" id="alter kv_store.value to longtext"
logger=migrator t=2026-10-06T21:06:43.159459764-03:00 level=info msg="Migration successfully executed" id="alter kv_store.value to longtext" duration=133.17µs
logger=migrator t=2026-10-06T21:06:43.208336565-03:00 level=info msg="Executing migration" id="add notification_settings column to alert_rule table"
logger=migrator t=2026-10-06T21:06:43.213063344-03:00 level=info msg="Migration successfully executed" id="add notification_settings column to alert_rule table" duration=4.725255ms
logger=migrator t=2026-10-06T21:06:43.267711683-03:00 level=info msg="Executing migration" id="add notification_settings column to alert_rule_version table"
logger=migrator t=2026-10-06T21:06:43.271855855-03:00 level=info msg="Migration successfully executed" id="add notification_settings column to alert_rule_version table" duration=4.144143ms
logger=migrator t=2026-10-06T21:06:43.314101759-03:00 level=info msg="Executing migration" id="removing scope from alert.instances:read action migration"
logger=migrator t=2026-10-06T21:06:43.314504225-03:00 level=info msg="Migration successfully executed" id="removing scope from alert.instances:read action migration" duration=402.873µs
logger=migrator t=2026-10-06T21:06:43.361972642-03:00 level=info msg="Executing migration" id="managed folder permissions alerting silences actions migration"
logger=migrator t=2026-10-06T21:06:43.362234297-03:00 level=info msg="Migration successfully executed" id="managed folder permissions alerting silences actions migration" duration=262.901µs
logger=migrator t=2026-10-06T21:06:43.413399588-03:00 level=info msg="Executing migration" id="add record column to alert_rule table"
logger=migrator t=2026-10-06T21:06:43.417655344-03:00 level=info msg="Migration successfully executed" id="add record column to alert_rule table" duration=4.256349ms
logger=migrator t=2026-10-06T21:06:43.470396209-03:00 level=info msg="Executing migration" id="add record column to alert_rule_version table"
logger=migrator t=2026-10-06T21:06:43.476430614-03:00 level=info msg="Migration successfully executed" id="add record column to alert_rule_version table" duration=6.033635ms
logger=migrator t=2026-10-06T21:06:43.525277417-03:00 level=info msg="Executing migration" id="add resolved_at column to alert_instance table"
logger=migrator t=2026-10-06T21:06:43.529208018-03:00 level=info msg="Migration successfully executed" id="add resolved_at column to alert_instance table" duration=3.932778ms
logger=migrator t=2026-10-06T21:06:43.577547533-03:00 level=info msg="Executing migration" id="add last_sent_at column to alert_instance table"
logger=migrator t=2026-10-06T21:06:43.581605539-03:00 level=info msg="Migration successfully executed" id="add last_sent_at column to alert_instance table" duration=4.057796ms
logger=migrator t=2026-10-06T21:06:43.777571542-03:00 level=info msg="Executing migration" id="Enable traceQL streaming for all Tempo datasources"
logger=migrator t=2026-10-06T21:06:43.777668258-03:00 level=info msg="Migration successfully executed" id="Enable traceQL streaming for all Tempo datasources" duration=100.765µs
logger=migrator t=2026-10-06T21:06:43.82410121-03:00 level=info msg="Executing migration" id="Add scope to alert.notifications.receivers:read and alert.notifications.receivers.secrets:read"
logger=migrator t=2026-10-06T21:06:43.82506805-03:00 level=info msg="Migration successfully executed" id="Add scope to alert.notifications.receivers:read and alert.notifications.receivers.secrets:read" duration=967.429µs
logger=migrator t=2026-10-06T21:06:43.892341811-03:00 level=info msg="Executing migration" id="add metadata column to alert_rule table"
logger=migrator t=2026-10-06T21:06:43.89823571-03:00 level=info msg="Migration successfully executed" id="add metadata column to alert_rule table" duration=5.916958ms
logger=migrator t=2026-10-06T21:06:43.99813925-03:00 level=info msg="Executing migration" id="add metadata column to alert_rule_version table"
logger=migrator t=2026-10-06T21:06:44.004356006-03:00 level=info msg="Migration successfully executed" id="add metadata column to alert_rule_version table" duration=6.216563ms
logger=migrator t=2026-10-06T21:06:44.049656684-03:00 level=info msg="Executing migration" id="delete orphaned service account permissions"
logger=migrator t=2026-10-06T21:06:44.049994003-03:00 level=info msg="Migration successfully executed" id="delete orphaned service account permissions" duration=338.494µs
logger=migrator t=2026-10-06T21:06:44.100663445-03:00 level=info msg="Executing migration" id="adding action set permissions"
logger=migrator t=2026-10-06T21:06:44.101430584-03:00 level=info msg="Migration successfully executed" id="adding action set permissions" duration=763.141µs
logger=migrator t=2026-10-06T21:06:44.141826139-03:00 level=info msg="Executing migration" id="create user_external_session table"
logger=migrator t=2026-10-06T21:06:44.142870233-03:00 level=info msg="Migration successfully executed" id="create user_external_session table" duration=1.044357ms
logger=migrator t=2026-10-06T21:06:44.216497143-03:00 level=info msg="Executing migration" id="increase name_id column length to 1024"
logger=migrator t=2026-10-06T21:06:44.216640548-03:00 level=info msg="Migration successfully executed" id="increase name_id column length to 1024" duration=145.425µs
logger=migrator t=2026-10-06T21:06:44.269038219-03:00 level=info msg="Executing migration" id="increase session_id column length to 1024"
logger=migrator t=2026-10-06T21:06:44.269193061-03:00 level=info msg="Migration successfully executed" id="increase session_id column length to 1024" duration=154.019µs
logger=migrator t=2026-10-06T21:06:44.319162586-03:00 level=info msg="Executing migration" id="remove scope from alert.notifications.receivers:create"
logger=migrator t=2026-10-06T21:06:44.320228968-03:00 level=info msg="Migration successfully executed" id="remove scope from alert.notifications.receivers:create" duration=1.039063ms
logger=migrator t=2026-10-06T21:06:44.371365448-03:00 level=info msg="migrations completed" performed=629 skipped=0 duration=17.238762046s
logger=migrator t=2026-10-06T21:06:44.372220855-03:00 level=info msg="Unlocking database"
logger=sqlstore t=2026-10-06T21:06:44.400824249-03:00 level=info msg="Created default admin" user=admin
logger=sqlstore t=2026-10-06T21:06:44.401097099-03:00 level=info msg="Created default organization"
logger=secrets t=2026-10-06T21:06:44.473226332-03:00 level=info msg="Envelope encryption state" enabled=true currentprovider=secretKey.v1
logger=renderer.manager t=2026-10-06T21:06:44.539585972-03:00 level=error msg="Failed to get renderer plugin sources" error="failed to open plugins path"
logger=plugin.angulardetectorsprovider.dynamic t=2026-10-06T21:06:44.542141299-03:00 level=info msg="Restored cache from database" duration=524.733µs
logger=plugin.store t=2026-10-06T21:06:44.681516867-03:00 level=info msg="Loading plugins..."
logger=plugin.sources t=2026-10-06T21:06:44.681647751-03:00 level=error msg="Failed to load external plugins" error="failed to open plugins path"
logger=plugin.store t=2026-10-06T21:06:45.650348437-03:00 level=info msg="Plugins loaded" count=54 duration=968.833191ms
logger=resource-migrator t=2026-10-06T21:06:45.69940232-03:00 level=info msg="Locking database"
logger=resource-migrator t=2026-10-06T21:06:45.699500305-03:00 level=info msg="Starting DB migrations"
logger=resource-migrator t=2026-10-06T21:06:45.700458905-03:00 level=info msg="Executing migration" id="create resource_migration_log table"
logger=resource-migrator t=2026-10-06T21:06:45.702535213-03:00 level=info msg="Migration successfully executed" id="create resource_migration_log table" duration=2.074591ms
logger=resource-migrator t=2026-10-06T21:06:45.773845345-03:00 level=info msg="Executing migration" id="Initialize resource tables"
logger=resource-migrator t=2026-10-06T21:06:45.774003623-03:00 level=info msg="Migration successfully executed" id="Initialize resource tables" duration=164.379µs
logger=resource-migrator t=2026-10-06T21:06:45.825337463-03:00 level=info msg="Executing migration" id="drop table resource"
logger=resource-migrator t=2026-10-06T21:06:45.825575514-03:00 level=info msg="Migration successfully executed" id="drop table resource" duration=243.512µs
logger=resource-migrator t=2026-10-06T21:06:45.871926552-03:00 level=info msg="Executing migration" id="create table resource"
logger=resource-migrator t=2026-10-06T21:06:45.872763013-03:00 level=info msg="Migration successfully executed" id="create table resource" duration=837.075µs
logger=resource-migrator t=2026-10-06T21:06:46.048286639-03:00 level=info msg="Executing migration" id="create table resource, index: 0"
logger=resource-migrator t=2026-10-06T21:06:46.049252201-03:00 level=info msg="Migration successfully executed" id="create table resource, index: 0" duration=966.123µs
logger=resource-migrator t=2026-10-06T21:06:46.103529374-03:00 level=info msg="Executing migration" id="drop table resource_history"
logger=resource-migrator t=2026-10-06T21:06:46.103711768-03:00 level=info msg="Migration successfully executed" id="drop table resource_history" duration=186.931µs
logger=resource-migrator t=2026-10-06T21:06:46.153532517-03:00 level=info msg="Executing migration" id="create table resource_history"
logger=resource-migrator t=2026-10-06T21:06:46.154461142-03:00 level=info msg="Migration successfully executed" id="create table resource_history" duration=926.698µs
logger=resource-migrator t=2026-10-06T21:06:46.225279251-03:00 level=info msg="Executing migration" id="create table resource_history, index: 0"
logger=resource-migrator t=2026-10-06T21:06:46.226836842-03:00 level=info msg="Migration successfully executed" id="create table resource_history, index: 0" duration=1.558741ms
logger=resource-migrator t=2026-10-06T21:06:46.27932081-03:00 level=info msg="Executing migration" id="create table resource_history, index: 1"
logger=resource-migrator t=2026-10-06T21:06:46.280333559-03:00 level=info msg="Migration successfully executed" id="create table resource_history, index: 1" duration=1.012968ms
logger=resource-migrator t=2026-10-06T21:06:46.33263334-03:00 level=info msg="Executing migration" id="drop table resource_version"
logger=resource-migrator t=2026-10-06T21:06:46.332776331-03:00 level=info msg="Migration successfully executed" id="drop table resource_version" duration=145.777µs
logger=resource-migrator t=2026-10-06T21:06:46.381246711-03:00 level=info msg="Executing migration" id="create table resource_version"
logger=resource-migrator t=2026-10-06T21:06:46.382052459-03:00 level=info msg="Migration successfully executed" id="create table resource_version" duration=810.213µs
logger=resource-migrator t=2026-10-06T21:06:46.431312573-03:00 level=info msg="Executing migration" id="create table resource_version, index: 0"
logger=resource-migrator t=2026-10-06T21:06:46.432538577-03:00 level=info msg="Migration successfully executed" id="create table resource_version, index: 0" duration=1.224197ms
logger=resource-migrator t=2026-10-06T21:06:46.490968899-03:00 level=info msg="Executing migration" id="drop table resource_blob"
logger=resource-migrator t=2026-10-06T21:06:46.491108584-03:00 level=info msg="Migration successfully executed" id="drop table resource_blob" duration=142.885µs
logger=resource-migrator t=2026-10-06T21:06:46.557275932-03:00 level=info msg="Executing migration" id="create table resource_blob"
logger=resource-migrator t=2026-10-06T21:06:46.558281347-03:00 level=info msg="Migration successfully executed" id="create table resource_blob" duration=1.011732ms
logger=resource-migrator t=2026-10-06T21:06:46.638939024-03:00 level=info msg="Executing migration" id="create table resource_blob, index: 0"
logger=resource-migrator t=2026-10-06T21:06:46.645370741-03:00 level=info msg="Migration successfully executed" id="create table resource_blob, index: 0" duration=6.427801ms
logger=resource-migrator t=2026-10-06T21:06:46.738154408-03:00 level=info msg="Executing migration" id="create table resource_blob, index: 1"
logger=resource-migrator t=2026-10-06T21:06:46.739427683-03:00 level=info msg="Migration successfully executed" id="create table resource_blob, index: 1" duration=1.273722ms
logger=resource-migrator t=2026-10-06T21:06:46.784309988-03:00 level=info msg="Executing migration" id="Add column previous_resource_version in resource_history"
logger=resource-migrator t=2026-10-06T21:06:46.788789093-03:00 level=info msg="Migration successfully executed" id="Add column previous_resource_version in resource_history" duration=4.47878ms
logger=resource-migrator t=2026-10-06T21:06:46.83850955-03:00 level=info msg="Executing migration" id="Add column previous_resource_version in resource"
logger=resource-migrator t=2026-10-06T21:06:46.843053034-03:00 level=info msg="Migration successfully executed" id="Add column previous_resource_version in resource" duration=4.542766ms
logger=resource-migrator t=2026-10-06T21:06:46.896070173-03:00 level=info msg="Executing migration" id="Add index to resource_history for polling"
logger=resource-migrator t=2026-10-06T21:06:46.897187031-03:00 level=info msg="Migration successfully executed" id="Add index to resource_history for polling" duration=1.116105ms
logger=resource-migrator t=2026-10-06T21:06:46.952105303-03:00 level=info msg="Executing migration" id="Add index to resource for loading"
logger=resource-migrator t=2026-10-06T21:06:46.953079767-03:00 level=info msg="Migration successfully executed" id="Add index to resource for loading" duration=973.994µs
logger=resource-migrator t=2026-10-06T21:06:46.998595454-03:00 level=info msg="Executing migration" id="Add column folder in resource_history"
logger=resource-migrator t=2026-10-06T21:06:47.003940937-03:00 level=info msg="Migration successfully executed" id="Add column folder in resource_history" duration=5.343597ms
logger=resource-migrator t=2026-10-06T21:06:47.058518746-03:00 level=info msg="Executing migration" id="Add column folder in resource"
logger=resource-migrator t=2026-10-06T21:06:47.063671435-03:00 level=info msg="Migration successfully executed" id="Add column folder in resource" duration=5.147814ms
logger=resource-migrator t=2026-10-06T21:06:47.110360517-03:00 level=info msg="migrations completed" performed=22 skipped=0 duration=1.410003592s
logger=resource-migrator t=2026-10-06T21:06:47.110976813-03:00 level=info msg="Unlocking database"
logger=query_data t=2026-10-06T21:06:47.258250169-03:00 level=info msg="Query Service initialization"
logger=live.push_http t=2026-10-06T21:06:47.332908521-03:00 level=info msg="Live Push Gateway initialization"
logger=ngalert.notifier.alertmanager org=1 t=2026-10-06T21:06:47.439129049-03:00 level=info msg="Applying new configuration to Alertmanager" configHash=d2c56faca6af2a5772ff4253222f7386
logger=ngalert.state.manager t=2026-10-06T21:06:47.545806707-03:00 level=info msg="Running in alternative execution of Error/NoData mode"
logger=cloudmigration.service t=2026-10-06T21:06:47.617000496-03:00 level=info msg="using gcom client for auth"
logger=infra.usagestats.collector t=2026-10-06T21:06:47.688843786-03:00 level=info msg="registering usage stat providers" usageStatsProvidersLen=2
logger=provisioning.datasources t=2026-10-06T21:06:47.707071143-03:00 level=info msg="inserting datasource from configuration" name="B1 Prometheus" uid=b1-prometheus
logger=provisioning.plugins t=2026-10-06T21:06:47.802271295-03:00 level=error msg="Failed to read plugin provisioning files from directory" path=/home/engler/devops/gamificacao-educacao-continuada/ops/grafana/provisioning/plugins error="open /home/engler/devops/gamificacao-educacao-continuada/ops/grafana/provisioning/plugins: no such file or directory"
logger=provisioning.alerting t=2026-10-06T21:06:47.804376312-03:00 level=error msg="can't read alerting provisioning files from directory" path=/home/engler/devops/gamificacao-educacao-continuada/ops/grafana/provisioning/alerting error="open /home/engler/devops/gamificacao-educacao-continuada/ops/grafana/provisioning/alerting: no such file or directory"
logger=provisioning.alerting t=2026-10-06T21:06:47.804426593-03:00 level=info msg="starting to provision alerting"
logger=provisioning.alerting t=2026-10-06T21:06:47.806104251-03:00 level=info msg="finished to provision alerting"
logger=renderer.manager t=2026-10-06T21:06:47.810763029-03:00 level=error msg="Failed to get renderer plugin sources" error="failed to open plugins path"
logger=ngalert.multiorg.alertmanager t=2026-10-06T21:06:47.810869914-03:00 level=info msg="Starting MultiOrg Alertmanager"
logger=grafanaStorageLogger t=2026-10-06T21:06:47.812014271-03:00 level=info msg="Storage starting"
logger=ngalert.state.manager t=2026-10-06T21:06:47.810756375-03:00 level=info msg="Warming state cache for startup"
logger=http.server t=2026-10-06T21:06:47.880401623-03:00 level=info msg="HTTP Server Listen" address=127.0.0.1:3000 protocol=http subUrl= socket=
logger=sqlstore.transactions t=2026-10-06T21:06:47.919211027-03:00 level=info msg="Database locked, sleeping then retrying" error="database is locked" retry=0 code="database is locked"
logger=ngalert.state.manager t=2026-10-06T21:06:48.25435948-03:00 level=info msg="State cache has been initialized" states=0 duration=443.600726ms
logger=ngalert.scheduler t=2026-10-06T21:06:48.254459411-03:00 level=info msg="Starting scheduler" tickInterval=10s maxAttempts=3
logger=provisioning.dashboard t=2026-10-06T21:06:48.257400909-03:00 level=info msg="starting to provision dashboards"
logger=ticker t=2026-10-06T21:06:48.266225465-03:00 level=info msg=starting first_tick=2026-10-06T21:06:50-03:00
logger=folder-service t=2026-10-06T21:06:48.27679359-03:00 level=warn msg="User does not belong to a user or service account namespace, using 0 as user ID" id=:0
logger=folder-service t=2026-10-06T21:06:48.280267524-03:00 level=warn msg="User does not belong to a user or service account namespace, using 0 as user ID" id=:0
logger=dashboard-service t=2026-10-06T21:06:48.404213348-03:00 level=warn msg="Changing refresh interval for provisioned dashboard to minimum refresh interval" dashboardUid=b1-architecture dashboardTitle="B1 — Evidências dos ASRs" minRefreshInterval=5s
logger=grafana-apiserver t=2026-10-06T21:06:48.454290952-03:00 level=info msg="Adding GroupVersion notifications.alerting.grafana.app v0alpha1 to ResourceManager"
logger=grafana-apiserver t=2026-10-06T21:06:48.455594295-03:00 level=info msg="Adding GroupVersion userstorage.grafana.app v0alpha1 to ResourceManager"
logger=grafana-apiserver t=2026-10-06T21:06:48.456454978-03:00 level=info msg="Adding GroupVersion playlist.grafana.app v0alpha1 to ResourceManager"
logger=resource-server t=2026-10-06T21:06:48.456637722-03:00 level=warn msg="failed to register storage metrics" error="duplicate metrics collector registration attempted"
logger=resource-server t=2026-10-06T21:06:48.466982266-03:00 level=warn msg="failed to register storage metrics" error="duplicate metrics collector registration attempted"
logger=resource-server t=2026-10-06T21:06:48.467138977-03:00 level=warn msg="failed to register storage metrics" error="duplicate metrics collector registration attempted"
logger=grafana-apiserver t=2026-10-06T21:06:48.472162471-03:00 level=info msg="Adding GroupVersion dashboard.grafana.app v0alpha1 to ResourceManager"
logger=grafana-apiserver t=2026-10-06T21:06:48.482607238-03:00 level=info msg="Adding GroupVersion dashboard.grafana.app v1alpha1 to ResourceManager"
logger=grafana-apiserver t=2026-10-06T21:06:48.48459929-03:00 level=info msg="Adding GroupVersion dashboard.grafana.app v2alpha1 to ResourceManager"
logger=grafana-apiserver t=2026-10-06T21:06:48.485871173-03:00 level=info msg="Adding GroupVersion featuretoggle.grafana.app v0alpha1 to ResourceManager"
logger=grafana-apiserver t=2026-10-06T21:06:48.519434325-03:00 level=info msg="Adding GroupVersion iam.grafana.app v0alpha1 to ResourceManager"
logger=provisioning.dashboard t=2026-10-06T21:06:48.538486859-03:00 level=info msg="finished to provision dashboards"
logger=app-registry t=2026-10-06T21:06:48.623464131-03:00 level=info msg="app registry initialized"
logger=plugins.update.checker t=2026-10-06T21:06:48.805139078-03:00 level=info msg="Update check succeeded" duration=984.860692ms
logger=sqlstore.transactions t=2026-10-06T21:06:48.819129426-03:00 level=info msg="Database locked, sleeping then retrying" error="database is locked" retry=0 code="database is locked"
logger=plugin.angulardetectorsprovider.dynamic t=2026-10-06T21:06:49.067769742-03:00 level=info msg="Patterns update finished" duration=814.208016ms
