logger=settings t=2026-10-06T19:49:56.51835858-03:00 level=info msg="Starting Grafana" version=11.5.2 commit=598e0338d5374d6bc404b02a58094132c5eeceb8 branch=HEAD compiled=2026-10-06T19:49:56-03:00
logger=settings t=2026-10-06T19:49:56.519150092-03:00 level=info msg="Config loaded from" file=/tmp/b1-tools/grafana-v11.5.2/conf/defaults.ini
logger=settings t=2026-10-06T19:49:56.519193251-03:00 level=info msg="Config loaded from" file=/home/engler/devops/gamificacao-educacao-continuada/.runtime/run-20261006T224940Z/grafana.ini
logger=settings t=2026-10-06T19:49:56.519200805-03:00 level=info msg="Config overridden from Environment variable" var="GF_PATHS_DATA=/home/engler/devops/gamificacao-educacao-continuada/.runtime/run-20261006T224940Z/grafana"
logger=settings t=2026-10-06T19:49:56.519207748-03:00 level=info msg="Config overridden from Environment variable" var="GF_PATHS_LOGS=/home/engler/devops/gamificacao-educacao-continuada/.runtime/run-20261006T224940Z/grafana-logs"
logger=settings t=2026-10-06T19:49:56.519215072-03:00 level=info msg="Config overridden from Environment variable" var="GF_PATHS_PLUGINS=/home/engler/devops/gamificacao-educacao-continuada/.runtime/run-20261006T224940Z/grafana-plugins"
logger=settings t=2026-10-06T19:49:56.519221118-03:00 level=info msg="Config overridden from Environment variable" var="GF_PATHS_PROVISIONING=/home/engler/devops/gamificacao-educacao-continuada/ops/grafana/provisioning"
logger=settings t=2026-10-06T19:49:56.519226943-03:00 level=info msg="Config overridden from Environment variable" var="GF_SERVER_HTTP_ADDR=127.0.0.1"
logger=settings t=2026-10-06T19:49:56.519232901-03:00 level=info msg="Config overridden from Environment variable" var="GF_SECURITY_ADMIN_USER=admin"
logger=settings t=2026-10-06T19:49:56.519238846-03:00 level=info msg="Config overridden from Environment variable" var="GF_SECURITY_ADMIN_PASSWORD=*********"
logger=settings t=2026-10-06T19:49:56.519245058-03:00 level=info msg=Target target=[all]
logger=settings t=2026-10-06T19:49:56.519258582-03:00 level=info msg="Path Home" path=/tmp/b1-tools/grafana-v11.5.2
logger=settings t=2026-10-06T19:49:56.519264638-03:00 level=info msg="Path Data" path=/home/engler/devops/gamificacao-educacao-continuada/.runtime/run-20261006T224940Z/grafana
logger=settings t=2026-10-06T19:49:56.519270461-03:00 level=info msg="Path Logs" path=/home/engler/devops/gamificacao-educacao-continuada/.runtime/run-20261006T224940Z/grafana-logs
logger=settings t=2026-10-06T19:49:56.519277676-03:00 level=info msg="Path Plugins" path=/home/engler/devops/gamificacao-educacao-continuada/.runtime/run-20261006T224940Z/grafana-plugins
logger=settings t=2026-10-06T19:49:56.519283791-03:00 level=info msg="Path Provisioning" path=/home/engler/devops/gamificacao-educacao-continuada/ops/grafana/provisioning
logger=settings t=2026-10-06T19:49:56.519289865-03:00 level=info msg="App mode production"
logger=featuremgmt t=2026-10-06T19:49:56.519671802-03:00 level=info msg=FeatureToggles lokiQuerySplitting=true pinNavItems=true lokiQueryHints=true alertingNoDataErrorExecution=true alertingSimplifiedRouting=true accessActionSets=true influxdbBackendMigration=true dashboardSceneForViewers=true publicDashboardsScene=true azureMonitorEnableUserAuth=true groupToNestedTableTransformation=true logRowsPopoverMenu=true formatString=true dashboardScene=true alertingInsights=true openSearchBackendFlowEnabled=true tlsMemcached=true recoveryThreshold=true newFiltersUI=true cloudWatchRoundUpEndTime=true recordedQueriesMulti=true cloudWatchNewLabelParsing=true unifiedRequestLog=true cloudWatchCrossAccountQuerying=true correlations=true angularDeprecationUI=true alertingApiServer=true addFieldFromCalculationStatFunctions=true transformationsRedesign=true newPDFRendering=true nestedFolders=true userStorageAPI=true annotationPermissionUpdate=true zipkinBackendMigration=true alertingUIOptimizeReducer=true dataplaneFrontendFallback=true lokiLabelNamesQueryApi=true dashgpt=true prometheusAzureOverrideAudience=true managedPluginsInstall=true ssoSettingsApi=true promQLScope=true logsExploreTableVisualisation=true newDashboardSharingComponent=true onPremToCloudMigrations=true panelMonitoring=true logsInfiniteScrolling=true logsContextDatasourceUi=true preinstallAutoUpdate=true dashboardSceneSolo=true kubernetesPlaylists=true lokiStructuredMetadata=true accessControlOnCall=true useSessionStorageForRedirection=true exploreMetrics=true awsAsyncQueryCaching=true reportingUseRawTimeRange=true transformationsVariableSupport=true
logger=sqlstore t=2026-10-06T19:49:56.5201323-03:00 level=info msg="Connecting to DB" dbtype=sqlite3
logger=sqlstore t=2026-10-06T19:49:56.520151234-03:00 level=info msg="Creating SQLite database file" path=/home/engler/devops/gamificacao-educacao-continuada/.runtime/run-20261006T224940Z/grafana/grafana.db
logger=migrator t=2026-10-06T19:49:56.683493386-03:00 level=info msg="Locking database"
logger=migrator t=2026-10-06T19:49:56.683619437-03:00 level=info msg="Starting DB migrations"
logger=migrator t=2026-10-06T19:49:56.68464522-03:00 level=info msg="Executing migration" id="create migration_log table"
logger=migrator t=2026-10-06T19:49:56.687832949-03:00 level=info msg="Migration successfully executed" id="create migration_log table" duration=3.183051ms
logger=migrator t=2026-10-06T19:49:56.709296956-03:00 level=info msg="Executing migration" id="create user table"
logger=migrator t=2026-10-06T19:49:56.710693537-03:00 level=info msg="Migration successfully executed" id="create user table" duration=1.393481ms
logger=migrator t=2026-10-06T19:49:56.7326096-03:00 level=info msg="Executing migration" id="add unique index user.login"
logger=migrator t=2026-10-06T19:49:56.733948698-03:00 level=info msg="Migration successfully executed" id="add unique index user.login" duration=1.339808ms
logger=migrator t=2026-10-06T19:49:56.75673198-03:00 level=info msg="Executing migration" id="add unique index user.email"
logger=migrator t=2026-10-06T19:49:56.75794908-03:00 level=info msg="Migration successfully executed" id="add unique index user.email" duration=1.218286ms
logger=migrator t=2026-10-06T19:49:56.776772683-03:00 level=info msg="Executing migration" id="drop index UQE_user_login - v1"
logger=migrator t=2026-10-06T19:49:56.77781063-03:00 level=info msg="Migration successfully executed" id="drop index UQE_user_login - v1" duration=1.038882ms
logger=migrator t=2026-10-06T19:49:56.796767587-03:00 level=info msg="Executing migration" id="drop index UQE_user_email - v1"
logger=migrator t=2026-10-06T19:49:56.797773998-03:00 level=info msg="Migration successfully executed" id="drop index UQE_user_email - v1" duration=1.008021ms
logger=migrator t=2026-10-06T19:49:56.818769078-03:00 level=info msg="Executing migration" id="Rename table user to user_v1 - v1"
logger=migrator t=2026-10-06T19:49:56.821543231-03:00 level=info msg="Migration successfully executed" id="Rename table user to user_v1 - v1" duration=2.772508ms
logger=migrator t=2026-10-06T19:49:56.839045856-03:00 level=info msg="Executing migration" id="create user table v2"
logger=migrator t=2026-10-06T19:49:56.840142335-03:00 level=info msg="Migration successfully executed" id="create user table v2" duration=1.096824ms
logger=migrator t=2026-10-06T19:49:56.857628037-03:00 level=info msg="Executing migration" id="create index UQE_user_login - v2"
logger=migrator t=2026-10-06T19:49:56.858582517-03:00 level=info msg="Migration successfully executed" id="create index UQE_user_login - v2" duration=954.881µs
logger=migrator t=2026-10-06T19:49:56.88095544-03:00 level=info msg="Executing migration" id="create index UQE_user_email - v2"
logger=migrator t=2026-10-06T19:49:56.88225549-03:00 level=info msg="Migration successfully executed" id="create index UQE_user_email - v2" duration=1.294483ms
logger=migrator t=2026-10-06T19:49:56.903957873-03:00 level=info msg="Executing migration" id="copy data_source v1 to v2"
logger=migrator t=2026-10-06T19:49:56.904887349-03:00 level=info msg="Migration successfully executed" id="copy data_source v1 to v2" duration=930.419µs
logger=migrator t=2026-10-06T19:49:56.927846427-03:00 level=info msg="Executing migration" id="Drop old table user_v1"
logger=migrator t=2026-10-06T19:49:56.928518069-03:00 level=info msg="Migration successfully executed" id="Drop old table user_v1" duration=670.147µs
logger=migrator t=2026-10-06T19:49:56.959083745-03:00 level=info msg="Executing migration" id="Add column help_flags1 to user table"
logger=migrator t=2026-10-06T19:49:56.960427532-03:00 level=info msg="Migration successfully executed" id="Add column help_flags1 to user table" duration=1.342802ms
logger=migrator t=2026-10-06T19:49:56.983573477-03:00 level=info msg="Executing migration" id="Update user table charset"
logger=migrator t=2026-10-06T19:49:56.983681875-03:00 level=info msg="Migration successfully executed" id="Update user table charset" duration=111.969µs
logger=migrator t=2026-10-06T19:49:57.004009088-03:00 level=info msg="Executing migration" id="Add last_seen_at column to user"
logger=migrator t=2026-10-06T19:49:57.005544513-03:00 level=info msg="Migration successfully executed" id="Add last_seen_at column to user" duration=1.533115ms
logger=migrator t=2026-10-06T19:49:57.026099567-03:00 level=info msg="Executing migration" id="Add missing user data"
logger=migrator t=2026-10-06T19:49:57.026555453-03:00 level=info msg="Migration successfully executed" id="Add missing user data" duration=454.664µs
logger=migrator t=2026-10-06T19:49:57.049909853-03:00 level=info msg="Executing migration" id="Add is_disabled column to user"
logger=migrator t=2026-10-06T19:49:57.051476387-03:00 level=info msg="Migration successfully executed" id="Add is_disabled column to user" duration=1.56716ms
logger=migrator t=2026-10-06T19:49:57.085763425-03:00 level=info msg="Executing migration" id="Add index user.login/user.email"
logger=migrator t=2026-10-06T19:49:57.086905169-03:00 level=info msg="Migration successfully executed" id="Add index user.login/user.email" duration=1.14296ms
logger=migrator t=2026-10-06T19:49:57.109725873-03:00 level=info msg="Executing migration" id="Add is_service_account column to user"
logger=migrator t=2026-10-06T19:49:57.111469847-03:00 level=info msg="Migration successfully executed" id="Add is_service_account column to user" duration=1.742965ms
logger=migrator t=2026-10-06T19:49:57.129934716-03:00 level=info msg="Executing migration" id="Update is_service_account column to nullable"
logger=migrator t=2026-10-06T19:49:57.135756026-03:00 level=info msg="Migration successfully executed" id="Update is_service_account column to nullable" duration=5.815916ms
logger=migrator t=2026-10-06T19:49:57.157837801-03:00 level=info msg="Executing migration" id="Add uid column to user"
logger=migrator t=2026-10-06T19:49:57.15900451-03:00 level=info msg="Migration successfully executed" id="Add uid column to user" duration=1.175071ms
logger=migrator t=2026-10-06T19:49:57.175594996-03:00 level=info msg="Executing migration" id="Update uid column values for users"
logger=migrator t=2026-10-06T19:49:57.175899062-03:00 level=info msg="Migration successfully executed" id="Update uid column values for users" duration=305.246µs
logger=migrator t=2026-10-06T19:49:57.195635774-03:00 level=info msg="Executing migration" id="Add unique index user_uid"
logger=migrator t=2026-10-06T19:49:57.196674561-03:00 level=info msg="Migration successfully executed" id="Add unique index user_uid" duration=1.040212ms
logger=migrator t=2026-10-06T19:49:57.217797891-03:00 level=info msg="Executing migration" id="update login field with orgid to allow for multiple service accounts with same name across orgs"
logger=migrator t=2026-10-06T19:49:57.218358392-03:00 level=info msg="Migration successfully executed" id="update login field with orgid to allow for multiple service accounts with same name across orgs" duration=563.234µs
logger=migrator t=2026-10-06T19:49:57.237167806-03:00 level=info msg="Executing migration" id="update service accounts login field orgid to appear only once"
logger=migrator t=2026-10-06T19:49:57.23801207-03:00 level=info msg="Migration successfully executed" id="update service accounts login field orgid to appear only once" duration=842.813µs
logger=migrator t=2026-10-06T19:49:57.263139675-03:00 level=info msg="Executing migration" id="update login and email fields to lowercase"
logger=migrator t=2026-10-06T19:49:57.263746307-03:00 level=info msg="Migration successfully executed" id="update login and email fields to lowercase" duration=607.329µs
logger=migrator t=2026-10-06T19:49:57.280416262-03:00 level=info msg="Executing migration" id="update login and email fields to lowercase2"
logger=migrator t=2026-10-06T19:49:57.281004159-03:00 level=info msg="Migration successfully executed" id="update login and email fields to lowercase2" duration=587.562µs
logger=migrator t=2026-10-06T19:49:57.306710581-03:00 level=info msg="Executing migration" id="create temp user table v1-7"
logger=migrator t=2026-10-06T19:49:57.307518313-03:00 level=info msg="Migration successfully executed" id="create temp user table v1-7" duration=804.984µs
logger=migrator t=2026-10-06T19:49:57.326234919-03:00 level=info msg="Executing migration" id="create index IDX_temp_user_email - v1-7"
logger=migrator t=2026-10-06T19:49:57.327134272-03:00 level=info msg="Migration successfully executed" id="create index IDX_temp_user_email - v1-7" duration=901.281µs
logger=migrator t=2026-10-06T19:49:57.347480016-03:00 level=info msg="Executing migration" id="create index IDX_temp_user_org_id - v1-7"
logger=migrator t=2026-10-06T19:49:57.348549403-03:00 level=info msg="Migration successfully executed" id="create index IDX_temp_user_org_id - v1-7" duration=1.06838ms
logger=migrator t=2026-10-06T19:49:57.36853303-03:00 level=info msg="Executing migration" id="create index IDX_temp_user_code - v1-7"
logger=migrator t=2026-10-06T19:49:57.369783555-03:00 level=info msg="Migration successfully executed" id="create index IDX_temp_user_code - v1-7" duration=1.251716ms
logger=migrator t=2026-10-06T19:49:57.389047306-03:00 level=info msg="Executing migration" id="create index IDX_temp_user_status - v1-7"
logger=migrator t=2026-10-06T19:49:57.390007073-03:00 level=info msg="Migration successfully executed" id="create index IDX_temp_user_status - v1-7" duration=961.449µs
logger=migrator t=2026-10-06T19:49:57.411524684-03:00 level=info msg="Executing migration" id="Update temp_user table charset"
logger=migrator t=2026-10-06T19:49:57.411627633-03:00 level=info msg="Migration successfully executed" id="Update temp_user table charset" duration=106.172µs
logger=migrator t=2026-10-06T19:49:57.428513962-03:00 level=info msg="Executing migration" id="drop index IDX_temp_user_email - v1"
logger=migrator t=2026-10-06T19:49:57.429665363-03:00 level=info msg="Migration successfully executed" id="drop index IDX_temp_user_email - v1" duration=1.152198ms
logger=migrator t=2026-10-06T19:49:57.452674704-03:00 level=info msg="Executing migration" id="drop index IDX_temp_user_org_id - v1"
logger=migrator t=2026-10-06T19:49:57.453868696-03:00 level=info msg="Migration successfully executed" id="drop index IDX_temp_user_org_id - v1" duration=1.19477ms
logger=migrator t=2026-10-06T19:49:57.491785287-03:00 level=info msg="Executing migration" id="drop index IDX_temp_user_code - v1"
logger=migrator t=2026-10-06T19:49:57.492948479-03:00 level=info msg="Migration successfully executed" id="drop index IDX_temp_user_code - v1" duration=1.145015ms
logger=migrator t=2026-10-06T19:49:57.517332154-03:00 level=info msg="Executing migration" id="drop index IDX_temp_user_status - v1"
logger=migrator t=2026-10-06T19:49:57.518449373-03:00 level=info msg="Migration successfully executed" id="drop index IDX_temp_user_status - v1" duration=1.118843ms
logger=migrator t=2026-10-06T19:49:57.536923489-03:00 level=info msg="Executing migration" id="Rename table temp_user to temp_user_tmp_qwerty - v1"
logger=migrator t=2026-10-06T19:49:57.539442191-03:00 level=info msg="Migration successfully executed" id="Rename table temp_user to temp_user_tmp_qwerty - v1" duration=2.519589ms
logger=migrator t=2026-10-06T19:49:57.558401175-03:00 level=info msg="Executing migration" id="create temp_user v2"
logger=migrator t=2026-10-06T19:49:57.562234053-03:00 level=info msg="Migration successfully executed" id="create temp_user v2" duration=3.833872ms
logger=migrator t=2026-10-06T19:49:57.610679189-03:00 level=info msg="Executing migration" id="create index IDX_temp_user_email - v2"
logger=migrator t=2026-10-06T19:49:57.6116788-03:00 level=info msg="Migration successfully executed" id="create index IDX_temp_user_email - v2" duration=1.002144ms
logger=migrator t=2026-10-06T19:49:57.62960732-03:00 level=info msg="Executing migration" id="create index IDX_temp_user_org_id - v2"
logger=migrator t=2026-10-06T19:49:57.630720916-03:00 level=info msg="Migration successfully executed" id="create index IDX_temp_user_org_id - v2" duration=1.114403ms
logger=migrator t=2026-10-06T19:49:57.65344143-03:00 level=info msg="Executing migration" id="create index IDX_temp_user_code - v2"
logger=migrator t=2026-10-06T19:49:57.654588746-03:00 level=info msg="Migration successfully executed" id="create index IDX_temp_user_code - v2" duration=1.167738ms
logger=migrator t=2026-10-06T19:49:57.679663753-03:00 level=info msg="Executing migration" id="create index IDX_temp_user_status - v2"
logger=migrator t=2026-10-06T19:49:57.680809628-03:00 level=info msg="Migration successfully executed" id="create index IDX_temp_user_status - v2" duration=1.146845ms
logger=migrator t=2026-10-06T19:49:57.794765623-03:00 level=info msg="Executing migration" id="copy temp_user v1 to v2"
logger=migrator t=2026-10-06T19:49:57.795443536-03:00 level=info msg="Migration successfully executed" id="copy temp_user v1 to v2" duration=678.711µs
logger=migrator t=2026-10-06T19:49:57.822804504-03:00 level=info msg="Executing migration" id="drop temp_user_tmp_qwerty"
logger=migrator t=2026-10-06T19:49:57.823628446-03:00 level=info msg="Migration successfully executed" id="drop temp_user_tmp_qwerty" duration=823.271µs
logger=migrator t=2026-10-06T19:49:57.845303328-03:00 level=info msg="Executing migration" id="Set created for temp users that will otherwise prematurely expire"
logger=migrator t=2026-10-06T19:49:57.846079511-03:00 level=info msg="Migration successfully executed" id="Set created for temp users that will otherwise prematurely expire" duration=776.258µs
logger=migrator t=2026-10-06T19:49:57.86696301-03:00 level=info msg="Executing migration" id="create star table"
logger=migrator t=2026-10-06T19:49:57.868625082-03:00 level=info msg="Migration successfully executed" id="create star table" duration=1.658783ms
logger=migrator t=2026-10-06T19:49:57.888496061-03:00 level=info msg="Executing migration" id="add unique index star.user_id_dashboard_id"
logger=migrator t=2026-10-06T19:49:57.889654497-03:00 level=info msg="Migration successfully executed" id="add unique index star.user_id_dashboard_id" duration=1.146331ms
logger=migrator t=2026-10-06T19:49:57.910878299-03:00 level=info msg="Executing migration" id="Add column dashboard_uid in star"
logger=migrator t=2026-10-06T19:49:57.913321006-03:00 level=info msg="Migration successfully executed" id="Add column dashboard_uid in star" duration=2.439083ms
logger=migrator t=2026-10-06T19:49:57.93708793-03:00 level=info msg="Executing migration" id="Add column org_id in star"
logger=migrator t=2026-10-06T19:49:57.939191686-03:00 level=info msg="Migration successfully executed" id="Add column org_id in star" duration=2.102833ms
logger=migrator t=2026-10-06T19:49:57.958949215-03:00 level=info msg="Executing migration" id="Add column updated in star"
logger=migrator t=2026-10-06T19:49:57.960501675-03:00 level=info msg="Migration successfully executed" id="Add column updated in star" duration=1.553285ms
logger=migrator t=2026-10-06T19:49:57.980643193-03:00 level=info msg="Executing migration" id="add index in star table on dashboard_uid, org_id and user_id columns"
logger=migrator t=2026-10-06T19:49:57.981958838-03:00 level=info msg="Migration successfully executed" id="add index in star table on dashboard_uid, org_id and user_id columns" duration=1.313282ms
logger=migrator t=2026-10-06T19:49:58.026614059-03:00 level=info msg="Executing migration" id="create org table v1"
logger=migrator t=2026-10-06T19:49:58.027552413-03:00 level=info msg="Migration successfully executed" id="create org table v1" duration=937.942µs
logger=migrator t=2026-10-06T19:49:58.048289226-03:00 level=info msg="Executing migration" id="create index UQE_org_name - v1"
logger=migrator t=2026-10-06T19:49:58.049394425-03:00 level=info msg="Migration successfully executed" id="create index UQE_org_name - v1" duration=1.104281ms
logger=migrator t=2026-10-06T19:49:58.077924934-03:00 level=info msg="Executing migration" id="create org_user table v1"
logger=migrator t=2026-10-06T19:49:58.079195462-03:00 level=info msg="Migration successfully executed" id="create org_user table v1" duration=1.269572ms
logger=migrator t=2026-10-06T19:49:58.100801431-03:00 level=info msg="Executing migration" id="create index IDX_org_user_org_id - v1"
logger=migrator t=2026-10-06T19:49:58.102037591-03:00 level=info msg="Migration successfully executed" id="create index IDX_org_user_org_id - v1" duration=1.231514ms
logger=migrator t=2026-10-06T19:49:58.168763857-03:00 level=info msg="Executing migration" id="create index UQE_org_user_org_id_user_id - v1"
logger=migrator t=2026-10-06T19:49:58.170327993-03:00 level=info msg="Migration successfully executed" id="create index UQE_org_user_org_id_user_id - v1" duration=1.638641ms
logger=migrator t=2026-10-06T19:49:58.209809674-03:00 level=info msg="Executing migration" id="create index IDX_org_user_user_id - v1"
logger=migrator t=2026-10-06T19:49:58.210958803-03:00 level=info msg="Migration successfully executed" id="create index IDX_org_user_user_id - v1" duration=1.149671ms
logger=migrator t=2026-10-06T19:49:58.23094736-03:00 level=info msg="Executing migration" id="Update org table charset"
logger=migrator t=2026-10-06T19:49:58.231065314-03:00 level=info msg="Migration successfully executed" id="Update org table charset" duration=121.477µs
logger=migrator t=2026-10-06T19:49:58.249399739-03:00 level=info msg="Executing migration" id="Update org_user table charset"
logger=migrator t=2026-10-06T19:49:58.249551716-03:00 level=info msg="Migration successfully executed" id="Update org_user table charset" duration=167.092µs
logger=migrator t=2026-10-06T19:49:58.273610594-03:00 level=info msg="Executing migration" id="Migrate all Read Only Viewers to Viewers"
logger=migrator t=2026-10-06T19:49:58.274105923-03:00 level=info msg="Migration successfully executed" id="Migrate all Read Only Viewers to Viewers" duration=497.968µs
logger=migrator t=2026-10-06T19:49:58.295699426-03:00 level=info msg="Executing migration" id="create dashboard table"
logger=migrator t=2026-10-06T19:49:58.297903967-03:00 level=info msg="Migration successfully executed" id="create dashboard table" duration=2.207933ms
logger=migrator t=2026-10-06T19:49:58.319207013-03:00 level=info msg="Executing migration" id="add index dashboard.account_id"
logger=migrator t=2026-10-06T19:49:58.320966709-03:00 level=info msg="Migration successfully executed" id="add index dashboard.account_id" duration=1.761258ms
logger=migrator t=2026-10-06T19:49:58.344319079-03:00 level=info msg="Executing migration" id="add unique index dashboard_account_id_slug"
logger=migrator t=2026-10-06T19:49:58.345886925-03:00 level=info msg="Migration successfully executed" id="add unique index dashboard_account_id_slug" duration=1.572712ms
logger=migrator t=2026-10-06T19:49:58.365086982-03:00 level=info msg="Executing migration" id="create dashboard_tag table"
logger=migrator t=2026-10-06T19:49:58.366440178-03:00 level=info msg="Migration successfully executed" id="create dashboard_tag table" duration=1.353271ms
logger=migrator t=2026-10-06T19:49:58.387588261-03:00 level=info msg="Executing migration" id="add unique index dashboard_tag.dasboard_id_term"
logger=migrator t=2026-10-06T19:49:58.388894297-03:00 level=info msg="Migration successfully executed" id="add unique index dashboard_tag.dasboard_id_term" duration=1.306391ms
logger=migrator t=2026-10-06T19:49:58.410979828-03:00 level=info msg="Executing migration" id="drop index UQE_dashboard_tag_dashboard_id_term - v1"
logger=migrator t=2026-10-06T19:49:58.412078874-03:00 level=info msg="Migration successfully executed" id="drop index UQE_dashboard_tag_dashboard_id_term - v1" duration=1.098726ms
logger=migrator t=2026-10-06T19:49:58.430508762-03:00 level=info msg="Executing migration" id="Rename table dashboard to dashboard_v1 - v1"
logger=migrator t=2026-10-06T19:49:58.436815605-03:00 level=info msg="Migration successfully executed" id="Rename table dashboard to dashboard_v1 - v1" duration=6.311249ms
logger=migrator t=2026-10-06T19:49:58.458741785-03:00 level=info msg="Executing migration" id="create dashboard v2"
logger=migrator t=2026-10-06T19:49:58.459876878-03:00 level=info msg="Migration successfully executed" id="create dashboard v2" duration=1.136482ms
logger=migrator t=2026-10-06T19:49:58.490408013-03:00 level=info msg="Executing migration" id="create index IDX_dashboard_org_id - v2"
logger=migrator t=2026-10-06T19:49:58.491487272-03:00 level=info msg="Migration successfully executed" id="create index IDX_dashboard_org_id - v2" duration=1.080156ms
logger=migrator t=2026-10-06T19:49:58.512474603-03:00 level=info msg="Executing migration" id="create index UQE_dashboard_org_id_slug - v2"
logger=migrator t=2026-10-06T19:49:58.513950225-03:00 level=info msg="Migration successfully executed" id="create index UQE_dashboard_org_id_slug - v2" duration=1.476673ms
logger=migrator t=2026-10-06T19:49:58.535606672-03:00 level=info msg="Executing migration" id="copy dashboard v1 to v2"
logger=migrator t=2026-10-06T19:49:58.536437914-03:00 level=info msg="Migration successfully executed" id="copy dashboard v1 to v2" duration=832.425µs
logger=migrator t=2026-10-06T19:49:58.557086269-03:00 level=info msg="Executing migration" id="drop table dashboard_v1"
logger=migrator t=2026-10-06T19:49:58.558435396-03:00 level=info msg="Migration successfully executed" id="drop table dashboard_v1" duration=1.368889ms
logger=migrator t=2026-10-06T19:49:58.575603235-03:00 level=info msg="Executing migration" id="alter dashboard.data to mediumtext v1"
logger=migrator t=2026-10-06T19:49:58.575801922-03:00 level=info msg="Migration successfully executed" id="alter dashboard.data to mediumtext v1" duration=201.241µs
logger=migrator t=2026-10-06T19:49:58.599058101-03:00 level=info msg="Executing migration" id="Add column updated_by in dashboard - v2"
logger=migrator t=2026-10-06T19:49:58.60172042-03:00 level=info msg="Migration successfully executed" id="Add column updated_by in dashboard - v2" duration=2.661937ms
logger=migrator t=2026-10-06T19:49:58.621794157-03:00 level=info msg="Executing migration" id="Add column created_by in dashboard - v2"
logger=migrator t=2026-10-06T19:49:58.623825324-03:00 level=info msg="Migration successfully executed" id="Add column created_by in dashboard - v2" duration=2.030576ms
logger=migrator t=2026-10-06T19:49:58.642881652-03:00 level=info msg="Executing migration" id="Add column gnetId in dashboard"
logger=migrator t=2026-10-06T19:49:58.644782921-03:00 level=info msg="Migration successfully executed" id="Add column gnetId in dashboard" duration=1.898172ms
logger=migrator t=2026-10-06T19:49:58.664195829-03:00 level=info msg="Executing migration" id="Add index for gnetId in dashboard"
logger=migrator t=2026-10-06T19:49:58.665887679-03:00 level=info msg="Migration successfully executed" id="Add index for gnetId in dashboard" duration=1.692377ms
logger=migrator t=2026-10-06T19:49:58.682703058-03:00 level=info msg="Executing migration" id="Add column plugin_id in dashboard"
logger=migrator t=2026-10-06T19:49:58.684438283-03:00 level=info msg="Migration successfully executed" id="Add column plugin_id in dashboard" duration=1.733173ms
logger=migrator t=2026-10-06T19:49:58.715387316-03:00 level=info msg="Executing migration" id="Add index for plugin_id in dashboard"
logger=migrator t=2026-10-06T19:49:58.71723528-03:00 level=info msg="Migration successfully executed" id="Add index for plugin_id in dashboard" duration=1.871719ms
logger=migrator t=2026-10-06T19:49:58.737972769-03:00 level=info msg="Executing migration" id="Add index for dashboard_id in dashboard_tag"
logger=migrator t=2026-10-06T19:49:58.739508437-03:00 level=info msg="Migration successfully executed" id="Add index for dashboard_id in dashboard_tag" duration=1.537837ms
logger=migrator t=2026-10-06T19:49:58.75885113-03:00 level=info msg="Executing migration" id="Update dashboard table charset"
logger=migrator t=2026-10-06T19:49:58.75899112-03:00 level=info msg="Migration successfully executed" id="Update dashboard table charset" duration=144.875µs
logger=migrator t=2026-10-06T19:49:58.782604043-03:00 level=info msg="Executing migration" id="Update dashboard_tag table charset"
logger=migrator t=2026-10-06T19:49:58.782954154-03:00 level=info msg="Migration successfully executed" id="Update dashboard_tag table charset" duration=521.303µs
logger=migrator t=2026-10-06T19:49:58.807591805-03:00 level=info msg="Executing migration" id="Add column folder_id in dashboard"
logger=migrator t=2026-10-06T19:49:58.809553174-03:00 level=info msg="Migration successfully executed" id="Add column folder_id in dashboard" duration=1.960467ms
logger=migrator t=2026-10-06T19:49:58.83197699-03:00 level=info msg="Executing migration" id="Add column isFolder in dashboard"
logger=migrator t=2026-10-06T19:49:58.834373679-03:00 level=info msg="Migration successfully executed" id="Add column isFolder in dashboard" duration=2.394538ms
logger=migrator t=2026-10-06T19:49:58.857618073-03:00 level=info msg="Executing migration" id="Add column has_acl in dashboard"
logger=migrator t=2026-10-06T19:49:58.859259286-03:00 level=info msg="Migration successfully executed" id="Add column has_acl in dashboard" duration=1.640257ms
logger=migrator t=2026-10-06T19:49:58.87998614-03:00 level=info msg="Executing migration" id="Add column uid in dashboard"
logger=migrator t=2026-10-06T19:49:58.882688475-03:00 level=info msg="Migration successfully executed" id="Add column uid in dashboard" duration=2.700181ms
logger=migrator t=2026-10-06T19:49:58.901717944-03:00 level=info msg="Executing migration" id="Update uid column values in dashboard"
logger=migrator t=2026-10-06T19:49:58.902112677-03:00 level=info msg="Migration successfully executed" id="Update uid column values in dashboard" duration=394.905µs
logger=migrator t=2026-10-06T19:49:58.924733854-03:00 level=info msg="Executing migration" id="Add unique index dashboard_org_id_uid"
logger=migrator t=2026-10-06T19:49:58.925791542-03:00 level=info msg="Migration successfully executed" id="Add unique index dashboard_org_id_uid" duration=1.05886ms
logger=migrator t=2026-10-06T19:49:58.946179088-03:00 level=info msg="Executing migration" id="Remove unique index org_id_slug"
logger=migrator t=2026-10-06T19:49:58.947650764-03:00 level=info msg="Migration successfully executed" id="Remove unique index org_id_slug" duration=1.470497ms
logger=migrator t=2026-10-06T19:49:58.966490202-03:00 level=info msg="Executing migration" id="Update dashboard title length"
logger=migrator t=2026-10-06T19:49:58.966616004-03:00 level=info msg="Migration successfully executed" id="Update dashboard title length" duration=130.088µs
logger=migrator t=2026-10-06T19:49:58.98780256-03:00 level=info msg="Executing migration" id="Add unique index for dashboard_org_id_title_folder_id"
logger=migrator t=2026-10-06T19:49:58.988768267-03:00 level=info msg="Migration successfully executed" id="Add unique index for dashboard_org_id_title_folder_id" duration=965.741µs
logger=migrator t=2026-10-06T19:49:59.008158656-03:00 level=info msg="Executing migration" id="create dashboard_provisioning"
logger=migrator t=2026-10-06T19:49:59.009099588-03:00 level=info msg="Migration successfully executed" id="create dashboard_provisioning" duration=927.222µs
logger=migrator t=2026-10-06T19:49:59.031299861-03:00 level=info msg="Executing migration" id="Rename table dashboard_provisioning to dashboard_provisioning_tmp_qwerty - v1"
logger=migrator t=2026-10-06T19:49:59.03639173-03:00 level=info msg="Migration successfully executed" id="Rename table dashboard_provisioning to dashboard_provisioning_tmp_qwerty - v1" duration=5.098901ms
logger=migrator t=2026-10-06T19:49:59.059369029-03:00 level=info msg="Executing migration" id="create dashboard_provisioning v2"
logger=migrator t=2026-10-06T19:49:59.060553674-03:00 level=info msg="Migration successfully executed" id="create dashboard_provisioning v2" duration=1.183685ms
logger=migrator t=2026-10-06T19:49:59.082924309-03:00 level=info msg="Executing migration" id="create index IDX_dashboard_provisioning_dashboard_id - v2"
logger=migrator t=2026-10-06T19:49:59.085177713-03:00 level=info msg="Migration successfully executed" id="create index IDX_dashboard_provisioning_dashboard_id - v2" duration=2.27098ms
logger=migrator t=2026-10-06T19:49:59.108159878-03:00 level=info msg="Executing migration" id="create index IDX_dashboard_provisioning_dashboard_id_name - v2"
logger=migrator t=2026-10-06T19:49:59.10971159-03:00 level=info msg="Migration successfully executed" id="create index IDX_dashboard_provisioning_dashboard_id_name - v2" duration=1.551335ms
logger=migrator t=2026-10-06T19:49:59.129626127-03:00 level=info msg="Executing migration" id="copy dashboard_provisioning v1 to v2"
logger=migrator t=2026-10-06T19:49:59.130322234-03:00 level=info msg="Migration successfully executed" id="copy dashboard_provisioning v1 to v2" duration=695.702µs
logger=migrator t=2026-10-06T19:49:59.154120004-03:00 level=info msg="Executing migration" id="drop dashboard_provisioning_tmp_qwerty"
logger=migrator t=2026-10-06T19:49:59.154972298-03:00 level=info msg="Migration successfully executed" id="drop dashboard_provisioning_tmp_qwerty" duration=851.505µs
logger=migrator t=2026-10-06T19:49:59.174437734-03:00 level=info msg="Executing migration" id="Add check_sum column"
logger=migrator t=2026-10-06T19:49:59.176613574-03:00 level=info msg="Migration successfully executed" id="Add check_sum column" duration=2.173094ms
logger=migrator t=2026-10-06T19:49:59.197741428-03:00 level=info msg="Executing migration" id="Add index for dashboard_title"
logger=migrator t=2026-10-06T19:49:59.199177207-03:00 level=info msg="Migration successfully executed" id="Add index for dashboard_title" duration=1.412028ms
logger=migrator t=2026-10-06T19:49:59.21989288-03:00 level=info msg="Executing migration" id="delete tags for deleted dashboards"
logger=migrator t=2026-10-06T19:49:59.220208842-03:00 level=info msg="Migration successfully executed" id="delete tags for deleted dashboards" duration=318.4µs
logger=migrator t=2026-10-06T19:49:59.241290008-03:00 level=info msg="Executing migration" id="delete stars for deleted dashboards"
logger=migrator t=2026-10-06T19:49:59.241646538-03:00 level=info msg="Migration successfully executed" id="delete stars for deleted dashboards" duration=360.118µs
logger=migrator t=2026-10-06T19:49:59.263801111-03:00 level=info msg="Executing migration" id="Add index for dashboard_is_folder"
logger=migrator t=2026-10-06T19:49:59.264941955-03:00 level=info msg="Migration successfully executed" id="Add index for dashboard_is_folder" duration=1.142592ms
logger=migrator t=2026-10-06T19:49:59.287311626-03:00 level=info msg="Executing migration" id="Add isPublic for dashboard"
logger=migrator t=2026-10-06T19:49:59.289287319-03:00 level=info msg="Migration successfully executed" id="Add isPublic for dashboard" duration=1.984571ms
logger=migrator t=2026-10-06T19:49:59.309761841-03:00 level=info msg="Executing migration" id="Add deleted for dashboard"
logger=migrator t=2026-10-06T19:49:59.312216648-03:00 level=info msg="Migration successfully executed" id="Add deleted for dashboard" duration=2.441074ms
logger=migrator t=2026-10-06T19:49:59.329943223-03:00 level=info msg="Executing migration" id="Add index for deleted"
logger=migrator t=2026-10-06T19:49:59.330870278-03:00 level=info msg="Migration successfully executed" id="Add index for deleted" duration=928.327µs
logger=migrator t=2026-10-06T19:49:59.352624984-03:00 level=info msg="Executing migration" id="Add column dashboard_uid in dashboard_tag"
logger=migrator t=2026-10-06T19:49:59.35437237-03:00 level=info msg="Migration successfully executed" id="Add column dashboard_uid in dashboard_tag" duration=1.73596ms
logger=migrator t=2026-10-06T19:49:59.372981733-03:00 level=info msg="Executing migration" id="Add column org_id in dashboard_tag"
logger=migrator t=2026-10-06T19:49:59.374633511-03:00 level=info msg="Migration successfully executed" id="Add column org_id in dashboard_tag" duration=1.650922ms
logger=migrator t=2026-10-06T19:49:59.393320037-03:00 level=info msg="Executing migration" id="Add missing dashboard_uid and org_id to dashboard_tag"
logger=migrator t=2026-10-06T19:49:59.393924605-03:00 level=info msg="Migration successfully executed" id="Add missing dashboard_uid and org_id to dashboard_tag" duration=605.581µs
logger=migrator t=2026-10-06T19:49:59.41754239-03:00 level=info msg="Executing migration" id="Add missing dashboard_uid and org_id to star"
logger=migrator t=2026-10-06T19:49:59.418309397-03:00 level=info msg="Migration successfully executed" id="Add missing dashboard_uid and org_id to star" duration=853.617µs
logger=migrator t=2026-10-06T19:49:59.439687546-03:00 level=info msg="Executing migration" id="create data_source table"
logger=migrator t=2026-10-06T19:49:59.440949237-03:00 level=info msg="Migration successfully executed" id="create data_source table" duration=1.264166ms
logger=migrator t=2026-10-06T19:49:59.463206619-03:00 level=info msg="Executing migration" id="add index data_source.account_id"
logger=migrator t=2026-10-06T19:49:59.464805767-03:00 level=info msg="Migration successfully executed" id="add index data_source.account_id" duration=1.583523ms
logger=migrator t=2026-10-06T19:49:59.545794875-03:00 level=info msg="Executing migration" id="add unique index data_source.account_id_name"
logger=migrator t=2026-10-06T19:49:59.54732895-03:00 level=info msg="Migration successfully executed" id="add unique index data_source.account_id_name" duration=1.532454ms
logger=migrator t=2026-10-06T19:49:59.568444697-03:00 level=info msg="Executing migration" id="drop index IDX_data_source_account_id - v1"
logger=migrator t=2026-10-06T19:49:59.569960766-03:00 level=info msg="Migration successfully executed" id="drop index IDX_data_source_account_id - v1" duration=1.517035ms
logger=migrator t=2026-10-06T19:49:59.604061784-03:00 level=info msg="Executing migration" id="drop index UQE_data_source_account_id_name - v1"
logger=migrator t=2026-10-06T19:49:59.605931192-03:00 level=info msg="Migration successfully executed" id="drop index UQE_data_source_account_id_name - v1" duration=1.871417ms
logger=migrator t=2026-10-06T19:49:59.627556241-03:00 level=info msg="Executing migration" id="Rename table data_source to data_source_v1 - v1"
logger=migrator t=2026-10-06T19:49:59.632465201-03:00 level=info msg="Migration successfully executed" id="Rename table data_source to data_source_v1 - v1" duration=4.888006ms
logger=migrator t=2026-10-06T19:49:59.656028149-03:00 level=info msg="Executing migration" id="create data_source table v2"
logger=migrator t=2026-10-06T19:49:59.657030712-03:00 level=info msg="Migration successfully executed" id="create data_source table v2" duration=1.003402ms
logger=migrator t=2026-10-06T19:49:59.677156587-03:00 level=info msg="Executing migration" id="create index IDX_data_source_org_id - v2"
logger=migrator t=2026-10-06T19:49:59.678158728-03:00 level=info msg="Migration successfully executed" id="create index IDX_data_source_org_id - v2" duration=1.003297ms
logger=migrator t=2026-10-06T19:49:59.697180618-03:00 level=info msg="Executing migration" id="create index UQE_data_source_org_id_name - v2"
logger=migrator t=2026-10-06T19:49:59.698265474-03:00 level=info msg="Migration successfully executed" id="create index UQE_data_source_org_id_name - v2" duration=1.084059ms
logger=migrator t=2026-10-06T19:49:59.7247541-03:00 level=info msg="Executing migration" id="Drop old table data_source_v1 #2"
logger=migrator t=2026-10-06T19:49:59.725488761-03:00 level=info msg="Migration successfully executed" id="Drop old table data_source_v1 #2" duration=736.249µs
logger=migrator t=2026-10-06T19:49:59.745703189-03:00 level=info msg="Executing migration" id="Add column with_credentials"
logger=migrator t=2026-10-06T19:49:59.748320536-03:00 level=info msg="Migration successfully executed" id="Add column with_credentials" duration=2.616438ms
logger=migrator t=2026-10-06T19:49:59.771625485-03:00 level=info msg="Executing migration" id="Add secure json data column"
logger=migrator t=2026-10-06T19:49:59.774547651-03:00 level=info msg="Migration successfully executed" id="Add secure json data column" duration=2.925935ms
logger=migrator t=2026-10-06T19:49:59.79382516-03:00 level=info msg="Executing migration" id="Update data_source table charset"
logger=migrator t=2026-10-06T19:49:59.793978256-03:00 level=info msg="Migration successfully executed" id="Update data_source table charset" duration=149.984µs
logger=migrator t=2026-10-06T19:49:59.815112545-03:00 level=info msg="Executing migration" id="Update initial version to 1"
logger=migrator t=2026-10-06T19:49:59.815578661-03:00 level=info msg="Migration successfully executed" id="Update initial version to 1" duration=476.182µs
logger=migrator t=2026-10-06T19:49:59.83773492-03:00 level=info msg="Executing migration" id="Add read_only data column"
logger=migrator t=2026-10-06T19:49:59.840063365-03:00 level=info msg="Migration successfully executed" id="Add read_only data column" duration=2.329331ms
logger=migrator t=2026-10-06T19:49:59.85696625-03:00 level=info msg="Executing migration" id="Migrate logging ds to loki ds"
logger=migrator t=2026-10-06T19:49:59.857429954-03:00 level=info msg="Migration successfully executed" id="Migrate logging ds to loki ds" duration=463.914µs
logger=migrator t=2026-10-06T19:49:59.877891015-03:00 level=info msg="Executing migration" id="Update json_data with nulls"
logger=migrator t=2026-10-06T19:49:59.878237096-03:00 level=info msg="Migration successfully executed" id="Update json_data with nulls" duration=346.751µs
logger=migrator t=2026-10-06T19:49:59.898196736-03:00 level=info msg="Executing migration" id="Add uid column"
logger=migrator t=2026-10-06T19:49:59.90111455-03:00 level=info msg="Migration successfully executed" id="Add uid column" duration=2.915465ms
logger=migrator t=2026-10-06T19:49:59.918890256-03:00 level=info msg="Executing migration" id="Update uid value"
logger=migrator t=2026-10-06T19:49:59.919229605-03:00 level=info msg="Migration successfully executed" id="Update uid value" duration=341.613µs
logger=migrator t=2026-10-06T19:49:59.942117359-03:00 level=info msg="Executing migration" id="Add unique index datasource_org_id_uid"
logger=migrator t=2026-10-06T19:49:59.942964846-03:00 level=info msg="Migration successfully executed" id="Add unique index datasource_org_id_uid" duration=849.178µs
logger=migrator t=2026-10-06T19:49:59.96425558-03:00 level=info msg="Executing migration" id="add unique index datasource_org_id_is_default"
logger=migrator t=2026-10-06T19:49:59.965900587-03:00 level=info msg="Migration successfully executed" id="add unique index datasource_org_id_is_default" duration=1.643221ms
logger=migrator t=2026-10-06T19:49:59.988044585-03:00 level=info msg="Executing migration" id="Add is_prunable column"
logger=migrator t=2026-10-06T19:49:59.989946614-03:00 level=info msg="Migration successfully executed" id="Add is_prunable column" duration=1.901892ms
logger=migrator t=2026-10-06T19:50:00.013281869-03:00 level=info msg="Executing migration" id="Add api_version column"
logger=migrator t=2026-10-06T19:50:00.017128899-03:00 level=info msg="Migration successfully executed" id="Add api_version column" duration=3.841498ms
logger=migrator t=2026-10-06T19:50:00.037616867-03:00 level=info msg="Executing migration" id="create api_key table"
logger=migrator t=2026-10-06T19:50:00.038636496-03:00 level=info msg="Migration successfully executed" id="create api_key table" duration=1.018424ms
logger=migrator t=2026-10-06T19:50:00.059271984-03:00 level=info msg="Executing migration" id="add index api_key.account_id"
logger=migrator t=2026-10-06T19:50:00.060656817-03:00 level=info msg="Migration successfully executed" id="add index api_key.account_id" duration=1.386083ms
logger=migrator t=2026-10-06T19:50:00.08097135-03:00 level=info msg="Executing migration" id="add index api_key.key"
logger=migrator t=2026-10-06T19:50:00.082348922-03:00 level=info msg="Migration successfully executed" id="add index api_key.key" duration=1.378252ms
logger=migrator t=2026-10-06T19:50:00.106201249-03:00 level=info msg="Executing migration" id="add index api_key.account_id_name"
logger=migrator t=2026-10-06T19:50:00.107416111-03:00 level=info msg="Migration successfully executed" id="add index api_key.account_id_name" duration=1.211707ms
logger=migrator t=2026-10-06T19:50:00.127110656-03:00 level=info msg="Executing migration" id="drop index IDX_api_key_account_id - v1"
logger=migrator t=2026-10-06T19:50:00.128539086-03:00 level=info msg="Migration successfully executed" id="drop index IDX_api_key_account_id - v1" duration=1.428409ms
logger=migrator t=2026-10-06T19:50:00.148316455-03:00 level=info msg="Executing migration" id="drop index UQE_api_key_key - v1"
logger=migrator t=2026-10-06T19:50:00.149665033-03:00 level=info msg="Migration successfully executed" id="drop index UQE_api_key_key - v1" duration=1.350264ms
logger=migrator t=2026-10-06T19:50:00.172240649-03:00 level=info msg="Executing migration" id="drop index UQE_api_key_account_id_name - v1"
logger=migrator t=2026-10-06T19:50:00.173627423-03:00 level=info msg="Migration successfully executed" id="drop index UQE_api_key_account_id_name - v1" duration=1.393834ms
logger=migrator t=2026-10-06T19:50:00.193589203-03:00 level=info msg="Executing migration" id="Rename table api_key to api_key_v1 - v1"
logger=migrator t=2026-10-06T19:50:00.200567083-03:00 level=info msg="Migration successfully executed" id="Rename table api_key to api_key_v1 - v1" duration=6.975717ms
logger=migrator t=2026-10-06T19:50:00.219974201-03:00 level=info msg="Executing migration" id="create api_key table v2"
logger=migrator t=2026-10-06T19:50:00.221313905-03:00 level=info msg="Migration successfully executed" id="create api_key table v2" duration=1.338338ms
logger=migrator t=2026-10-06T19:50:00.243049185-03:00 level=info msg="Executing migration" id="create index IDX_api_key_org_id - v2"
logger=migrator t=2026-10-06T19:50:00.244102006-03:00 level=info msg="Migration successfully executed" id="create index IDX_api_key_org_id - v2" duration=1.052255ms
logger=migrator t=2026-10-06T19:50:00.261186175-03:00 level=info msg="Executing migration" id="create index UQE_api_key_key - v2"
logger=migrator t=2026-10-06T19:50:00.262341515-03:00 level=info msg="Migration successfully executed" id="create index UQE_api_key_key - v2" duration=1.155167ms
logger=migrator t=2026-10-06T19:50:00.280619427-03:00 level=info msg="Executing migration" id="create index UQE_api_key_org_id_name - v2"
logger=migrator t=2026-10-06T19:50:00.281970765-03:00 level=info msg="Migration successfully executed" id="create index UQE_api_key_org_id_name - v2" duration=1.351846ms
logger=migrator t=2026-10-06T19:50:00.303100745-03:00 level=info msg="Executing migration" id="copy api_key v1 to v2"
logger=migrator t=2026-10-06T19:50:00.303884134-03:00 level=info msg="Migration successfully executed" id="copy api_key v1 to v2" duration=782.852µs
logger=migrator t=2026-10-06T19:50:00.319621096-03:00 level=info msg="Executing migration" id="Drop old table api_key_v1"
logger=migrator t=2026-10-06T19:50:00.320416782-03:00 level=info msg="Migration successfully executed" id="Drop old table api_key_v1" duration=794.27µs
logger=migrator t=2026-10-06T19:50:00.340270594-03:00 level=info msg="Executing migration" id="Update api_key table charset"
logger=migrator t=2026-10-06T19:50:00.340388778-03:00 level=info msg="Migration successfully executed" id="Update api_key table charset" duration=121.686µs
logger=migrator t=2026-10-06T19:50:00.359626346-03:00 level=info msg="Executing migration" id="Add expires to api_key table"
logger=migrator t=2026-10-06T19:50:00.362421914-03:00 level=info msg="Migration successfully executed" id="Add expires to api_key table" duration=2.792408ms
logger=migrator t=2026-10-06T19:50:00.392529095-03:00 level=info msg="Executing migration" id="Add service account foreign key"
logger=migrator t=2026-10-06T19:50:00.395729312-03:00 level=info msg="Migration successfully executed" id="Add service account foreign key" duration=3.19842ms
logger=migrator t=2026-10-06T19:50:00.412843148-03:00 level=info msg="Executing migration" id="set service account foreign key to nil if 0"
logger=migrator t=2026-10-06T19:50:00.413201231-03:00 level=info msg="Migration successfully executed" id="set service account foreign key to nil if 0" duration=360.42µs
logger=migrator t=2026-10-06T19:50:00.433890417-03:00 level=info msg="Executing migration" id="Add last_used_at to api_key table"
logger=migrator t=2026-10-06T19:50:00.437047936-03:00 level=info msg="Migration successfully executed" id="Add last_used_at to api_key table" duration=3.151228ms
logger=migrator t=2026-10-06T19:50:00.456949825-03:00 level=info msg="Executing migration" id="Add is_revoked column to api_key table"
logger=migrator t=2026-10-06T19:50:00.459483131-03:00 level=info msg="Migration successfully executed" id="Add is_revoked column to api_key table" duration=2.531624ms
logger=migrator t=2026-10-06T19:50:00.486142029-03:00 level=info msg="Executing migration" id="create dashboard_snapshot table v4"
logger=migrator t=2026-10-06T19:50:00.487334962-03:00 level=info msg="Migration successfully executed" id="create dashboard_snapshot table v4" duration=1.192936ms
logger=migrator t=2026-10-06T19:50:00.510625085-03:00 level=info msg="Executing migration" id="drop table dashboard_snapshot_v4 #1"
logger=migrator t=2026-10-06T19:50:00.512256543-03:00 level=info msg="Migration successfully executed" id="drop table dashboard_snapshot_v4 #1" duration=1.626564ms
logger=migrator t=2026-10-06T19:50:00.531472263-03:00 level=info msg="Executing migration" id="create dashboard_snapshot table v5 #2"
logger=migrator t=2026-10-06T19:50:00.532825536-03:00 level=info msg="Migration successfully executed" id="create dashboard_snapshot table v5 #2" duration=1.351397ms
logger=migrator t=2026-10-06T19:50:00.551359221-03:00 level=info msg="Executing migration" id="create index UQE_dashboard_snapshot_key - v5"
logger=migrator t=2026-10-06T19:50:00.552529464-03:00 level=info msg="Migration successfully executed" id="create index UQE_dashboard_snapshot_key - v5" duration=1.170296ms
logger=migrator t=2026-10-06T19:50:00.570542079-03:00 level=info msg="Executing migration" id="create index UQE_dashboard_snapshot_delete_key - v5"
logger=migrator t=2026-10-06T19:50:00.571599716-03:00 level=info msg="Migration successfully executed" id="create index UQE_dashboard_snapshot_delete_key - v5" duration=1.058837ms
logger=migrator t=2026-10-06T19:50:00.589448854-03:00 level=info msg="Executing migration" id="create index IDX_dashboard_snapshot_user_id - v5"
logger=migrator t=2026-10-06T19:50:00.590357341-03:00 level=info msg="Migration successfully executed" id="create index IDX_dashboard_snapshot_user_id - v5" duration=909.652µs
logger=migrator t=2026-10-06T19:50:00.62438724-03:00 level=info msg="Executing migration" id="alter dashboard_snapshot to mediumtext v2"
logger=migrator t=2026-10-06T19:50:00.624524548-03:00 level=info msg="Migration successfully executed" id="alter dashboard_snapshot to mediumtext v2" duration=140.531µs
logger=migrator t=2026-10-06T19:50:00.643221932-03:00 level=info msg="Executing migration" id="Update dashboard_snapshot table charset"
logger=migrator t=2026-10-06T19:50:00.643324881-03:00 level=info msg="Migration successfully executed" id="Update dashboard_snapshot table charset" duration=88.37µs
logger=migrator t=2026-10-06T19:50:00.660827325-03:00 level=info msg="Executing migration" id="Add column external_delete_url to dashboard_snapshots table"
logger=migrator t=2026-10-06T19:50:00.663123046-03:00 level=info msg="Migration successfully executed" id="Add column external_delete_url to dashboard_snapshots table" duration=2.294155ms
logger=migrator t=2026-10-06T19:50:00.68748847-03:00 level=info msg="Executing migration" id="Add encrypted dashboard json column"
logger=migrator t=2026-10-06T19:50:00.689729268-03:00 level=info msg="Migration successfully executed" id="Add encrypted dashboard json column" duration=2.241313ms
logger=migrator t=2026-10-06T19:50:00.707234122-03:00 level=info msg="Executing migration" id="Change dashboard_encrypted column to MEDIUMBLOB"
logger=migrator t=2026-10-06T19:50:00.70745967-03:00 level=info msg="Migration successfully executed" id="Change dashboard_encrypted column to MEDIUMBLOB" duration=228.953µs
logger=migrator t=2026-10-06T19:50:00.731899405-03:00 level=info msg="Executing migration" id="create quota table v1"
logger=migrator t=2026-10-06T19:50:00.733244947-03:00 level=info msg="Migration successfully executed" id="create quota table v1" duration=1.343532ms
logger=migrator t=2026-10-06T19:50:00.753780844-03:00 level=info msg="Executing migration" id="create index UQE_quota_org_id_user_id_target - v1"
logger=migrator t=2026-10-06T19:50:00.755983606-03:00 level=info msg="Migration successfully executed" id="create index UQE_quota_org_id_user_id_target - v1" duration=2.222408ms
logger=migrator t=2026-10-06T19:50:00.775032781-03:00 level=info msg="Executing migration" id="Update quota table charset"
logger=migrator t=2026-10-06T19:50:00.775153744-03:00 level=info msg="Migration successfully executed" id="Update quota table charset" duration=125.366µs
logger=migrator t=2026-10-06T19:50:00.804474912-03:00 level=info msg="Executing migration" id="create plugin_setting table"
logger=migrator t=2026-10-06T19:50:00.805834286-03:00 level=info msg="Migration successfully executed" id="create plugin_setting table" duration=1.357057ms
logger=migrator t=2026-10-06T19:50:00.828058046-03:00 level=info msg="Executing migration" id="create index UQE_plugin_setting_org_id_plugin_id - v1"
logger=migrator t=2026-10-06T19:50:00.829658274-03:00 level=info msg="Migration successfully executed" id="create index UQE_plugin_setting_org_id_plugin_id - v1" duration=1.600906ms
logger=migrator t=2026-10-06T19:50:00.852999336-03:00 level=info msg="Executing migration" id="Add column plugin_version to plugin_settings"
logger=migrator t=2026-10-06T19:50:00.857107205-03:00 level=info msg="Migration successfully executed" id="Add column plugin_version to plugin_settings" duration=4.102437ms
logger=migrator t=2026-10-06T19:50:00.887391428-03:00 level=info msg="Executing migration" id="Update plugin_setting table charset"
logger=migrator t=2026-10-06T19:50:00.887653389-03:00 level=info msg="Migration successfully executed" id="Update plugin_setting table charset" duration=273.399µs
logger=migrator t=2026-10-06T19:50:00.909991445-03:00 level=info msg="Executing migration" id="update NULL org_id to 1"
logger=migrator t=2026-10-06T19:50:00.910540867-03:00 level=info msg="Migration successfully executed" id="update NULL org_id to 1" duration=551.061µs
logger=migrator t=2026-10-06T19:50:00.933542264-03:00 level=info msg="Executing migration" id="make org_id NOT NULL and DEFAULT VALUE 1"
logger=migrator t=2026-10-06T19:50:00.945797825-03:00 level=info msg="Migration successfully executed" id="make org_id NOT NULL and DEFAULT VALUE 1" duration=12.252373ms
logger=migrator t=2026-10-06T19:50:00.968234199-03:00 level=info msg="Executing migration" id="create session table"
logger=migrator t=2026-10-06T19:50:00.969247511-03:00 level=info msg="Migration successfully executed" id="create session table" duration=1.013004ms
logger=migrator t=2026-10-06T19:50:00.987354114-03:00 level=info msg="Executing migration" id="Drop old table playlist table"
logger=migrator t=2026-10-06T19:50:00.987553507-03:00 level=info msg="Migration successfully executed" id="Drop old table playlist table" duration=202.077µs
logger=migrator t=2026-10-06T19:50:01.006978578-03:00 level=info msg="Executing migration" id="Drop old table playlist_item table"
logger=migrator t=2026-10-06T19:50:01.007155498-03:00 level=info msg="Migration successfully executed" id="Drop old table playlist_item table" duration=179.575µs
logger=migrator t=2026-10-06T19:50:01.025672953-03:00 level=info msg="Executing migration" id="create playlist table v2"
logger=migrator t=2026-10-06T19:50:01.027337868-03:00 level=info msg="Migration successfully executed" id="create playlist table v2" duration=1.643982ms
logger=migrator t=2026-10-06T19:50:01.046852565-03:00 level=info msg="Executing migration" id="create playlist item table v2"
logger=migrator t=2026-10-06T19:50:01.047825791-03:00 level=info msg="Migration successfully executed" id="create playlist item table v2" duration=994.842µs
logger=migrator t=2026-10-06T19:50:01.066772016-03:00 level=info msg="Executing migration" id="Update playlist table charset"
logger=migrator t=2026-10-06T19:50:01.066887246-03:00 level=info msg="Migration successfully executed" id="Update playlist table charset" duration=136.762µs
logger=migrator t=2026-10-06T19:50:01.082336547-03:00 level=info msg="Executing migration" id="Update playlist_item table charset"
logger=migrator t=2026-10-06T19:50:01.082425738-03:00 level=info msg="Migration successfully executed" id="Update playlist_item table charset" duration=98.325µs
logger=migrator t=2026-10-06T19:50:01.103850688-03:00 level=info msg="Executing migration" id="Add playlist column created_at"
logger=migrator t=2026-10-06T19:50:01.106876528-03:00 level=info msg="Migration successfully executed" id="Add playlist column created_at" duration=3.023838ms
logger=migrator t=2026-10-06T19:50:01.122387184-03:00 level=info msg="Executing migration" id="Add playlist column updated_at"
logger=migrator t=2026-10-06T19:50:01.126679302-03:00 level=info msg="Migration successfully executed" id="Add playlist column updated_at" duration=4.2916ms
logger=migrator t=2026-10-06T19:50:01.146297815-03:00 level=info msg="Executing migration" id="drop preferences table v2"
logger=migrator t=2026-10-06T19:50:01.146453883-03:00 level=info msg="Migration successfully executed" id="drop preferences table v2" duration=158.527µs
logger=migrator t=2026-10-06T19:50:01.16849249-03:00 level=info msg="Executing migration" id="drop preferences table v3"
logger=migrator t=2026-10-06T19:50:01.168749945-03:00 level=info msg="Migration successfully executed" id="drop preferences table v3" duration=259.823µs
logger=migrator t=2026-10-06T19:50:01.191134411-03:00 level=info msg="Executing migration" id="create preferences table v3"
logger=migrator t=2026-10-06T19:50:01.194039242-03:00 level=info msg="Migration successfully executed" id="create preferences table v3" duration=2.878487ms
logger=migrator t=2026-10-06T19:50:01.213072533-03:00 level=info msg="Executing migration" id="Update preferences table charset"
logger=migrator t=2026-10-06T19:50:01.213177984-03:00 level=info msg="Migration successfully executed" id="Update preferences table charset" duration=109.324µs
logger=migrator t=2026-10-06T19:50:01.233237718-03:00 level=info msg="Executing migration" id="Add column team_id in preferences"
logger=migrator t=2026-10-06T19:50:01.236355195-03:00 level=info msg="Migration successfully executed" id="Add column team_id in preferences" duration=3.116134ms
logger=migrator t=2026-10-06T19:50:01.256887889-03:00 level=info msg="Executing migration" id="Update team_id column values in preferences"
logger=migrator t=2026-10-06T19:50:01.257608195-03:00 level=info msg="Migration successfully executed" id="Update team_id column values in preferences" duration=720.633µs
logger=migrator t=2026-10-06T19:50:01.284933079-03:00 level=info msg="Executing migration" id="Add column week_start in preferences"
logger=migrator t=2026-10-06T19:50:01.288666223-03:00 level=info msg="Migration successfully executed" id="Add column week_start in preferences" duration=3.72791ms
logger=migrator t=2026-10-06T19:50:01.313186442-03:00 level=info msg="Executing migration" id="Add column preferences.json_data"
logger=migrator t=2026-10-06T19:50:01.317416558-03:00 level=info msg="Migration successfully executed" id="Add column preferences.json_data" duration=4.210126ms
logger=migrator t=2026-10-06T19:50:01.337954497-03:00 level=info msg="Executing migration" id="alter preferences.json_data to mediumtext v1"
logger=migrator t=2026-10-06T19:50:01.338127473-03:00 level=info msg="Migration successfully executed" id="alter preferences.json_data to mediumtext v1" duration=175.999µs
logger=migrator t=2026-10-06T19:50:01.361769959-03:00 level=info msg="Executing migration" id="Add preferences index org_id"
logger=migrator t=2026-10-06T19:50:01.362809495-03:00 level=info msg="Migration successfully executed" id="Add preferences index org_id" duration=1.041784ms
logger=migrator t=2026-10-06T19:50:01.381640756-03:00 level=info msg="Executing migration" id="Add preferences index user_id"
logger=migrator t=2026-10-06T19:50:01.383341493-03:00 level=info msg="Migration successfully executed" id="Add preferences index user_id" duration=1.701162ms
logger=migrator t=2026-10-06T19:50:01.408512782-03:00 level=info msg="Executing migration" id="create alert table v1"
logger=migrator t=2026-10-06T19:50:01.410158453-03:00 level=info msg="Migration successfully executed" id="create alert table v1" duration=1.646924ms
logger=migrator t=2026-10-06T19:50:01.432001674-03:00 level=info msg="Executing migration" id="add index alert org_id & id "
logger=migrator t=2026-10-06T19:50:01.433745495-03:00 level=info msg="Migration successfully executed" id="add index alert org_id & id " duration=1.743313ms
logger=migrator t=2026-10-06T19:50:01.450534252-03:00 level=info msg="Executing migration" id="add index alert state"
logger=migrator t=2026-10-06T19:50:01.451913221-03:00 level=info msg="Migration successfully executed" id="add index alert state" duration=1.388719ms
logger=migrator t=2026-10-06T19:50:01.472804508-03:00 level=info msg="Executing migration" id="add index alert dashboard_id"
logger=migrator t=2026-10-06T19:50:01.473692077-03:00 level=info msg="Migration successfully executed" id="add index alert dashboard_id" duration=888.555µs
logger=migrator t=2026-10-06T19:50:01.492235254-03:00 level=info msg="Executing migration" id="Create alert_rule_tag table v1"
logger=migrator t=2026-10-06T19:50:01.493710507-03:00 level=info msg="Migration successfully executed" id="Create alert_rule_tag table v1" duration=1.475038ms
logger=migrator t=2026-10-06T19:50:01.513753081-03:00 level=info msg="Executing migration" id="Add unique index alert_rule_tag.alert_id_tag_id"
logger=migrator t=2026-10-06T19:50:01.515101566-03:00 level=info msg="Migration successfully executed" id="Add unique index alert_rule_tag.alert_id_tag_id" duration=1.346605ms
logger=migrator t=2026-10-06T19:50:01.538839503-03:00 level=info msg="Executing migration" id="drop index UQE_alert_rule_tag_alert_id_tag_id - v1"
logger=migrator t=2026-10-06T19:50:01.539855133-03:00 level=info msg="Migration successfully executed" id="drop index UQE_alert_rule_tag_alert_id_tag_id - v1" duration=1.016404ms
logger=migrator t=2026-10-06T19:50:01.557729631-03:00 level=info msg="Executing migration" id="Rename table alert_rule_tag to alert_rule_tag_v1 - v1"
logger=migrator t=2026-10-06T19:50:01.572176627-03:00 level=info msg="Migration successfully executed" id="Rename table alert_rule_tag to alert_rule_tag_v1 - v1" duration=14.445421ms
logger=migrator t=2026-10-06T19:50:01.591330906-03:00 level=info msg="Executing migration" id="Create alert_rule_tag table v2"
logger=migrator t=2026-10-06T19:50:01.592337596-03:00 level=info msg="Migration successfully executed" id="Create alert_rule_tag table v2" duration=1.007694ms
logger=migrator t=2026-10-06T19:50:01.622052041-03:00 level=info msg="Executing migration" id="create index UQE_alert_rule_tag_alert_id_tag_id - Add unique index alert_rule_tag.alert_id_tag_id V2"
logger=migrator t=2026-10-06T19:50:01.623506242-03:00 level=info msg="Migration successfully executed" id="create index UQE_alert_rule_tag_alert_id_tag_id - Add unique index alert_rule_tag.alert_id_tag_id V2" duration=1.455175ms
logger=migrator t=2026-10-06T19:50:01.645393395-03:00 level=info msg="Executing migration" id="copy alert_rule_tag v1 to v2"
logger=migrator t=2026-10-06T19:50:01.645941485-03:00 level=info msg="Migration successfully executed" id="copy alert_rule_tag v1 to v2" duration=548.335µs
logger=migrator t=2026-10-06T19:50:01.662670342-03:00 level=info msg="Executing migration" id="drop table alert_rule_tag_v1"
logger=migrator t=2026-10-06T19:50:01.663612005-03:00 level=info msg="Migration successfully executed" id="drop table alert_rule_tag_v1" duration=940.529µs
logger=migrator t=2026-10-06T19:50:01.682311735-03:00 level=info msg="Executing migration" id="create alert_notification table v1"
logger=migrator t=2026-10-06T19:50:01.683461036-03:00 level=info msg="Migration successfully executed" id="create alert_notification table v1" duration=1.151153ms
logger=migrator t=2026-10-06T19:50:01.707366595-03:00 level=info msg="Executing migration" id="Add column is_default"
logger=migrator t=2026-10-06T19:50:01.71016533-03:00 level=info msg="Migration successfully executed" id="Add column is_default" duration=2.798699ms
logger=migrator t=2026-10-06T19:50:01.725421374-03:00 level=info msg="Executing migration" id="Add column frequency"
logger=migrator t=2026-10-06T19:50:01.729316246-03:00 level=info msg="Migration successfully executed" id="Add column frequency" duration=3.89311ms
logger=migrator t=2026-10-06T19:50:01.748918901-03:00 level=info msg="Executing migration" id="Add column send_reminder"
logger=migrator t=2026-10-06T19:50:01.752679987-03:00 level=info msg="Migration successfully executed" id="Add column send_reminder" duration=3.759938ms
logger=migrator t=2026-10-06T19:50:01.771926914-03:00 level=info msg="Executing migration" id="Add column disable_resolve_message"
logger=migrator t=2026-10-06T19:50:01.774863647-03:00 level=info msg="Migration successfully executed" id="Add column disable_resolve_message" duration=2.936951ms
logger=migrator t=2026-10-06T19:50:01.790602487-03:00 level=info msg="Executing migration" id="add index alert_notification org_id & name"
logger=migrator t=2026-10-06T19:50:01.791764484-03:00 level=info msg="Migration successfully executed" id="add index alert_notification org_id & name" duration=1.163208ms
logger=migrator t=2026-10-06T19:50:01.815199454-03:00 level=info msg="Executing migration" id="Update alert table charset"
logger=migrator t=2026-10-06T19:50:01.815296033-03:00 level=info msg="Migration successfully executed" id="Update alert table charset" duration=99.268µs
logger=migrator t=2026-10-06T19:50:01.832239148-03:00 level=info msg="Executing migration" id="Update alert_notification table charset"
logger=migrator t=2026-10-06T19:50:01.832357158-03:00 level=info msg="Migration successfully executed" id="Update alert_notification table charset" duration=138.028µs
logger=migrator t=2026-10-06T19:50:01.849785741-03:00 level=info msg="Executing migration" id="create notification_journal table v1"
logger=migrator t=2026-10-06T19:50:01.850885037-03:00 level=info msg="Migration successfully executed" id="create notification_journal table v1" duration=1.100508ms
logger=migrator t=2026-10-06T19:50:01.870633782-03:00 level=info msg="Executing migration" id="add index notification_journal org_id & alert_id & notifier_id"
logger=migrator t=2026-10-06T19:50:01.872990353-03:00 level=info msg="Migration successfully executed" id="add index notification_journal org_id & alert_id & notifier_id" duration=2.35302ms
logger=migrator t=2026-10-06T19:50:01.891046344-03:00 level=info msg="Executing migration" id="drop alert_notification_journal"
logger=migrator t=2026-10-06T19:50:01.892187614-03:00 level=info msg="Migration successfully executed" id="drop alert_notification_journal" duration=1.139105ms
logger=migrator t=2026-10-06T19:50:01.913283278-03:00 level=info msg="Executing migration" id="create alert_notification_state table v1"
logger=migrator t=2026-10-06T19:50:01.914536036-03:00 level=info msg="Migration successfully executed" id="create alert_notification_state table v1" duration=1.25093ms
logger=migrator t=2026-10-06T19:50:01.930715697-03:00 level=info msg="Executing migration" id="add index alert_notification_state org_id & alert_id & notifier_id"
logger=migrator t=2026-10-06T19:50:01.932182081-03:00 level=info msg="Migration successfully executed" id="add index alert_notification_state org_id & alert_id & notifier_id" duration=1.464803ms
logger=migrator t=2026-10-06T19:50:01.951989441-03:00 level=info msg="Executing migration" id="Add for to alert table"
logger=migrator t=2026-10-06T19:50:01.956430955-03:00 level=info msg="Migration successfully executed" id="Add for to alert table" duration=4.454084ms
logger=migrator t=2026-10-06T19:50:01.975319863-03:00 level=info msg="Executing migration" id="Add column uid in alert_notification"
logger=migrator t=2026-10-06T19:50:01.979716971-03:00 level=info msg="Migration successfully executed" id="Add column uid in alert_notification" duration=4.393776ms
logger=migrator t=2026-10-06T19:50:01.998483783-03:00 level=info msg="Executing migration" id="Update uid column values in alert_notification"
logger=migrator t=2026-10-06T19:50:01.998880607-03:00 level=info msg="Migration successfully executed" id="Update uid column values in alert_notification" duration=398.044µs
logger=migrator t=2026-10-06T19:50:02.019841286-03:00 level=info msg="Executing migration" id="Add unique index alert_notification_org_id_uid"
logger=migrator t=2026-10-06T19:50:02.021246604-03:00 level=info msg="Migration successfully executed" id="Add unique index alert_notification_org_id_uid" duration=1.400904ms
logger=migrator t=2026-10-06T19:50:02.040803898-03:00 level=info msg="Executing migration" id="Remove unique index org_id_name"
logger=migrator t=2026-10-06T19:50:02.04208041-03:00 level=info msg="Migration successfully executed" id="Remove unique index org_id_name" duration=1.27934ms
logger=migrator t=2026-10-06T19:50:02.070199669-03:00 level=info msg="Executing migration" id="Add column secure_settings in alert_notification"
logger=migrator t=2026-10-06T19:50:02.074926816-03:00 level=info msg="Migration successfully executed" id="Add column secure_settings in alert_notification" duration=4.723522ms
logger=migrator t=2026-10-06T19:50:02.09105476-03:00 level=info msg="Executing migration" id="alter alert.settings to mediumtext"
logger=migrator t=2026-10-06T19:50:02.091256286-03:00 level=info msg="Migration successfully executed" id="alter alert.settings to mediumtext" duration=191.704µs
logger=migrator t=2026-10-06T19:50:02.118198915-03:00 level=info msg="Executing migration" id="Add non-unique index alert_notification_state_alert_id"
logger=migrator t=2026-10-06T19:50:02.119275419-03:00 level=info msg="Migration successfully executed" id="Add non-unique index alert_notification_state_alert_id" duration=1.076538ms
logger=migrator t=2026-10-06T19:50:02.140859453-03:00 level=info msg="Executing migration" id="Add non-unique index alert_rule_tag_alert_id"
logger=migrator t=2026-10-06T19:50:02.142315001-03:00 level=info msg="Migration successfully executed" id="Add non-unique index alert_rule_tag_alert_id" duration=1.457577ms
logger=migrator t=2026-10-06T19:50:02.161904004-03:00 level=info msg="Executing migration" id="Drop old annotation table v4"
logger=migrator t=2026-10-06T19:50:02.162106318-03:00 level=info msg="Migration successfully executed" id="Drop old annotation table v4" duration=206.73µs
logger=migrator t=2026-10-06T19:50:02.191211698-03:00 level=info msg="Executing migration" id="create annotation table v5"
logger=migrator t=2026-10-06T19:50:02.192623204-03:00 level=info msg="Migration successfully executed" id="create annotation table v5" duration=1.408845ms
logger=migrator t=2026-10-06T19:50:02.229238565-03:00 level=info msg="Executing migration" id="add index annotation 0 v3"
logger=migrator t=2026-10-06T19:50:02.230738206-03:00 level=info msg="Migration successfully executed" id="add index annotation 0 v3" duration=1.519719ms
logger=migrator t=2026-10-06T19:50:02.253300985-03:00 level=info msg="Executing migration" id="add index annotation 1 v3"
logger=migrator t=2026-10-06T19:50:02.254931054-03:00 level=info msg="Migration successfully executed" id="add index annotation 1 v3" duration=1.627926ms
logger=migrator t=2026-10-06T19:50:02.272968115-03:00 level=info msg="Executing migration" id="add index annotation 2 v3"
logger=migrator t=2026-10-06T19:50:02.274484591-03:00 level=info msg="Migration successfully executed" id="add index annotation 2 v3" duration=1.5181ms
logger=migrator t=2026-10-06T19:50:02.292630407-03:00 level=info msg="Executing migration" id="add index annotation 3 v3"
logger=migrator t=2026-10-06T19:50:02.294129757-03:00 level=info msg="Migration successfully executed" id="add index annotation 3 v3" duration=1.498754ms
logger=migrator t=2026-10-06T19:50:02.317969771-03:00 level=info msg="Executing migration" id="add index annotation 4 v3"
logger=migrator t=2026-10-06T19:50:02.319592734-03:00 level=info msg="Migration successfully executed" id="add index annotation 4 v3" duration=1.620477ms
logger=migrator t=2026-10-06T19:50:02.341422295-03:00 level=info msg="Executing migration" id="Update annotation table charset"
logger=migrator t=2026-10-06T19:50:02.341574796-03:00 level=info msg="Migration successfully executed" id="Update annotation table charset" duration=156.756µs
logger=migrator t=2026-10-06T19:50:02.364515311-03:00 level=info msg="Executing migration" id="Add column region_id to annotation table"
logger=migrator t=2026-10-06T19:50:02.369281301-03:00 level=info msg="Migration successfully executed" id="Add column region_id to annotation table" duration=4.762664ms
logger=migrator t=2026-10-06T19:50:02.392155341-03:00 level=info msg="Executing migration" id="Drop category_id index"
logger=migrator t=2026-10-06T19:50:02.393471143-03:00 level=info msg="Migration successfully executed" id="Drop category_id index" duration=1.315966ms
logger=migrator t=2026-10-06T19:50:02.458677584-03:00 level=info msg="Executing migration" id="Add column tags to annotation table"
logger=migrator t=2026-10-06T19:50:02.463628949-03:00 level=info msg="Migration successfully executed" id="Add column tags to annotation table" duration=4.944256ms
logger=migrator t=2026-10-06T19:50:02.491996558-03:00 level=info msg="Executing migration" id="Create annotation_tag table v2"
logger=migrator t=2026-10-06T19:50:02.493312503-03:00 level=info msg="Migration successfully executed" id="Create annotation_tag table v2" duration=1.314944ms
logger=migrator t=2026-10-06T19:50:02.520743749-03:00 level=info msg="Executing migration" id="Add unique index annotation_tag.annotation_id_tag_id"
logger=migrator t=2026-10-06T19:50:02.523163353-03:00 level=info msg="Migration successfully executed" id="Add unique index annotation_tag.annotation_id_tag_id" duration=2.407096ms
logger=migrator t=2026-10-06T19:50:02.542603637-03:00 level=info msg="Executing migration" id="drop index UQE_annotation_tag_annotation_id_tag_id - v2"
logger=migrator t=2026-10-06T19:50:02.54396384-03:00 level=info msg="Migration successfully executed" id="drop index UQE_annotation_tag_annotation_id_tag_id - v2" duration=1.37172ms
logger=migrator t=2026-10-06T19:50:02.562456805-03:00 level=info msg="Executing migration" id="Rename table annotation_tag to annotation_tag_v2 - v2"
logger=migrator t=2026-10-06T19:50:02.575183058-03:00 level=info msg="Migration successfully executed" id="Rename table annotation_tag to annotation_tag_v2 - v2" duration=12.720966ms
logger=migrator t=2026-10-06T19:50:02.594928873-03:00 level=info msg="Executing migration" id="Create annotation_tag table v3"
logger=migrator t=2026-10-06T19:50:02.5960465-03:00 level=info msg="Migration successfully executed" id="Create annotation_tag table v3" duration=1.11605ms
logger=migrator t=2026-10-06T19:50:02.611562686-03:00 level=info msg="Executing migration" id="create index UQE_annotation_tag_annotation_id_tag_id - Add unique index annotation_tag.annotation_id_tag_id V3"
logger=migrator t=2026-10-06T19:50:02.612965957-03:00 level=info msg="Migration successfully executed" id="create index UQE_annotation_tag_annotation_id_tag_id - Add unique index annotation_tag.annotation_id_tag_id V3" duration=1.402643ms
logger=migrator t=2026-10-06T19:50:02.635949324-03:00 level=info msg="Executing migration" id="copy annotation_tag v2 to v3"
logger=migrator t=2026-10-06T19:50:02.636563875-03:00 level=info msg="Migration successfully executed" id="copy annotation_tag v2 to v3" duration=613.744µs
logger=migrator t=2026-10-06T19:50:02.651193232-03:00 level=info msg="Executing migration" id="drop table annotation_tag_v2"
logger=migrator t=2026-10-06T19:50:02.652145369-03:00 level=info msg="Migration successfully executed" id="drop table annotation_tag_v2" duration=915.963µs
logger=migrator t=2026-10-06T19:50:02.680969638-03:00 level=info msg="Executing migration" id="Update alert annotations and set TEXT to empty"
logger=migrator t=2026-10-06T19:50:02.681552532-03:00 level=info msg="Migration successfully executed" id="Update alert annotations and set TEXT to empty" duration=585.221µs
logger=migrator t=2026-10-06T19:50:02.837114966-03:00 level=info msg="Executing migration" id="Add created time to annotation table"
logger=migrator t=2026-10-06T19:50:02.842612531-03:00 level=info msg="Migration successfully executed" id="Add created time to annotation table" duration=5.494607ms
logger=migrator t=2026-10-06T19:50:02.873017654-03:00 level=info msg="Executing migration" id="Add updated time to annotation table"
logger=migrator t=2026-10-06T19:50:02.878327052-03:00 level=info msg="Migration successfully executed" id="Add updated time to annotation table" duration=5.304385ms
logger=migrator t=2026-10-06T19:50:02.917515304-03:00 level=info msg="Executing migration" id="Add index for created in annotation table"
logger=migrator t=2026-10-06T19:50:02.919066433-03:00 level=info msg="Migration successfully executed" id="Add index for created in annotation table" duration=1.551036ms
logger=migrator t=2026-10-06T19:50:03.046508635-03:00 level=info msg="Executing migration" id="Add index for updated in annotation table"
logger=migrator t=2026-10-06T19:50:03.048206332-03:00 level=info msg="Migration successfully executed" id="Add index for updated in annotation table" duration=1.693622ms
logger=migrator t=2026-10-06T19:50:03.138642921-03:00 level=info msg="Executing migration" id="Convert existing annotations from seconds to milliseconds"
logger=migrator t=2026-10-06T19:50:03.139083451-03:00 level=info msg="Migration successfully executed" id="Convert existing annotations from seconds to milliseconds" duration=442.494µs
logger=migrator t=2026-10-06T19:50:03.169102715-03:00 level=info msg="Executing migration" id="Add epoch_end column"
logger=migrator t=2026-10-06T19:50:03.174361571-03:00 level=info msg="Migration successfully executed" id="Add epoch_end column" duration=5.255492ms
logger=migrator t=2026-10-06T19:50:03.202214954-03:00 level=info msg="Executing migration" id="Add index for epoch_end"
logger=migrator t=2026-10-06T19:50:03.204046204-03:00 level=info msg="Migration successfully executed" id="Add index for epoch_end" duration=1.824354ms
logger=migrator t=2026-10-06T19:50:03.221871538-03:00 level=info msg="Executing migration" id="Make epoch_end the same as epoch"
logger=migrator t=2026-10-06T19:50:03.222230311-03:00 level=info msg="Migration successfully executed" id="Make epoch_end the same as epoch" duration=360.013µs
logger=migrator t=2026-10-06T19:50:03.242066179-03:00 level=info msg="Executing migration" id="Move region to single row"
logger=migrator t=2026-10-06T19:50:03.24272924-03:00 level=info msg="Migration successfully executed" id="Move region to single row" duration=661.344µs
logger=migrator t=2026-10-06T19:50:03.259466374-03:00 level=info msg="Executing migration" id="Remove index org_id_epoch from annotation table"
logger=migrator t=2026-10-06T19:50:03.262411784-03:00 level=info msg="Migration successfully executed" id="Remove index org_id_epoch from annotation table" duration=2.93291ms
logger=migrator t=2026-10-06T19:50:03.283100311-03:00 level=info msg="Executing migration" id="Remove index org_id_dashboard_id_panel_id_epoch from annotation table"
logger=migrator t=2026-10-06T19:50:03.284608805-03:00 level=info msg="Migration successfully executed" id="Remove index org_id_dashboard_id_panel_id_epoch from annotation table" duration=1.508829ms
logger=migrator t=2026-10-06T19:50:03.310091073-03:00 level=info msg="Executing migration" id="Add index for org_id_dashboard_id_epoch_end_epoch on annotation table"
logger=migrator t=2026-10-06T19:50:03.311568637-03:00 level=info msg="Migration successfully executed" id="Add index for org_id_dashboard_id_epoch_end_epoch on annotation table" duration=1.495835ms
logger=migrator t=2026-10-06T19:50:03.334234768-03:00 level=info msg="Executing migration" id="Add index for org_id_epoch_end_epoch on annotation table"
logger=migrator t=2026-10-06T19:50:03.336466475-03:00 level=info msg="Migration successfully executed" id="Add index for org_id_epoch_end_epoch on annotation table" duration=2.221619ms
logger=migrator t=2026-10-06T19:50:03.374024528-03:00 level=info msg="Executing migration" id="Remove index org_id_epoch_epoch_end from annotation table"
logger=migrator t=2026-10-06T19:50:03.375949163-03:00 level=info msg="Migration successfully executed" id="Remove index org_id_epoch_epoch_end from annotation table" duration=1.925568ms
logger=migrator t=2026-10-06T19:50:03.414575757-03:00 level=info msg="Executing migration" id="Add index for alert_id on annotation table"
logger=migrator t=2026-10-06T19:50:03.415902172-03:00 level=info msg="Migration successfully executed" id="Add index for alert_id on annotation table" duration=1.327258ms
logger=migrator t=2026-10-06T19:50:03.4367668-03:00 level=info msg="Executing migration" id="Increase tags column to length 4096"
logger=migrator t=2026-10-06T19:50:03.437006589-03:00 level=info msg="Migration successfully executed" id="Increase tags column to length 4096" duration=243.341µs
logger=migrator t=2026-10-06T19:50:03.457578629-03:00 level=info msg="Executing migration" id="Increase prev_state column to length 40 not null"
logger=migrator t=2026-10-06T19:50:03.457773806-03:00 level=info msg="Migration successfully executed" id="Increase prev_state column to length 40 not null" duration=198.182µs
logger=migrator t=2026-10-06T19:50:03.486926638-03:00 level=info msg="Executing migration" id="Increase new_state column to length 40 not null"
logger=migrator t=2026-10-06T19:50:03.487127015-03:00 level=info msg="Migration successfully executed" id="Increase new_state column to length 40 not null" duration=204.104µs
logger=migrator t=2026-10-06T19:50:03.50675949-03:00 level=info msg="Executing migration" id="create test_data table"
logger=migrator t=2026-10-06T19:50:03.507989338-03:00 level=info msg="Migration successfully executed" id="create test_data table" duration=1.228394ms
logger=migrator t=2026-10-06T19:50:03.530697208-03:00 level=info msg="Executing migration" id="create dashboard_version table v1"
logger=migrator t=2026-10-06T19:50:03.532175548-03:00 level=info msg="Migration successfully executed" id="create dashboard_version table v1" duration=1.468404ms
logger=migrator t=2026-10-06T19:50:03.568345231-03:00 level=info msg="Executing migration" id="add index dashboard_version.dashboard_id"
logger=migrator t=2026-10-06T19:50:03.570046397-03:00 level=info msg="Migration successfully executed" id="add index dashboard_version.dashboard_id" duration=1.699295ms
logger=migrator t=2026-10-06T19:50:03.599659417-03:00 level=info msg="Executing migration" id="add unique index dashboard_version.dashboard_id and dashboard_version.version"
logger=migrator t=2026-10-06T19:50:03.601229102-03:00 level=info msg="Migration successfully executed" id="add unique index dashboard_version.dashboard_id and dashboard_version.version" duration=1.569219ms
logger=migrator t=2026-10-06T19:50:03.636414785-03:00 level=info msg="Executing migration" id="Set dashboard version to 1 where 0"
logger=migrator t=2026-10-06T19:50:03.637378026-03:00 level=info msg="Migration successfully executed" id="Set dashboard version to 1 where 0" duration=957.904µs
logger=migrator t=2026-10-06T19:50:03.662993551-03:00 level=info msg="Executing migration" id="save existing dashboard data in dashboard_version table v1"
logger=migrator t=2026-10-06T19:50:03.663841672-03:00 level=info msg="Migration successfully executed" id="save existing dashboard data in dashboard_version table v1" duration=848.086µs
logger=migrator t=2026-10-06T19:50:03.690951914-03:00 level=info msg="Executing migration" id="alter dashboard_version.data to mediumtext v1"
logger=migrator t=2026-10-06T19:50:03.691182748-03:00 level=info msg="Migration successfully executed" id="alter dashboard_version.data to mediumtext v1" duration=234.538µs
logger=migrator t=2026-10-06T19:50:03.714346722-03:00 level=info msg="Executing migration" id="create team table"
logger=migrator t=2026-10-06T19:50:03.715727749-03:00 level=info msg="Migration successfully executed" id="create team table" duration=1.379813ms
logger=migrator t=2026-10-06T19:50:03.742247258-03:00 level=info msg="Executing migration" id="add index team.org_id"
logger=migrator t=2026-10-06T19:50:03.744170796-03:00 level=info msg="Migration successfully executed" id="add index team.org_id" duration=1.923322ms
logger=migrator t=2026-10-06T19:50:03.766872378-03:00 level=info msg="Executing migration" id="add unique index team_org_id_name"
logger=migrator t=2026-10-06T19:50:03.768517065-03:00 level=info msg="Migration successfully executed" id="add unique index team_org_id_name" duration=1.645321ms
logger=migrator t=2026-10-06T19:50:03.793172778-03:00 level=info msg="Executing migration" id="Add column uid in team"
logger=migrator t=2026-10-06T19:50:03.799810075-03:00 level=info msg="Migration successfully executed" id="Add column uid in team" duration=6.63262ms
logger=migrator t=2026-10-06T19:50:03.824608239-03:00 level=info msg="Executing migration" id="Update uid column values in team"
logger=migrator t=2026-10-06T19:50:03.825101324-03:00 level=info msg="Migration successfully executed" id="Update uid column values in team" duration=495.598µs
logger=migrator t=2026-10-06T19:50:03.844022056-03:00 level=info msg="Executing migration" id="Add unique index team_org_id_uid"
logger=migrator t=2026-10-06T19:50:03.845716481-03:00 level=info msg="Migration successfully executed" id="Add unique index team_org_id_uid" duration=1.694862ms
logger=migrator t=2026-10-06T19:50:03.868724954-03:00 level=info msg="Executing migration" id="create team member table"
logger=migrator t=2026-10-06T19:50:03.870063445-03:00 level=info msg="Migration successfully executed" id="create team member table" duration=1.377798ms
logger=migrator t=2026-10-06T19:50:03.897526443-03:00 level=info msg="Executing migration" id="add index team_member.org_id"
logger=migrator t=2026-10-06T19:50:03.899729105-03:00 level=info msg="Migration successfully executed" id="add index team_member.org_id" duration=2.203947ms
logger=migrator t=2026-10-06T19:50:03.921511609-03:00 level=info msg="Executing migration" id="add unique index team_member_org_id_team_id_user_id"
logger=migrator t=2026-10-06T19:50:03.92310693-03:00 level=info msg="Migration successfully executed" id="add unique index team_member_org_id_team_id_user_id" duration=1.59563ms
logger=migrator t=2026-10-06T19:50:03.942575015-03:00 level=info msg="Executing migration" id="add index team_member.team_id"
logger=migrator t=2026-10-06T19:50:03.944430902-03:00 level=info msg="Migration successfully executed" id="add index team_member.team_id" duration=1.855791ms
logger=migrator t=2026-10-06T19:50:03.966344066-03:00 level=info msg="Executing migration" id="Add column email to team table"
logger=migrator t=2026-10-06T19:50:03.9721384-03:00 level=info msg="Migration successfully executed" id="Add column email to team table" duration=5.79112ms
logger=migrator t=2026-10-06T19:50:03.992835747-03:00 level=info msg="Executing migration" id="Add column external to team_member table"
logger=migrator t=2026-10-06T19:50:03.997660168-03:00 level=info msg="Migration successfully executed" id="Add column external to team_member table" duration=4.820648ms
logger=migrator t=2026-10-06T19:50:04.016909827-03:00 level=info msg="Executing migration" id="Add column permission to team_member table"
logger=migrator t=2026-10-06T19:50:04.02376306-03:00 level=info msg="Migration successfully executed" id="Add column permission to team_member table" duration=6.812924ms
logger=migrator t=2026-10-06T19:50:04.214038627-03:00 level=info msg="Executing migration" id="add unique index team_member_user_id_org_id"
logger=migrator t=2026-10-06T19:50:04.215506444-03:00 level=info msg="Migration successfully executed" id="add unique index team_member_user_id_org_id" duration=1.467937ms
logger=migrator t=2026-10-06T19:50:04.277033963-03:00 level=info msg="Executing migration" id="create dashboard acl table"
logger=migrator t=2026-10-06T19:50:04.278398414-03:00 level=info msg="Migration successfully executed" id="create dashboard acl table" duration=1.362384ms
logger=migrator t=2026-10-06T19:50:04.30882376-03:00 level=info msg="Executing migration" id="add index dashboard_acl_dashboard_id"
logger=migrator t=2026-10-06T19:50:04.310340221-03:00 level=info msg="Migration successfully executed" id="add index dashboard_acl_dashboard_id" duration=1.518414ms
logger=migrator t=2026-10-06T19:50:04.362302839-03:00 level=info msg="Executing migration" id="add unique index dashboard_acl_dashboard_id_user_id"
logger=migrator t=2026-10-06T19:50:04.363862516-03:00 level=info msg="Migration successfully executed" id="add unique index dashboard_acl_dashboard_id_user_id" duration=1.559468ms
logger=migrator t=2026-10-06T19:50:04.404826598-03:00 level=info msg="Executing migration" id="add unique index dashboard_acl_dashboard_id_team_id"
logger=migrator t=2026-10-06T19:50:04.406318048-03:00 level=info msg="Migration successfully executed" id="add unique index dashboard_acl_dashboard_id_team_id" duration=1.491503ms
logger=migrator t=2026-10-06T19:50:04.431871751-03:00 level=info msg="Executing migration" id="add index dashboard_acl_user_id"
logger=migrator t=2026-10-06T19:50:04.433504045-03:00 level=info msg="Migration successfully executed" id="add index dashboard_acl_user_id" duration=1.659709ms
logger=migrator t=2026-10-06T19:50:04.504441736-03:00 level=info msg="Executing migration" id="add index dashboard_acl_team_id"
logger=migrator t=2026-10-06T19:50:04.506200608-03:00 level=info msg="Migration successfully executed" id="add index dashboard_acl_team_id" duration=1.759669ms
logger=migrator t=2026-10-06T19:50:04.566437167-03:00 level=info msg="Executing migration" id="add index dashboard_acl_org_id_role"
logger=migrator t=2026-10-06T19:50:04.568384095-03:00 level=info msg="Migration successfully executed" id="add index dashboard_acl_org_id_role" duration=1.943421ms
logger=migrator t=2026-10-06T19:50:04.594244968-03:00 level=info msg="Executing migration" id="add index dashboard_permission"
logger=migrator t=2026-10-06T19:50:04.595689821-03:00 level=info msg="Migration successfully executed" id="add index dashboard_permission" duration=1.440534ms
logger=migrator t=2026-10-06T19:50:04.62165945-03:00 level=info msg="Executing migration" id="save default acl rules in dashboard_acl table"
logger=migrator t=2026-10-06T19:50:04.622579445-03:00 level=info msg="Migration successfully executed" id="save default acl rules in dashboard_acl table" duration=919.198µs
logger=migrator t=2026-10-06T19:50:04.648994166-03:00 level=info msg="Executing migration" id="delete acl rules for deleted dashboards and folders"
logger=migrator t=2026-10-06T19:50:04.649518203-03:00 level=info msg="Migration successfully executed" id="delete acl rules for deleted dashboards and folders" duration=523.841µs
logger=migrator t=2026-10-06T19:50:04.670829056-03:00 level=info msg="Executing migration" id="create tag table"
logger=migrator t=2026-10-06T19:50:04.672443109-03:00 level=info msg="Migration successfully executed" id="create tag table" duration=1.59601ms
logger=migrator t=2026-10-06T19:50:04.708776646-03:00 level=info msg="Executing migration" id="add index tag.key_value"
logger=migrator t=2026-10-06T19:50:04.710512406-03:00 level=info msg="Migration successfully executed" id="add index tag.key_value" duration=1.841563ms
logger=migrator t=2026-10-06T19:50:04.738385659-03:00 level=info msg="Executing migration" id="create login attempt table"
logger=migrator t=2026-10-06T19:50:04.739732357-03:00 level=info msg="Migration successfully executed" id="create login attempt table" duration=1.346393ms
logger=migrator t=2026-10-06T19:50:04.764124374-03:00 level=info msg="Executing migration" id="add index login_attempt.username"
logger=migrator t=2026-10-06T19:50:04.766155655-03:00 level=info msg="Migration successfully executed" id="add index login_attempt.username" duration=2.055173ms
logger=migrator t=2026-10-06T19:50:04.791796543-03:00 level=info msg="Executing migration" id="drop index IDX_login_attempt_username - v1"
logger=migrator t=2026-10-06T19:50:04.793479036-03:00 level=info msg="Migration successfully executed" id="drop index IDX_login_attempt_username - v1" duration=1.68251ms
logger=migrator t=2026-10-06T19:50:04.852286452-03:00 level=info msg="Executing migration" id="Rename table login_attempt to login_attempt_tmp_qwerty - v1"
logger=migrator t=2026-10-06T19:50:04.874671062-03:00 level=info msg="Migration successfully executed" id="Rename table login_attempt to login_attempt_tmp_qwerty - v1" duration=22.377246ms
logger=migrator t=2026-10-06T19:50:04.912430828-03:00 level=info msg="Executing migration" id="create login_attempt v2"
logger=migrator t=2026-10-06T19:50:04.914129848-03:00 level=info msg="Migration successfully executed" id="create login_attempt v2" duration=1.723735ms
logger=migrator t=2026-10-06T19:50:04.938034636-03:00 level=info msg="Executing migration" id="create index IDX_login_attempt_username - v2"
logger=migrator t=2026-10-06T19:50:04.939168851-03:00 level=info msg="Migration successfully executed" id="create index IDX_login_attempt_username - v2" duration=1.134631ms
logger=migrator t=2026-10-06T19:50:04.968352922-03:00 level=info msg="Executing migration" id="copy login_attempt v1 to v2"
logger=migrator t=2026-10-06T19:50:04.968989848-03:00 level=info msg="Migration successfully executed" id="copy login_attempt v1 to v2" duration=636.176µs
logger=migrator t=2026-10-06T19:50:04.992341146-03:00 level=info msg="Executing migration" id="drop login_attempt_tmp_qwerty"
logger=migrator t=2026-10-06T19:50:04.993353712-03:00 level=info msg="Migration successfully executed" id="drop login_attempt_tmp_qwerty" duration=1.011542ms
logger=migrator t=2026-10-06T19:50:05.015631732-03:00 level=info msg="Executing migration" id="create user auth table"
logger=migrator t=2026-10-06T19:50:05.016952712-03:00 level=info msg="Migration successfully executed" id="create user auth table" duration=1.321176ms
logger=migrator t=2026-10-06T19:50:05.038470279-03:00 level=info msg="Executing migration" id="create index IDX_user_auth_auth_module_auth_id - v1"
logger=migrator t=2026-10-06T19:50:05.03989464-03:00 level=info msg="Migration successfully executed" id="create index IDX_user_auth_auth_module_auth_id - v1" duration=1.423998ms
logger=migrator t=2026-10-06T19:50:05.074087067-03:00 level=info msg="Executing migration" id="alter user_auth.auth_id to length 190"
logger=migrator t=2026-10-06T19:50:05.074307638-03:00 level=info msg="Migration successfully executed" id="alter user_auth.auth_id to length 190" duration=224.566µs
logger=migrator t=2026-10-06T19:50:05.100769988-03:00 level=info msg="Executing migration" id="Add OAuth access token to user_auth"
logger=migrator t=2026-10-06T19:50:05.106857905-03:00 level=info msg="Migration successfully executed" id="Add OAuth access token to user_auth" duration=6.082236ms
logger=migrator t=2026-10-06T19:50:05.128556787-03:00 level=info msg="Executing migration" id="Add OAuth refresh token to user_auth"
logger=migrator t=2026-10-06T19:50:05.133830525-03:00 level=info msg="Migration successfully executed" id="Add OAuth refresh token to user_auth" duration=5.253218ms
logger=migrator t=2026-10-06T19:50:05.150414205-03:00 level=info msg="Executing migration" id="Add OAuth token type to user_auth"
logger=migrator t=2026-10-06T19:50:05.156487183-03:00 level=info msg="Migration successfully executed" id="Add OAuth token type to user_auth" duration=6.06851ms
logger=migrator t=2026-10-06T19:50:05.180958136-03:00 level=info msg="Executing migration" id="Add OAuth expiry to user_auth"
logger=migrator t=2026-10-06T19:50:05.187074907-03:00 level=info msg="Migration successfully executed" id="Add OAuth expiry to user_auth" duration=6.111258ms
logger=migrator t=2026-10-06T19:50:05.208465576-03:00 level=info msg="Executing migration" id="Add index to user_id column in user_auth"
logger=migrator t=2026-10-06T19:50:05.211059337-03:00 level=info msg="Migration successfully executed" id="Add index to user_id column in user_auth" duration=2.60309ms
logger=migrator t=2026-10-06T19:50:05.232384601-03:00 level=info msg="Executing migration" id="Add OAuth ID token to user_auth"
logger=migrator t=2026-10-06T19:50:05.238613028-03:00 level=info msg="Migration successfully executed" id="Add OAuth ID token to user_auth" duration=6.224066ms
logger=migrator t=2026-10-06T19:50:05.281512002-03:00 level=info msg="Executing migration" id="create server_lock table"
logger=migrator t=2026-10-06T19:50:05.282792755-03:00 level=info msg="Migration successfully executed" id="create server_lock table" duration=1.281663ms
logger=migrator t=2026-10-06T19:50:05.59868179-03:00 level=info msg="Executing migration" id="add index server_lock.operation_uid"
logger=migrator t=2026-10-06T19:50:05.600550795-03:00 level=info msg="Migration successfully executed" id="add index server_lock.operation_uid" duration=1.868823ms
logger=migrator t=2026-10-06T19:50:05.66562217-03:00 level=info msg="Executing migration" id="create user auth token table"
logger=migrator t=2026-10-06T19:50:05.668643183-03:00 level=info msg="Migration successfully executed" id="create user auth token table" duration=2.972572ms
logger=migrator t=2026-10-06T19:50:05.695491337-03:00 level=info msg="Executing migration" id="add unique index user_auth_token.auth_token"
logger=migrator t=2026-10-06T19:50:05.697537975-03:00 level=info msg="Migration successfully executed" id="add unique index user_auth_token.auth_token" duration=2.0399ms
logger=migrator t=2026-10-06T19:50:05.731478799-03:00 level=info msg="Executing migration" id="add unique index user_auth_token.prev_auth_token"
logger=migrator t=2026-10-06T19:50:05.733419122-03:00 level=info msg="Migration successfully executed" id="add unique index user_auth_token.prev_auth_token" duration=1.970342ms
logger=migrator t=2026-10-06T19:50:05.755122589-03:00 level=info msg="Executing migration" id="add index user_auth_token.user_id"
logger=migrator t=2026-10-06T19:50:05.756528098-03:00 level=info msg="Migration successfully executed" id="add index user_auth_token.user_id" duration=1.405659ms
logger=migrator t=2026-10-06T19:50:05.781478109-03:00 level=info msg="Executing migration" id="Add revoked_at to the user auth token"
logger=migrator t=2026-10-06T19:50:05.78785833-03:00 level=info msg="Migration successfully executed" id="Add revoked_at to the user auth token" duration=6.388048ms
logger=migrator t=2026-10-06T19:50:05.811528152-03:00 level=info msg="Executing migration" id="add index user_auth_token.revoked_at"
logger=migrator t=2026-10-06T19:50:05.813376858-03:00 level=info msg="Migration successfully executed" id="add index user_auth_token.revoked_at" duration=1.848611ms
logger=migrator t=2026-10-06T19:50:05.831953862-03:00 level=info msg="Executing migration" id="add external_session_id to user_auth_token"
logger=migrator t=2026-10-06T19:50:05.839270386-03:00 level=info msg="Migration successfully executed" id="add external_session_id to user_auth_token" duration=7.313417ms
logger=migrator t=2026-10-06T19:50:05.890031008-03:00 level=info msg="Executing migration" id="create cache_data table"
logger=migrator t=2026-10-06T19:50:05.891626979-03:00 level=info msg="Migration successfully executed" id="create cache_data table" duration=1.594444ms
logger=migrator t=2026-10-06T19:50:05.933498028-03:00 level=info msg="Executing migration" id="add unique index cache_data.cache_key"
logger=migrator t=2026-10-06T19:50:05.935482812-03:00 level=info msg="Migration successfully executed" id="add unique index cache_data.cache_key" duration=1.976331ms
logger=migrator t=2026-10-06T19:50:06.022153901-03:00 level=info msg="Executing migration" id="create short_url table v1"
logger=migrator t=2026-10-06T19:50:06.023665607-03:00 level=info msg="Migration successfully executed" id="create short_url table v1" duration=1.508851ms
logger=migrator t=2026-10-06T19:50:06.047399526-03:00 level=info msg="Executing migration" id="add index short_url.org_id-uid"
logger=migrator t=2026-10-06T19:50:06.04918751-03:00 level=info msg="Migration successfully executed" id="add index short_url.org_id-uid" duration=1.789835ms
logger=migrator t=2026-10-06T19:50:06.102029086-03:00 level=info msg="Executing migration" id="alter table short_url alter column created_by type to bigint"
logger=migrator t=2026-10-06T19:50:06.102266651-03:00 level=info msg="Migration successfully executed" id="alter table short_url alter column created_by type to bigint" duration=240.693µs
logger=migrator t=2026-10-06T19:50:06.13120822-03:00 level=info msg="Executing migration" id="delete alert_definition table"
logger=migrator t=2026-10-06T19:50:06.13141367-03:00 level=info msg="Migration successfully executed" id="delete alert_definition table" duration=208.199µs
logger=migrator t=2026-10-06T19:50:06.165778843-03:00 level=info msg="Executing migration" id="recreate alert_definition table"
logger=migrator t=2026-10-06T19:50:06.167298194-03:00 level=info msg="Migration successfully executed" id="recreate alert_definition table" duration=1.517319ms
logger=migrator t=2026-10-06T19:50:06.234900115-03:00 level=info msg="Executing migration" id="add index in alert_definition on org_id and title columns"
logger=migrator t=2026-10-06T19:50:06.236602563-03:00 level=info msg="Migration successfully executed" id="add index in alert_definition on org_id and title columns" duration=1.700803ms
logger=migrator t=2026-10-06T19:50:06.297355062-03:00 level=info msg="Executing migration" id="add index in alert_definition on org_id and uid columns"
logger=migrator t=2026-10-06T19:50:06.298985642-03:00 level=info msg="Migration successfully executed" id="add index in alert_definition on org_id and uid columns" duration=1.664543ms
logger=migrator t=2026-10-06T19:50:06.37591423-03:00 level=info msg="Executing migration" id="alter alert_definition table data column to mediumtext in mysql"
logger=migrator t=2026-10-06T19:50:06.376132088-03:00 level=info msg="Migration successfully executed" id="alter alert_definition table data column to mediumtext in mysql" duration=221.307µs
logger=migrator t=2026-10-06T19:50:06.424253468-03:00 level=info msg="Executing migration" id="drop index in alert_definition on org_id and title columns"
logger=migrator t=2026-10-06T19:50:06.42638449-03:00 level=info msg="Migration successfully executed" id="drop index in alert_definition on org_id and title columns" duration=2.132589ms
logger=migrator t=2026-10-06T19:50:06.573429338-03:00 level=info msg="Executing migration" id="drop index in alert_definition on org_id and uid columns"
logger=migrator t=2026-10-06T19:50:06.575060827-03:00 level=info msg="Migration successfully executed" id="drop index in alert_definition on org_id and uid columns" duration=1.633ms
logger=migrator t=2026-10-06T19:50:06.630779246-03:00 level=info msg="Executing migration" id="add unique index in alert_definition on org_id and title columns"
logger=migrator t=2026-10-06T19:50:06.632587392-03:00 level=info msg="Migration successfully executed" id="add unique index in alert_definition on org_id and title columns" duration=1.808049ms
logger=migrator t=2026-10-06T19:50:06.673235348-03:00 level=info msg="Executing migration" id="add unique index in alert_definition on org_id and uid columns"
logger=migrator t=2026-10-06T19:50:06.674841707-03:00 level=info msg="Migration successfully executed" id="add unique index in alert_definition on org_id and uid columns" duration=1.59123ms
logger=migrator t=2026-10-06T19:50:06.743446405-03:00 level=info msg="Executing migration" id="Add column paused in alert_definition"
logger=migrator t=2026-10-06T19:50:06.749672315-03:00 level=info msg="Migration successfully executed" id="Add column paused in alert_definition" duration=6.219895ms
logger=migrator t=2026-10-06T19:50:06.776229884-03:00 level=info msg="Executing migration" id="drop alert_definition table"
logger=migrator t=2026-10-06T19:50:06.778187733-03:00 level=info msg="Migration successfully executed" id="drop alert_definition table" duration=1.956338ms
logger=migrator t=2026-10-06T19:50:06.891689067-03:00 level=info msg="Executing migration" id="delete alert_definition_version table"
logger=migrator t=2026-10-06T19:50:06.892038613-03:00 level=info msg="Migration successfully executed" id="delete alert_definition_version table" duration=351.33µs
logger=migrator t=2026-10-06T19:50:06.93473257-03:00 level=info msg="Executing migration" id="recreate alert_definition_version table"
logger=migrator t=2026-10-06T19:50:06.938102902-03:00 level=info msg="Migration successfully executed" id="recreate alert_definition_version table" duration=3.366061ms
logger=migrator t=2026-10-06T19:50:06.994700785-03:00 level=info msg="Executing migration" id="add index in alert_definition_version table on alert_definition_id and version columns"
logger=migrator t=2026-10-06T19:50:06.999187764-03:00 level=info msg="Migration successfully executed" id="add index in alert_definition_version table on alert_definition_id and version columns" duration=4.463962ms
logger=migrator t=2026-10-06T19:50:07.047583943-03:00 level=info msg="Executing migration" id="add index in alert_definition_version table on alert_definition_uid and version columns"
logger=migrator t=2026-10-06T19:50:07.049373109-03:00 level=info msg="Migration successfully executed" id="add index in alert_definition_version table on alert_definition_uid and version columns" duration=1.722145ms
logger=migrator t=2026-10-06T19:50:07.095298627-03:00 level=info msg="Executing migration" id="alter alert_definition_version table data column to mediumtext in mysql"
logger=migrator t=2026-10-06T19:50:07.095923027-03:00 level=info msg="Migration successfully executed" id="alter alert_definition_version table data column to mediumtext in mysql" duration=654.542µs
logger=migrator t=2026-10-06T19:50:07.12084859-03:00 level=info msg="Executing migration" id="drop alert_definition_version table"
logger=migrator t=2026-10-06T19:50:07.123659426-03:00 level=info msg="Migration successfully executed" id="drop alert_definition_version table" duration=2.805612ms
logger=migrator t=2026-10-06T19:50:07.149463372-03:00 level=info msg="Executing migration" id="create alert_instance table"
logger=migrator t=2026-10-06T19:50:07.151034886-03:00 level=info msg="Migration successfully executed" id="create alert_instance table" duration=1.568215ms
logger=migrator t=2026-10-06T19:50:07.179150529-03:00 level=info msg="Executing migration" id="add index in alert_instance table on def_org_id, def_uid and current_state columns"
logger=migrator t=2026-10-06T19:50:07.18289147-03:00 level=info msg="Migration successfully executed" id="add index in alert_instance table on def_org_id, def_uid and current_state columns" duration=3.738215ms
logger=migrator t=2026-10-06T19:50:07.226921658-03:00 level=info msg="Executing migration" id="add index in alert_instance table on def_org_id, current_state columns"
logger=migrator t=2026-10-06T19:50:07.22885094-03:00 level=info msg="Migration successfully executed" id="add index in alert_instance table on def_org_id, current_state columns" duration=1.925131ms
logger=migrator t=2026-10-06T19:50:07.645902171-03:00 level=info msg="Executing migration" id="add column current_state_end to alert_instance"
logger=migrator t=2026-10-06T19:50:07.654023241-03:00 level=info msg="Migration successfully executed" id="add column current_state_end to alert_instance" duration=8.114567ms
logger=migrator t=2026-10-06T19:50:08.394040994-03:00 level=info msg="Executing migration" id="remove index def_org_id, def_uid, current_state on alert_instance"
logger=migrator t=2026-10-06T19:50:08.395666904-03:00 level=info msg="Migration successfully executed" id="remove index def_org_id, def_uid, current_state on alert_instance" duration=1.6275ms
logger=migrator t=2026-10-06T19:50:08.939388632-03:00 level=info msg="Executing migration" id="remove index def_org_id, current_state on alert_instance"
logger=migrator t=2026-10-06T19:50:08.941093808-03:00 level=info msg="Migration successfully executed" id="remove index def_org_id, current_state on alert_instance" duration=1.708075ms
logger=migrator t=2026-10-06T19:50:08.965227526-03:00 level=info msg="Executing migration" id="rename def_org_id to rule_org_id in alert_instance"
logger=migrator t=2026-10-06T19:50:08.995801279-03:00 level=info msg="Migration successfully executed" id="rename def_org_id to rule_org_id in alert_instance" duration=30.571756ms
logger=migrator t=2026-10-06T19:50:09.018734077-03:00 level=info msg="Executing migration" id="rename def_uid to rule_uid in alert_instance"
logger=migrator t=2026-10-06T19:50:09.043786721-03:00 level=info msg="Migration successfully executed" id="rename def_uid to rule_uid in alert_instance" duration=25.049708ms
logger=migrator t=2026-10-06T19:50:09.070906268-03:00 level=info msg="Executing migration" id="add index rule_org_id, rule_uid, current_state on alert_instance"
logger=migrator t=2026-10-06T19:50:09.072523876-03:00 level=info msg="Migration successfully executed" id="add index rule_org_id, rule_uid, current_state on alert_instance" duration=1.616829ms
logger=migrator t=2026-10-06T19:50:09.09930773-03:00 level=info msg="Executing migration" id="add index rule_org_id, current_state on alert_instance"
logger=migrator t=2026-10-06T19:50:09.101266174-03:00 level=info msg="Migration successfully executed" id="add index rule_org_id, current_state on alert_instance" duration=1.958866ms
logger=migrator t=2026-10-06T19:50:09.120595451-03:00 level=info msg="Executing migration" id="add current_reason column related to current_state"
logger=migrator t=2026-10-06T19:50:09.127829579-03:00 level=info msg="Migration successfully executed" id="add current_reason column related to current_state" duration=7.229038ms
logger=migrator t=2026-10-06T19:50:09.150898441-03:00 level=info msg="Executing migration" id="add result_fingerprint column to alert_instance"
logger=migrator t=2026-10-06T19:50:09.158077605-03:00 level=info msg="Migration successfully executed" id="add result_fingerprint column to alert_instance" duration=7.167209ms
logger=migrator t=2026-10-06T19:50:09.178209082-03:00 level=info msg="Executing migration" id="create alert_rule table"
logger=migrator t=2026-10-06T19:50:09.179828632-03:00 level=info msg="Migration successfully executed" id="create alert_rule table" duration=1.615395ms
logger=migrator t=2026-10-06T19:50:09.202787369-03:00 level=info msg="Executing migration" id="add index in alert_rule on org_id and title columns"
logger=migrator t=2026-10-06T19:50:09.204631139-03:00 level=info msg="Migration successfully executed" id="add index in alert_rule on org_id and title columns" duration=1.842461ms
logger=migrator t=2026-10-06T19:50:09.227529785-03:00 level=info msg="Executing migration" id="add index in alert_rule on org_id and uid columns"
logger=migrator t=2026-10-06T19:50:09.229087108-03:00 level=info msg="Migration successfully executed" id="add index in alert_rule on org_id and uid columns" duration=1.556576ms
logger=migrator t=2026-10-06T19:50:09.250308326-03:00 level=info msg="Executing migration" id="add index in alert_rule on org_id, namespace_uid, group_uid columns"
logger=migrator t=2026-10-06T19:50:09.252093759-03:00 level=info msg="Migration successfully executed" id="add index in alert_rule on org_id, namespace_uid, group_uid columns" duration=1.784187ms
logger=migrator t=2026-10-06T19:50:09.274167304-03:00 level=info msg="Executing migration" id="alter alert_rule table data column to mediumtext in mysql"
logger=migrator t=2026-10-06T19:50:09.274412439-03:00 level=info msg="Migration successfully executed" id="alter alert_rule table data column to mediumtext in mysql" duration=252.78µs
logger=migrator t=2026-10-06T19:50:09.295365138-03:00 level=info msg="Executing migration" id="add column for to alert_rule"
logger=migrator t=2026-10-06T19:50:09.301108548-03:00 level=info msg="Migration successfully executed" id="add column for to alert_rule" duration=5.741291ms
logger=migrator t=2026-10-06T19:50:09.319996308-03:00 level=info msg="Executing migration" id="add column annotations to alert_rule"
logger=migrator t=2026-10-06T19:50:09.328481304-03:00 level=info msg="Migration successfully executed" id="add column annotations to alert_rule" duration=8.480947ms
logger=migrator t=2026-10-06T19:50:09.356892046-03:00 level=info msg="Executing migration" id="add column labels to alert_rule"
logger=migrator t=2026-10-06T19:50:09.365348409-03:00 level=info msg="Migration successfully executed" id="add column labels to alert_rule" duration=8.452836ms
logger=migrator t=2026-10-06T19:50:09.383770407-03:00 level=info msg="Executing migration" id="remove unique index from alert_rule on org_id, title columns"
logger=migrator t=2026-10-06T19:50:09.386084242-03:00 level=info msg="Migration successfully executed" id="remove unique index from alert_rule on org_id, title columns" duration=2.333871ms
logger=migrator t=2026-10-06T19:50:09.407521703-03:00 level=info msg="Executing migration" id="add index in alert_rule on org_id, namespase_uid and title columns"
logger=migrator t=2026-10-06T19:50:09.409115589-03:00 level=info msg="Migration successfully executed" id="add index in alert_rule on org_id, namespase_uid and title columns" duration=1.594478ms
logger=migrator t=2026-10-06T19:50:09.43522678-03:00 level=info msg="Executing migration" id="add dashboard_uid column to alert_rule"
logger=migrator t=2026-10-06T19:50:09.441844002-03:00 level=info msg="Migration successfully executed" id="add dashboard_uid column to alert_rule" duration=6.615081ms
logger=migrator t=2026-10-06T19:50:09.465822193-03:00 level=info msg="Executing migration" id="add panel_id column to alert_rule"
logger=migrator t=2026-10-06T19:50:09.470771672-03:00 level=info msg="Migration successfully executed" id="add panel_id column to alert_rule" duration=4.949253ms
logger=migrator t=2026-10-06T19:50:09.49674783-03:00 level=info msg="Executing migration" id="add index in alert_rule on org_id, dashboard_uid and panel_id columns"
logger=migrator t=2026-10-06T19:50:09.498556034-03:00 level=info msg="Migration successfully executed" id="add index in alert_rule on org_id, dashboard_uid and panel_id columns" duration=1.810145ms
logger=migrator t=2026-10-06T19:50:09.527742395-03:00 level=info msg="Executing migration" id="add rule_group_idx column to alert_rule"
logger=migrator t=2026-10-06T19:50:09.537366378-03:00 level=info msg="Migration successfully executed" id="add rule_group_idx column to alert_rule" duration=9.596493ms
logger=migrator t=2026-10-06T19:50:09.56258513-03:00 level=info msg="Executing migration" id="add is_paused column to alert_rule table"
logger=migrator t=2026-10-06T19:50:09.568836781-03:00 level=info msg="Migration successfully executed" id="add is_paused column to alert_rule table" duration=6.245618ms
logger=migrator t=2026-10-06T19:50:09.592467946-03:00 level=info msg="Executing migration" id="fix is_paused column for alert_rule table"
logger=migrator t=2026-10-06T19:50:09.59273351-03:00 level=info msg="Migration successfully executed" id="fix is_paused column for alert_rule table" duration=269.101µs
logger=migrator t=2026-10-06T19:50:09.617633451-03:00 level=info msg="Executing migration" id="create alert_rule_version table"
logger=migrator t=2026-10-06T19:50:09.619433183-03:00 level=info msg="Migration successfully executed" id="create alert_rule_version table" duration=1.836545ms
logger=migrator t=2026-10-06T19:50:09.658562312-03:00 level=info msg="Executing migration" id="add index in alert_rule_version table on rule_org_id, rule_uid and version columns"
logger=migrator t=2026-10-06T19:50:09.661702354-03:00 level=info msg="Migration successfully executed" id="add index in alert_rule_version table on rule_org_id, rule_uid and version columns" duration=3.140915ms
logger=migrator t=2026-10-06T19:50:09.690654632-03:00 level=info msg="Executing migration" id="add index in alert_rule_version table on rule_org_id, rule_namespace_uid and rule_group columns"
logger=migrator t=2026-10-06T19:50:09.692598979-03:00 level=info msg="Migration successfully executed" id="add index in alert_rule_version table on rule_org_id, rule_namespace_uid and rule_group columns" duration=1.944489ms
logger=migrator t=2026-10-06T19:50:09.717461509-03:00 level=info msg="Executing migration" id="alter alert_rule_version table data column to mediumtext in mysql"
logger=migrator t=2026-10-06T19:50:09.717626682-03:00 level=info msg="Migration successfully executed" id="alter alert_rule_version table data column to mediumtext in mysql" duration=167.616µs
logger=migrator t=2026-10-06T19:50:09.737595651-03:00 level=info msg="Executing migration" id="add column for to alert_rule_version"
logger=migrator t=2026-10-06T19:50:09.743355455-03:00 level=info msg="Migration successfully executed" id="add column for to alert_rule_version" duration=5.757744ms
logger=migrator t=2026-10-06T19:50:09.770302126-03:00 level=info msg="Executing migration" id="add column annotations to alert_rule_version"
logger=migrator t=2026-10-06T19:50:09.777602407-03:00 level=info msg="Migration successfully executed" id="add column annotations to alert_rule_version" duration=7.27427ms
logger=migrator t=2026-10-06T19:50:09.805846909-03:00 level=info msg="Executing migration" id="add column labels to alert_rule_version"
logger=migrator t=2026-10-06T19:50:09.812868422-03:00 level=info msg="Migration successfully executed" id="add column labels to alert_rule_version" duration=7.020597ms
logger=migrator t=2026-10-06T19:50:09.83445366-03:00 level=info msg="Executing migration" id="add rule_group_idx column to alert_rule_version"
logger=migrator t=2026-10-06T19:50:09.842127967-03:00 level=info msg="Migration successfully executed" id="add rule_group_idx column to alert_rule_version" duration=7.671293ms
logger=migrator t=2026-10-06T19:50:09.864357114-03:00 level=info msg="Executing migration" id="add is_paused column to alert_rule_versions table"
logger=migrator t=2026-10-06T19:50:09.87316174-03:00 level=info msg="Migration successfully executed" id="add is_paused column to alert_rule_versions table" duration=8.801888ms
logger=migrator t=2026-10-06T19:50:09.894198764-03:00 level=info msg="Executing migration" id="fix is_paused column for alert_rule_version table"
logger=migrator t=2026-10-06T19:50:09.894406083-03:00 level=info msg="Migration successfully executed" id="fix is_paused column for alert_rule_version table" duration=245.437µs
logger=migrator t=2026-10-06T19:50:09.918772834-03:00 level=info msg="Executing migration" id=create_alert_configuration_table
logger=migrator t=2026-10-06T19:50:09.92000942-03:00 level=info msg="Migration successfully executed" id=create_alert_configuration_table duration=1.234524ms
logger=migrator t=2026-10-06T19:50:09.945837665-03:00 level=info msg="Executing migration" id="Add column default in alert_configuration"
logger=migrator t=2026-10-06T19:50:09.952162188-03:00 level=info msg="Migration successfully executed" id="Add column default in alert_configuration" duration=6.321694ms
logger=migrator t=2026-10-06T19:50:09.966203429-03:00 level=info msg="Executing migration" id="alert alert_configuration alertmanager_configuration column from TEXT to MEDIUMTEXT if mysql"
logger=migrator t=2026-10-06T19:50:09.966453372-03:00 level=info msg="Migration successfully executed" id="alert alert_configuration alertmanager_configuration column from TEXT to MEDIUMTEXT if mysql" duration=254.066µs
logger=migrator t=2026-10-06T19:50:09.994851793-03:00 level=info msg="Executing migration" id="add column org_id in alert_configuration"
logger=migrator t=2026-10-06T19:50:10.001524749-03:00 level=info msg="Migration successfully executed" id="add column org_id in alert_configuration" duration=6.668456ms
logger=migrator t=2026-10-06T19:50:10.018712685-03:00 level=info msg="Executing migration" id="add index in alert_configuration table on org_id column"
logger=migrator t=2026-10-06T19:50:10.020332276-03:00 level=info msg="Migration successfully executed" id="add index in alert_configuration table on org_id column" duration=1.618626ms
logger=migrator t=2026-10-06T19:50:10.044005953-03:00 level=info msg="Executing migration" id="add configuration_hash column to alert_configuration"
logger=migrator t=2026-10-06T19:50:10.051579524-03:00 level=info msg="Migration successfully executed" id="add configuration_hash column to alert_configuration" duration=7.568772ms
logger=migrator t=2026-10-06T19:50:10.077343274-03:00 level=info msg="Executing migration" id=create_ngalert_configuration_table
logger=migrator t=2026-10-06T19:50:10.078796787-03:00 level=info msg="Migration successfully executed" id=create_ngalert_configuration_table duration=1.450885ms
logger=migrator t=2026-10-06T19:50:10.115336737-03:00 level=info msg="Executing migration" id="add index in ngalert_configuration on org_id column"
logger=migrator t=2026-10-06T19:50:10.117653756-03:00 level=info msg="Migration successfully executed" id="add index in ngalert_configuration on org_id column" duration=2.341542ms
logger=migrator t=2026-10-06T19:50:10.141950339-03:00 level=info msg="Executing migration" id="add column send_alerts_to in ngalert_configuration"
logger=migrator t=2026-10-06T19:50:10.149236302-03:00 level=info msg="Migration successfully executed" id="add column send_alerts_to in ngalert_configuration" duration=7.281578ms
logger=migrator t=2026-10-06T19:50:10.181129205-03:00 level=info msg="Executing migration" id="create provenance_type table"
logger=migrator t=2026-10-06T19:50:10.182724957-03:00 level=info msg="Migration successfully executed" id="create provenance_type table" duration=1.593942ms
logger=migrator t=2026-10-06T19:50:10.212397259-03:00 level=info msg="Executing migration" id="add index to uniquify (record_key, record_type, org_id) columns"
logger=migrator t=2026-10-06T19:50:10.214276111-03:00 level=info msg="Migration successfully executed" id="add index to uniquify (record_key, record_type, org_id) columns" duration=1.878184ms
logger=migrator t=2026-10-06T19:50:10.245693316-03:00 level=info msg="Executing migration" id="create alert_image table"
logger=migrator t=2026-10-06T19:50:10.247123337-03:00 level=info msg="Migration successfully executed" id="create alert_image table" duration=1.427801ms
logger=migrator t=2026-10-06T19:50:10.26934558-03:00 level=info msg="Executing migration" id="add unique index on token to alert_image table"
logger=migrator t=2026-10-06T19:50:10.27104341-03:00 level=info msg="Migration successfully executed" id="add unique index on token to alert_image table" duration=1.698378ms
logger=migrator t=2026-10-06T19:50:10.306591561-03:00 level=info msg="Executing migration" id="support longer URLs in alert_image table"
logger=migrator t=2026-10-06T19:50:10.306855952-03:00 level=info msg="Migration successfully executed" id="support longer URLs in alert_image table" duration=270.356µs
logger=migrator t=2026-10-06T19:50:10.334469129-03:00 level=info msg="Executing migration" id=create_alert_configuration_history_table
logger=migrator t=2026-10-06T19:50:10.336220993-03:00 level=info msg="Migration successfully executed" id=create_alert_configuration_history_table duration=1.747809ms
logger=migrator t=2026-10-06T19:50:10.36989161-03:00 level=info msg="Executing migration" id="drop non-unique orgID index on alert_configuration"
logger=migrator t=2026-10-06T19:50:10.371577327-03:00 level=info msg="Migration successfully executed" id="drop non-unique orgID index on alert_configuration" duration=1.686317ms
logger=migrator t=2026-10-06T19:50:10.401932984-03:00 level=info msg="Executing migration" id="drop unique orgID index on alert_configuration if exists"
logger=migrator t=2026-10-06T19:50:10.402661856-03:00 level=warn msg="Skipping migration: Already executed, but not recorded in migration log" id="drop unique orgID index on alert_configuration if exists"
logger=migrator t=2026-10-06T19:50:10.436612757-03:00 level=info msg="Executing migration" id="extract alertmanager configuration history to separate table"
logger=migrator t=2026-10-06T19:50:10.437645113-03:00 level=info msg="Migration successfully executed" id="extract alertmanager configuration history to separate table" duration=1.033188ms
logger=migrator t=2026-10-06T19:50:10.460762957-03:00 level=info msg="Executing migration" id="add unique index on orgID to alert_configuration"
logger=migrator t=2026-10-06T19:50:10.462110171-03:00 level=info msg="Migration successfully executed" id="add unique index on orgID to alert_configuration" duration=1.348429ms
logger=migrator t=2026-10-06T19:50:10.4931207-03:00 level=info msg="Executing migration" id="add last_applied column to alert_configuration_history"
logger=migrator t=2026-10-06T19:50:10.498965093-03:00 level=info msg="Migration successfully executed" id="add last_applied column to alert_configuration_history" duration=5.840861ms
logger=migrator t=2026-10-06T19:50:10.520398574-03:00 level=info msg="Executing migration" id="create library_element table v1"
logger=migrator t=2026-10-06T19:50:10.522739503-03:00 level=info msg="Migration successfully executed" id="create library_element table v1" duration=2.323892ms
logger=migrator t=2026-10-06T19:50:10.545553289-03:00 level=info msg="Executing migration" id="add index library_element org_id-folder_id-name-kind"
logger=migrator t=2026-10-06T19:50:10.547137351-03:00 level=info msg="Migration successfully executed" id="add index library_element org_id-folder_id-name-kind" duration=1.592996ms
logger=migrator t=2026-10-06T19:50:10.566836566-03:00 level=info msg="Executing migration" id="create library_element_connection table v1"
logger=migrator t=2026-10-06T19:50:10.568766448-03:00 level=info msg="Migration successfully executed" id="create library_element_connection table v1" duration=1.926531ms
logger=migrator t=2026-10-06T19:50:10.592424905-03:00 level=info msg="Executing migration" id="add index library_element_connection element_id-kind-connection_id"
logger=migrator t=2026-10-06T19:50:10.593963142-03:00 level=info msg="Migration successfully executed" id="add index library_element_connection element_id-kind-connection_id" duration=1.537774ms
logger=migrator t=2026-10-06T19:50:10.61586047-03:00 level=info msg="Executing migration" id="add unique index library_element org_id_uid"
logger=migrator t=2026-10-06T19:50:10.617567672-03:00 level=info msg="Migration successfully executed" id="add unique index library_element org_id_uid" duration=1.706366ms
logger=migrator t=2026-10-06T19:50:10.643061395-03:00 level=info msg="Executing migration" id="increase max description length to 2048"
logger=migrator t=2026-10-06T19:50:10.643193421-03:00 level=info msg="Migration successfully executed" id="increase max description length to 2048" duration=135.513µs
logger=migrator t=2026-10-06T19:50:10.665512061-03:00 level=info msg="Executing migration" id="alter library_element model to mediumtext"
logger=migrator t=2026-10-06T19:50:10.665746035-03:00 level=info msg="Migration successfully executed" id="alter library_element model to mediumtext" duration=238.047µs
logger=migrator t=2026-10-06T19:50:10.687268273-03:00 level=info msg="Executing migration" id="add library_element folder uid"
logger=migrator t=2026-10-06T19:50:10.696858588-03:00 level=info msg="Migration successfully executed" id="add library_element folder uid" duration=9.598189ms
logger=migrator t=2026-10-06T19:50:10.721307833-03:00 level=info msg="Executing migration" id="populate library_element folder_uid"
logger=migrator t=2026-10-06T19:50:10.722127932-03:00 level=info msg="Migration successfully executed" id="populate library_element folder_uid" duration=819.638µs
logger=migrator t=2026-10-06T19:50:10.752397551-03:00 level=info msg="Executing migration" id="add index library_element org_id-folder_uid-name-kind"
logger=migrator t=2026-10-06T19:50:10.75408319-03:00 level=info msg="Migration successfully executed" id="add index library_element org_id-folder_uid-name-kind" duration=1.684483ms
logger=migrator t=2026-10-06T19:50:10.851455079-03:00 level=info msg="Executing migration" id="clone move dashboard alerts to unified alerting"
logger=migrator t=2026-10-06T19:50:10.857384048-03:00 level=info msg="Migration successfully executed" id="clone move dashboard alerts to unified alerting" duration=5.926303ms
logger=migrator t=2026-10-06T19:50:10.883501221-03:00 level=info msg="Executing migration" id="create data_keys table"
logger=migrator t=2026-10-06T19:50:10.885241745-03:00 level=info msg="Migration successfully executed" id="create data_keys table" duration=1.754835ms
logger=migrator t=2026-10-06T19:50:10.937762416-03:00 level=info msg="Executing migration" id="create secrets table"
logger=migrator t=2026-10-06T19:50:10.939235846-03:00 level=info msg="Migration successfully executed" id="create secrets table" duration=1.48465ms
logger=migrator t=2026-10-06T19:50:10.965875842-03:00 level=info msg="Executing migration" id="rename data_keys name column to id"
logger=migrator t=2026-10-06T19:50:11.025706215-03:00 level=info msg="Migration successfully executed" id="rename data_keys name column to id" duration=59.731405ms
logger=migrator t=2026-10-06T19:50:11.061929898-03:00 level=info msg="Executing migration" id="add name column into data_keys"
logger=migrator t=2026-10-06T19:50:11.081228227-03:00 level=info msg="Migration successfully executed" id="add name column into data_keys" duration=19.293503ms
logger=migrator t=2026-10-06T19:50:11.108664547-03:00 level=info msg="Executing migration" id="copy data_keys id column values into name"
logger=migrator t=2026-10-06T19:50:11.109079345-03:00 level=info msg="Migration successfully executed" id="copy data_keys id column values into name" duration=416.428µs
logger=migrator t=2026-10-06T19:50:11.133307186-03:00 level=info msg="Executing migration" id="rename data_keys name column to label"
logger=migrator t=2026-10-06T19:50:11.197026409-03:00 level=info msg="Migration successfully executed" id="rename data_keys name column to label" duration=63.724019ms
logger=migrator t=2026-10-06T19:50:11.221212911-03:00 level=info msg="Executing migration" id="rename data_keys id column back to name"
logger=migrator t=2026-10-06T19:50:11.26552665-03:00 level=info msg="Migration successfully executed" id="rename data_keys id column back to name" duration=44.328169ms
logger=migrator t=2026-10-06T19:50:11.289501734-03:00 level=info msg="Executing migration" id="create kv_store table v1"
logger=migrator t=2026-10-06T19:50:11.290871551-03:00 level=info msg="Migration successfully executed" id="create kv_store table v1" duration=1.366958ms
logger=migrator t=2026-10-06T19:50:11.315443838-03:00 level=info msg="Executing migration" id="add index kv_store.org_id-namespace-key"
logger=migrator t=2026-10-06T19:50:11.317179837-03:00 level=info msg="Migration successfully executed" id="add index kv_store.org_id-namespace-key" duration=1.735377ms
logger=migrator t=2026-10-06T19:50:11.35528221-03:00 level=info msg="Executing migration" id="update dashboard_uid and panel_id from existing annotations"
logger=migrator t=2026-10-06T19:50:11.355899517-03:00 level=info msg="Migration successfully executed" id="update dashboard_uid and panel_id from existing annotations" duration=619.634µs
logger=migrator t=2026-10-06T19:50:11.375774192-03:00 level=info msg="Executing migration" id="create permission table"
logger=migrator t=2026-10-06T19:50:11.38115861-03:00 level=info msg="Migration successfully executed" id="create permission table" duration=5.349048ms
logger=migrator t=2026-10-06T19:50:11.411416564-03:00 level=info msg="Executing migration" id="add unique index permission.role_id"
logger=migrator t=2026-10-06T19:50:11.413213003-03:00 level=info msg="Migration successfully executed" id="add unique index permission.role_id" duration=1.796201ms
logger=migrator t=2026-10-06T19:50:11.445309465-03:00 level=info msg="Executing migration" id="add unique index role_id_action_scope"
logger=migrator t=2026-10-06T19:50:11.446935315-03:00 level=info msg="Migration successfully executed" id="add unique index role_id_action_scope" duration=1.625455ms
logger=migrator t=2026-10-06T19:50:11.477360604-03:00 level=info msg="Executing migration" id="create role table"
logger=migrator t=2026-10-06T19:50:11.478768476-03:00 level=info msg="Migration successfully executed" id="create role table" duration=1.406953ms
logger=migrator t=2026-10-06T19:50:11.517794067-03:00 level=info msg="Executing migration" id="add column display_name"
logger=migrator t=2026-10-06T19:50:11.528335873-03:00 level=info msg="Migration successfully executed" id="add column display_name" duration=10.538896ms
logger=migrator t=2026-10-06T19:50:11.582435762-03:00 level=info msg="Executing migration" id="add column group_name"
logger=migrator t=2026-10-06T19:50:11.593841046-03:00 level=info msg="Migration successfully executed" id="add column group_name" duration=11.423404ms
logger=migrator t=2026-10-06T19:50:11.613660287-03:00 level=info msg="Executing migration" id="add index role.org_id"
logger=migrator t=2026-10-06T19:50:11.615448776-03:00 level=info msg="Migration successfully executed" id="add index role.org_id" duration=1.788187ms
logger=migrator t=2026-10-06T19:50:11.640396357-03:00 level=info msg="Executing migration" id="add unique index role_org_id_name"
logger=migrator t=2026-10-06T19:50:11.641974466-03:00 level=info msg="Migration successfully executed" id="add unique index role_org_id_name" duration=1.579318ms
logger=migrator t=2026-10-06T19:50:11.686911962-03:00 level=info msg="Executing migration" id="add index role_org_id_uid"
logger=migrator t=2026-10-06T19:50:11.688774295-03:00 level=info msg="Migration successfully executed" id="add index role_org_id_uid" duration=1.862604ms
logger=migrator t=2026-10-06T19:50:11.721889232-03:00 level=info msg="Executing migration" id="create team role table"
logger=migrator t=2026-10-06T19:50:11.723525727-03:00 level=info msg="Migration successfully executed" id="create team role table" duration=1.635702ms
logger=migrator t=2026-10-06T19:50:11.769528325-03:00 level=info msg="Executing migration" id="add index team_role.org_id"
logger=migrator t=2026-10-06T19:50:11.771414593-03:00 level=info msg="Migration successfully executed" id="add index team_role.org_id" duration=1.885661ms
logger=migrator t=2026-10-06T19:50:11.795842615-03:00 level=info msg="Executing migration" id="add unique index team_role_org_id_team_id_role_id"
logger=migrator t=2026-10-06T19:50:11.797949615-03:00 level=info msg="Migration successfully executed" id="add unique index team_role_org_id_team_id_role_id" duration=2.107311ms
logger=migrator t=2026-10-06T19:50:11.820491121-03:00 level=info msg="Executing migration" id="add index team_role.team_id"
logger=migrator t=2026-10-06T19:50:11.822546278-03:00 level=info msg="Migration successfully executed" id="add index team_role.team_id" duration=2.05492ms
logger=migrator t=2026-10-06T19:50:12.052155108-03:00 level=info msg="Executing migration" id="create user role table"
logger=migrator t=2026-10-06T19:50:12.053535837-03:00 level=info msg="Migration successfully executed" id="create user role table" duration=1.375975ms
logger=migrator t=2026-10-06T19:50:12.109652085-03:00 level=info msg="Executing migration" id="add index user_role.org_id"
logger=migrator t=2026-10-06T19:50:12.111613559-03:00 level=info msg="Migration successfully executed" id="add index user_role.org_id" duration=1.960972ms
logger=migrator t=2026-10-06T19:50:12.135429747-03:00 level=info msg="Executing migration" id="add unique index user_role_org_id_user_id_role_id"
logger=migrator t=2026-10-06T19:50:12.137281133-03:00 level=info msg="Migration successfully executed" id="add unique index user_role_org_id_user_id_role_id" duration=1.835733ms
logger=migrator t=2026-10-06T19:50:12.162865238-03:00 level=info msg="Executing migration" id="add index user_role.user_id"
logger=migrator t=2026-10-06T19:50:12.164859574-03:00 level=info msg="Migration successfully executed" id="add index user_role.user_id" duration=2.011833ms
logger=migrator t=2026-10-06T19:50:12.193775838-03:00 level=info msg="Executing migration" id="create builtin role table"
logger=migrator t=2026-10-06T19:50:12.195287583-03:00 level=info msg="Migration successfully executed" id="create builtin role table" duration=1.508177ms
logger=migrator t=2026-10-06T19:50:12.240084578-03:00 level=info msg="Executing migration" id="add index builtin_role.role_id"
logger=migrator t=2026-10-06T19:50:12.242277644-03:00 level=info msg="Migration successfully executed" id="add index builtin_role.role_id" duration=2.192461ms
logger=migrator t=2026-10-06T19:50:12.302429075-03:00 level=info msg="Executing migration" id="add index builtin_role.name"
logger=migrator t=2026-10-06T19:50:12.304105368-03:00 level=info msg="Migration successfully executed" id="add index builtin_role.name" duration=1.678254ms
logger=migrator t=2026-10-06T19:50:12.343715702-03:00 level=info msg="Executing migration" id="Add column org_id to builtin_role table"
logger=migrator t=2026-10-06T19:50:12.352223749-03:00 level=info msg="Migration successfully executed" id="Add column org_id to builtin_role table" duration=8.502657ms
logger=migrator t=2026-10-06T19:50:12.42056543-03:00 level=info msg="Executing migration" id="add index builtin_role.org_id"
logger=migrator t=2026-10-06T19:50:12.422489495-03:00 level=info msg="Migration successfully executed" id="add index builtin_role.org_id" duration=1.923989ms
logger=migrator t=2026-10-06T19:50:12.463629635-03:00 level=info msg="Executing migration" id="add unique index builtin_role_org_id_role_id_role"
logger=migrator t=2026-10-06T19:50:12.466147857-03:00 level=info msg="Migration successfully executed" id="add unique index builtin_role_org_id_role_id_role" duration=2.49819ms
logger=migrator t=2026-10-06T19:50:12.52312899-03:00 level=info msg="Executing migration" id="Remove unique index role_org_id_uid"
logger=migrator t=2026-10-06T19:50:12.524824746-03:00 level=info msg="Migration successfully executed" id="Remove unique index role_org_id_uid" duration=1.694599ms
logger=migrator t=2026-10-06T19:50:12.563481283-03:00 level=info msg="Executing migration" id="add unique index role.uid"
logger=migrator t=2026-10-06T19:50:12.566012977-03:00 level=info msg="Migration successfully executed" id="add unique index role.uid" duration=2.530408ms
logger=migrator t=2026-10-06T19:50:12.604110907-03:00 level=info msg="Executing migration" id="create seed assignment table"
logger=migrator t=2026-10-06T19:50:12.605489321-03:00 level=info msg="Migration successfully executed" id="create seed assignment table" duration=1.375638ms
logger=migrator t=2026-10-06T19:50:12.641476987-03:00 level=info msg="Executing migration" id="add unique index builtin_role_role_name"
logger=migrator t=2026-10-06T19:50:12.643353384-03:00 level=info msg="Migration successfully executed" id="add unique index builtin_role_role_name" duration=1.875424ms
logger=migrator t=2026-10-06T19:50:12.685975691-03:00 level=info msg="Executing migration" id="add column hidden to role table"
logger=migrator t=2026-10-06T19:50:12.696545991-03:00 level=info msg="Migration successfully executed" id="add column hidden to role table" duration=10.575275ms
logger=migrator t=2026-10-06T19:50:12.834791666-03:00 level=info msg="Executing migration" id="permission kind migration"
logger=migrator t=2026-10-06T19:50:12.855935611-03:00 level=info msg="Migration successfully executed" id="permission kind migration" duration=21.138632ms
logger=migrator t=2026-10-06T19:50:12.911547509-03:00 level=info msg="Executing migration" id="permission attribute migration"
logger=migrator t=2026-10-06T19:50:12.92049883-03:00 level=info msg="Migration successfully executed" id="permission attribute migration" duration=8.946836ms
logger=migrator t=2026-10-06T19:50:12.983710557-03:00 level=info msg="Executing migration" id="permission identifier migration"
logger=migrator t=2026-10-06T19:50:12.999595976-03:00 level=info msg="Migration successfully executed" id="permission identifier migration" duration=15.864903ms
logger=migrator t=2026-10-06T19:50:13.053837281-03:00 level=info msg="Executing migration" id="add permission identifier index"
logger=migrator t=2026-10-06T19:50:13.055463259-03:00 level=info msg="Migration successfully executed" id="add permission identifier index" duration=1.627475ms
logger=migrator t=2026-10-06T19:50:13.109248949-03:00 level=info msg="Executing migration" id="add permission action scope role_id index"
logger=migrator t=2026-10-06T19:50:13.111025397-03:00 level=info msg="Migration successfully executed" id="add permission action scope role_id index" duration=1.760491ms
logger=migrator t=2026-10-06T19:50:13.181268167-03:00 level=info msg="Executing migration" id="remove permission role_id action scope index"
logger=migrator t=2026-10-06T19:50:13.183563639-03:00 level=info msg="Migration successfully executed" id="remove permission role_id action scope index" duration=2.421386ms
logger=migrator t=2026-10-06T19:50:13.242424649-03:00 level=info msg="Executing migration" id="add group mapping UID column to user_role table"
logger=migrator t=2026-10-06T19:50:13.265157796-03:00 level=info msg="Migration successfully executed" id="add group mapping UID column to user_role table" duration=22.729159ms
logger=migrator t=2026-10-06T19:50:13.350472245-03:00 level=info msg="Executing migration" id="add user_role org ID, user ID, role ID, group mapping UID index"
logger=migrator t=2026-10-06T19:50:13.35257703-03:00 level=info msg="Migration successfully executed" id="add user_role org ID, user ID, role ID, group mapping UID index" duration=2.104341ms
logger=migrator t=2026-10-06T19:50:13.393257389-03:00 level=info msg="Executing migration" id="remove user_role org ID, user ID, role ID index"
logger=migrator t=2026-10-06T19:50:13.414088638-03:00 level=info msg="Migration successfully executed" id="remove user_role org ID, user ID, role ID index" duration=20.823996ms
logger=migrator t=2026-10-06T19:50:13.45324329-03:00 level=info msg="Executing migration" id="create query_history table v1"
logger=migrator t=2026-10-06T19:50:13.455382153-03:00 level=info msg="Migration successfully executed" id="create query_history table v1" duration=2.136892ms
logger=migrator t=2026-10-06T19:50:13.516155134-03:00 level=info msg="Executing migration" id="add index query_history.org_id-created_by-datasource_uid"
logger=migrator t=2026-10-06T19:50:13.517951057-03:00 level=info msg="Migration successfully executed" id="add index query_history.org_id-created_by-datasource_uid" duration=1.794582ms
logger=migrator t=2026-10-06T19:50:13.574600568-03:00 level=info msg="Executing migration" id="alter table query_history alter column created_by type to bigint"
logger=migrator t=2026-10-06T19:50:13.574821713-03:00 level=info msg="Migration successfully executed" id="alter table query_history alter column created_by type to bigint" duration=224.767µs
logger=migrator t=2026-10-06T19:50:13.719777517-03:00 level=info msg="Executing migration" id="create query_history_details table v1"
logger=migrator t=2026-10-06T19:50:13.734456595-03:00 level=info msg="Migration successfully executed" id="create query_history_details table v1" duration=14.676525ms
logger=migrator t=2026-10-06T19:50:13.792873574-03:00 level=info msg="Executing migration" id="rbac disabled migrator"
logger=migrator t=2026-10-06T19:50:13.793951139-03:00 level=info msg="Migration successfully executed" id="rbac disabled migrator" duration=1.105636ms
logger=migrator t=2026-10-06T19:50:13.853958192-03:00 level=info msg="Executing migration" id="teams permissions migration"
logger=migrator t=2026-10-06T19:50:13.861464657-03:00 level=info msg="Migration successfully executed" id="teams permissions migration" duration=7.505273ms
logger=migrator t=2026-10-06T19:50:13.90628465-03:00 level=info msg="Executing migration" id="dashboard permissions"
logger=migrator t=2026-10-06T19:50:13.917372128-03:00 level=info msg="Migration successfully executed" id="dashboard permissions" duration=9.70433ms
logger=migrator t=2026-10-06T19:50:13.990892981-03:00 level=info msg="Executing migration" id="dashboard permissions uid scopes"
logger=migrator t=2026-10-06T19:50:13.992152882-03:00 level=info msg="Migration successfully executed" id="dashboard permissions uid scopes" duration=1.260622ms
logger=migrator t=2026-10-06T19:50:14.06737571-03:00 level=info msg="Executing migration" id="drop managed folder create actions"
logger=migrator t=2026-10-06T19:50:14.067835078-03:00 level=info msg="Migration successfully executed" id="drop managed folder create actions" duration=458.509µs
logger=migrator t=2026-10-06T19:50:14.154088487-03:00 level=info msg="Executing migration" id="alerting notification permissions"
logger=migrator t=2026-10-06T19:50:14.156307413-03:00 level=info msg="Migration successfully executed" id="alerting notification permissions" duration=2.207013ms
logger=migrator t=2026-10-06T19:50:14.475077548-03:00 level=info msg="Executing migration" id="create query_history_star table v1"
logger=migrator t=2026-10-06T19:50:14.476301977-03:00 level=info msg="Migration successfully executed" id="create query_history_star table v1" duration=1.206435ms
logger=migrator t=2026-10-06T19:50:14.604356391-03:00 level=info msg="Executing migration" id="add index query_history.user_id-query_uid"
logger=migrator t=2026-10-06T19:50:14.60606883-03:00 level=info msg="Migration successfully executed" id="add index query_history.user_id-query_uid" duration=1.712134ms
logger=migrator t=2026-10-06T19:50:14.877733072-03:00 level=info msg="Executing migration" id="add column org_id in query_history_star"
logger=migrator t=2026-10-06T19:50:14.965039133-03:00 level=info msg="Migration successfully executed" id="add column org_id in query_history_star" duration=87.301966ms
logger=migrator t=2026-10-06T19:50:15.125079186-03:00 level=info msg="Executing migration" id="alter table query_history_star_mig column user_id type to bigint"
logger=migrator t=2026-10-06T19:50:15.125280965-03:00 level=info msg="Migration successfully executed" id="alter table query_history_star_mig column user_id type to bigint" duration=204.878µs
logger=migrator t=2026-10-06T19:50:15.205521898-03:00 level=info msg="Executing migration" id="create correlation table v1"
logger=migrator t=2026-10-06T19:50:15.206995301-03:00 level=info msg="Migration successfully executed" id="create correlation table v1" duration=1.471285ms
logger=migrator t=2026-10-06T19:50:15.243657072-03:00 level=info msg="Executing migration" id="add index correlations.uid"
logger=migrator t=2026-10-06T19:50:15.245403584-03:00 level=info msg="Migration successfully executed" id="add index correlations.uid" duration=1.726813ms
logger=migrator t=2026-10-06T19:50:15.283537841-03:00 level=info msg="Executing migration" id="add index correlations.source_uid"
logger=migrator t=2026-10-06T19:50:15.285408971-03:00 level=info msg="Migration successfully executed" id="add index correlations.source_uid" duration=1.870865ms
logger=migrator t=2026-10-06T19:50:15.316828399-03:00 level=info msg="Executing migration" id="add correlation config column"
logger=migrator t=2026-10-06T19:50:15.330221231-03:00 level=info msg="Migration successfully executed" id="add correlation config column" duration=13.388434ms
logger=migrator t=2026-10-06T19:50:15.356631218-03:00 level=info msg="Executing migration" id="drop index IDX_correlation_uid - v1"
logger=migrator t=2026-10-06T19:50:15.358714979-03:00 level=info msg="Migration successfully executed" id="drop index IDX_correlation_uid - v1" duration=2.085407ms
logger=migrator t=2026-10-06T19:50:15.378907477-03:00 level=info msg="Executing migration" id="drop index IDX_correlation_source_uid - v1"
logger=migrator t=2026-10-06T19:50:15.382372342-03:00 level=info msg="Migration successfully executed" id="drop index IDX_correlation_source_uid - v1" duration=3.445258ms
logger=migrator t=2026-10-06T19:50:15.405099838-03:00 level=info msg="Executing migration" id="Rename table correlation to correlation_tmp_qwerty - v1"
logger=migrator t=2026-10-06T19:50:15.448175661-03:00 level=info msg="Migration successfully executed" id="Rename table correlation to correlation_tmp_qwerty - v1" duration=43.072447ms
logger=migrator t=2026-10-06T19:50:15.49522733-03:00 level=info msg="Executing migration" id="create correlation v2"
logger=migrator t=2026-10-06T19:50:15.496846545-03:00 level=info msg="Migration successfully executed" id="create correlation v2" duration=1.615973ms
logger=migrator t=2026-10-06T19:50:15.520290792-03:00 level=info msg="Executing migration" id="create index IDX_correlation_uid - v2"
logger=migrator t=2026-10-06T19:50:15.522066709-03:00 level=info msg="Migration successfully executed" id="create index IDX_correlation_uid - v2" duration=1.776463ms
logger=migrator t=2026-10-06T19:50:15.560401377-03:00 level=info msg="Executing migration" id="create index IDX_correlation_source_uid - v2"
logger=migrator t=2026-10-06T19:50:15.562375689-03:00 level=info msg="Migration successfully executed" id="create index IDX_correlation_source_uid - v2" duration=1.975757ms
logger=migrator t=2026-10-06T19:50:15.592902709-03:00 level=info msg="Executing migration" id="create index IDX_correlation_org_id - v2"
logger=migrator t=2026-10-06T19:50:15.59470589-03:00 level=info msg="Migration successfully executed" id="create index IDX_correlation_org_id - v2" duration=1.802088ms
logger=migrator t=2026-10-06T19:50:15.74561945-03:00 level=info msg="Executing migration" id="copy correlation v1 to v2"
logger=migrator t=2026-10-06T19:50:15.74618023-03:00 level=info msg="Migration successfully executed" id="copy correlation v1 to v2" duration=561.496µs
logger=migrator t=2026-10-06T19:50:16.015888289-03:00 level=info msg="Executing migration" id="drop correlation_tmp_qwerty"
logger=migrator t=2026-10-06T19:50:16.017456734-03:00 level=info msg="Migration successfully executed" id="drop correlation_tmp_qwerty" duration=1.565566ms
logger=migrator t=2026-10-06T19:50:16.604936611-03:00 level=info msg="Executing migration" id="add provisioning column"
logger=migrator t=2026-10-06T19:50:16.6131898-03:00 level=info msg="Migration successfully executed" id="add provisioning column" duration=8.257114ms
logger=migrator t=2026-10-06T19:50:17.117916715-03:00 level=info msg="Executing migration" id="add type column"
logger=migrator t=2026-10-06T19:50:17.137396092-03:00 level=info msg="Migration successfully executed" id="add type column" duration=19.453432ms
logger=migrator t=2026-10-06T19:50:17.180063775-03:00 level=info msg="Executing migration" id="create entity_events table"
logger=migrator t=2026-10-06T19:50:17.181391702-03:00 level=info msg="Migration successfully executed" id="create entity_events table" duration=1.327411ms
logger=migrator t=2026-10-06T19:50:17.218518341-03:00 level=info msg="Executing migration" id="create dashboard public config v1"
logger=migrator t=2026-10-06T19:50:17.219666922-03:00 level=info msg="Migration successfully executed" id="create dashboard public config v1" duration=1.14768ms
logger=migrator t=2026-10-06T19:50:17.245580189-03:00 level=info msg="Executing migration" id="drop index UQE_dashboard_public_config_uid - v1"
logger=migrator t=2026-10-06T19:50:17.246902434-03:00 level=warn msg="Skipping migration: Already executed, but not recorded in migration log" id="drop index UQE_dashboard_public_config_uid - v1"
logger=migrator t=2026-10-06T19:50:17.274371507-03:00 level=info msg="Executing migration" id="drop index IDX_dashboard_public_config_org_id_dashboard_uid - v1"
logger=migrator t=2026-10-06T19:50:17.275356974-03:00 level=warn msg="Skipping migration: Already executed, but not recorded in migration log" id="drop index IDX_dashboard_public_config_org_id_dashboard_uid - v1"
logger=migrator t=2026-10-06T19:50:17.296388925-03:00 level=info msg="Executing migration" id="Drop old dashboard public config table"
logger=migrator t=2026-10-06T19:50:17.298671277-03:00 level=info msg="Migration successfully executed" id="Drop old dashboard public config table" duration=2.283575ms
logger=migrator t=2026-10-06T19:50:17.318819774-03:00 level=info msg="Executing migration" id="recreate dashboard public config v1"
logger=migrator t=2026-10-06T19:50:17.321842558-03:00 level=info msg="Migration successfully executed" id="recreate dashboard public config v1" duration=3.005911ms
logger=migrator t=2026-10-06T19:50:17.348424626-03:00 level=info msg="Executing migration" id="create index UQE_dashboard_public_config_uid - v1"
logger=migrator t=2026-10-06T19:50:17.35011231-03:00 level=info msg="Migration successfully executed" id="create index UQE_dashboard_public_config_uid - v1" duration=1.687534ms
logger=migrator t=2026-10-06T19:50:17.372256738-03:00 level=info msg="Executing migration" id="create index IDX_dashboard_public_config_org_id_dashboard_uid - v1"
logger=migrator t=2026-10-06T19:50:17.373773032-03:00 level=info msg="Migration successfully executed" id="create index IDX_dashboard_public_config_org_id_dashboard_uid - v1" duration=1.518024ms
logger=migrator t=2026-10-06T19:50:17.39840537-03:00 level=info msg="Executing migration" id="drop index UQE_dashboard_public_config_uid - v2"
logger=migrator t=2026-10-06T19:50:17.400150381-03:00 level=info msg="Migration successfully executed" id="drop index UQE_dashboard_public_config_uid - v2" duration=1.730008ms
logger=migrator t=2026-10-06T19:50:17.425109955-03:00 level=info msg="Executing migration" id="drop index IDX_dashboard_public_config_org_id_dashboard_uid - v2"
logger=migrator t=2026-10-06T19:50:17.426714138-03:00 level=info msg="Migration successfully executed" id="drop index IDX_dashboard_public_config_org_id_dashboard_uid - v2" duration=1.605449ms
logger=migrator t=2026-10-06T19:50:17.450766258-03:00 level=info msg="Executing migration" id="Drop public config table"
logger=migrator t=2026-10-06T19:50:17.452155404-03:00 level=info msg="Migration successfully executed" id="Drop public config table" duration=1.385201ms
logger=migrator t=2026-10-06T19:50:17.473658396-03:00 level=info msg="Executing migration" id="Recreate dashboard public config v2"
logger=migrator t=2026-10-06T19:50:17.47521378-03:00 level=info msg="Migration successfully executed" id="Recreate dashboard public config v2" duration=1.554998ms
logger=migrator t=2026-10-06T19:50:17.497899666-03:00 level=info msg="Executing migration" id="create index UQE_dashboard_public_config_uid - v2"
logger=migrator t=2026-10-06T19:50:17.500463343-03:00 level=info msg="Migration successfully executed" id="create index UQE_dashboard_public_config_uid - v2" duration=2.561406ms
logger=migrator t=2026-10-06T19:50:17.518196529-03:00 level=info msg="Executing migration" id="create index IDX_dashboard_public_config_org_id_dashboard_uid - v2"
logger=migrator t=2026-10-06T19:50:17.519957816-03:00 level=info msg="Migration successfully executed" id="create index IDX_dashboard_public_config_org_id_dashboard_uid - v2" duration=1.761588ms
logger=migrator t=2026-10-06T19:50:17.546903253-03:00 level=info msg="Executing migration" id="create index UQE_dashboard_public_config_access_token - v2"
logger=migrator t=2026-10-06T19:50:17.548507683-03:00 level=info msg="Migration successfully executed" id="create index UQE_dashboard_public_config_access_token - v2" duration=1.60537ms
logger=migrator t=2026-10-06T19:50:17.586008596-03:00 level=info msg="Executing migration" id="Rename table dashboard_public_config to dashboard_public - v2"
logger=migrator t=2026-10-06T19:50:17.615420269-03:00 level=info msg="Migration successfully executed" id="Rename table dashboard_public_config to dashboard_public - v2" duration=29.347647ms
logger=migrator t=2026-10-06T19:50:17.639690484-03:00 level=info msg="Executing migration" id="add annotations_enabled column"
logger=migrator t=2026-10-06T19:50:17.645925875-03:00 level=info msg="Migration successfully executed" id="add annotations_enabled column" duration=6.249293ms
logger=migrator t=2026-10-06T19:50:17.667583968-03:00 level=info msg="Executing migration" id="add time_selection_enabled column"
logger=migrator t=2026-10-06T19:50:17.675954755-03:00 level=info msg="Migration successfully executed" id="add time_selection_enabled column" duration=8.382466ms
logger=migrator t=2026-10-06T19:50:17.720030697-03:00 level=info msg="Executing migration" id="delete orphaned public dashboards"
logger=migrator t=2026-10-06T19:50:17.721388173-03:00 level=info msg="Migration successfully executed" id="delete orphaned public dashboards" duration=1.851218ms
logger=migrator t=2026-10-06T19:50:17.83202003-03:00 level=info msg="Executing migration" id="add share column"
logger=migrator t=2026-10-06T19:50:17.843794033-03:00 level=info msg="Migration successfully executed" id="add share column" duration=11.769563ms
logger=migrator t=2026-10-06T19:50:17.862427913-03:00 level=info msg="Executing migration" id="backfill empty share column fields with default of public"
logger=migrator t=2026-10-06T19:50:17.862841101-03:00 level=info msg="Migration successfully executed" id="backfill empty share column fields with default of public" duration=415.329µs
logger=migrator t=2026-10-06T19:50:17.883921084-03:00 level=info msg="Executing migration" id="create file table"
logger=migrator t=2026-10-06T19:50:17.885710853-03:00 level=info msg="Migration successfully executed" id="create file table" duration=1.799349ms
logger=migrator t=2026-10-06T19:50:17.910514767-03:00 level=info msg="Executing migration" id="file table idx: path natural pk"
logger=migrator t=2026-10-06T19:50:17.912203995-03:00 level=info msg="Migration successfully executed" id="file table idx: path natural pk" duration=1.691121ms
logger=migrator t=2026-10-06T19:50:17.943055979-03:00 level=info msg="Executing migration" id="file table idx: parent_folder_path_hash fast folder retrieval"
logger=migrator t=2026-10-06T19:50:17.944860654-03:00 level=info msg="Migration successfully executed" id="file table idx: parent_folder_path_hash fast folder retrieval" duration=1.805069ms
logger=migrator t=2026-10-06T19:50:17.9926308-03:00 level=info msg="Executing migration" id="create file_meta table"
logger=migrator t=2026-10-06T19:50:17.993977775-03:00 level=info msg="Migration successfully executed" id="create file_meta table" duration=1.3462ms
logger=migrator t=2026-10-06T19:50:18.02946684-03:00 level=info msg="Executing migration" id="file table idx: path key"
logger=migrator t=2026-10-06T19:50:18.031212302-03:00 level=info msg="Migration successfully executed" id="file table idx: path key" duration=1.744064ms
logger=migrator t=2026-10-06T19:50:18.052460409-03:00 level=info msg="Executing migration" id="set path collation in file table"
logger=migrator t=2026-10-06T19:50:18.052649946-03:00 level=info msg="Migration successfully executed" id="set path collation in file table" duration=192.889µs
logger=migrator t=2026-10-06T19:50:18.080080124-03:00 level=info msg="Executing migration" id="migrate contents column to mediumblob for MySQL"
logger=migrator t=2026-10-06T19:50:18.08025913-03:00 level=info msg="Migration successfully executed" id="migrate contents column to mediumblob for MySQL" duration=181.277µs
logger=migrator t=2026-10-06T19:50:18.11719095-03:00 level=info msg="Executing migration" id="managed permissions migration"
logger=migrator t=2026-10-06T19:50:18.118569166-03:00 level=info msg="Migration successfully executed" id="managed permissions migration" duration=1.396097ms
logger=migrator t=2026-10-06T19:50:18.142865506-03:00 level=info msg="Executing migration" id="managed folder permissions alert actions migration"
logger=migrator t=2026-10-06T19:50:18.143784231-03:00 level=info msg="Migration successfully executed" id="managed folder permissions alert actions migration" duration=920.607µs
logger=migrator t=2026-10-06T19:50:18.164995653-03:00 level=info msg="Executing migration" id="RBAC action name migrator"
logger=migrator t=2026-10-06T19:50:18.168019551-03:00 level=info msg="Migration successfully executed" id="RBAC action name migrator" duration=3.024101ms
logger=migrator t=2026-10-06T19:50:18.197387052-03:00 level=info msg="Executing migration" id="Add UID column to playlist"
logger=migrator t=2026-10-06T19:50:18.216806048-03:00 level=info msg="Migration successfully executed" id="Add UID column to playlist" duration=19.414455ms
logger=migrator t=2026-10-06T19:50:18.24993681-03:00 level=info msg="Executing migration" id="Update uid column values in playlist"
logger=migrator t=2026-10-06T19:50:18.250358813-03:00 level=info msg="Migration successfully executed" id="Update uid column values in playlist" duration=424.532µs
logger=migrator t=2026-10-06T19:50:18.270339939-03:00 level=info msg="Executing migration" id="Add index for uid in playlist"
logger=migrator t=2026-10-06T19:50:18.271425453-03:00 level=info msg="Migration successfully executed" id="Add index for uid in playlist" duration=1.072168ms
logger=migrator t=2026-10-06T19:50:18.298401347-03:00 level=info msg="Executing migration" id="update group index for alert rules"
logger=migrator t=2026-10-06T19:50:18.299952263-03:00 level=info msg="Migration successfully executed" id="update group index for alert rules" duration=1.554094ms
logger=migrator t=2026-10-06T19:50:18.333880492-03:00 level=info msg="Executing migration" id="managed folder permissions alert actions repeated migration"
logger=migrator t=2026-10-06T19:50:18.334311702-03:00 level=info msg="Migration successfully executed" id="managed folder permissions alert actions repeated migration" duration=431.893µs
logger=migrator t=2026-10-06T19:50:18.355770986-03:00 level=info msg="Executing migration" id="admin only folder/dashboard permission"
logger=migrator t=2026-10-06T19:50:18.356627693-03:00 level=info msg="Migration successfully executed" id="admin only folder/dashboard permission" duration=848.114µs
logger=migrator t=2026-10-06T19:50:18.376536005-03:00 level=info msg="Executing migration" id="add action column to seed_assignment"
logger=migrator t=2026-10-06T19:50:18.386527124-03:00 level=info msg="Migration successfully executed" id="add action column to seed_assignment" duration=9.98618ms
logger=migrator t=2026-10-06T19:50:18.414949089-03:00 level=info msg="Executing migration" id="add scope column to seed_assignment"
logger=migrator t=2026-10-06T19:50:18.426437228-03:00 level=info msg="Migration successfully executed" id="add scope column to seed_assignment" duration=11.486522ms
logger=migrator t=2026-10-06T19:50:18.457557275-03:00 level=info msg="Executing migration" id="remove unique index builtin_role_role_name before nullable update"
logger=migrator t=2026-10-06T19:50:18.458720287-03:00 level=info msg="Migration successfully executed" id="remove unique index builtin_role_role_name before nullable update" duration=1.164188ms
logger=migrator t=2026-10-06T19:50:18.49723646-03:00 level=info msg="Executing migration" id="update seed_assignment role_name column to nullable"
logger=migrator t=2026-10-06T19:50:18.614944625-03:00 level=info msg="Migration successfully executed" id="update seed_assignment role_name column to nullable" duration=117.70571ms
logger=migrator t=2026-10-06T19:50:18.650344795-03:00 level=info msg="Executing migration" id="add unique index builtin_role_name back"
logger=migrator t=2026-10-06T19:50:18.65224703-03:00 level=info msg="Migration successfully executed" id="add unique index builtin_role_name back" duration=1.847929ms
logger=migrator t=2026-10-06T19:50:18.689382335-03:00 level=info msg="Executing migration" id="add unique index builtin_role_action_scope"
logger=migrator t=2026-10-06T19:50:18.691452195-03:00 level=info msg="Migration successfully executed" id="add unique index builtin_role_action_scope" duration=2.054784ms
logger=migrator t=2026-10-06T19:50:18.714456223-03:00 level=info msg="Executing migration" id="add primary key to seed_assigment"
logger=migrator t=2026-10-06T19:50:18.746017163-03:00 level=info msg="Migration successfully executed" id="add primary key to seed_assigment" duration=31.558321ms
logger=migrator t=2026-10-06T19:50:18.796270617-03:00 level=info msg="Executing migration" id="add origin column to seed_assignment"
logger=migrator t=2026-10-06T19:50:18.81256114-03:00 level=info msg="Migration successfully executed" id="add origin column to seed_assignment" duration=16.285469ms
logger=migrator t=2026-10-06T19:50:18.861656502-03:00 level=info msg="Executing migration" id="add origin to plugin seed_assignment"
logger=migrator t=2026-10-06T19:50:18.862317781-03:00 level=info msg="Migration successfully executed" id="add origin to plugin seed_assignment" duration=660.947µs
logger=migrator t=2026-10-06T19:50:18.88961653-03:00 level=info msg="Executing migration" id="prevent seeding OnCall access"
logger=migrator t=2026-10-06T19:50:18.8899528-03:00 level=info msg="Migration successfully executed" id="prevent seeding OnCall access" duration=339.609µs
logger=migrator t=2026-10-06T19:50:18.927544268-03:00 level=info msg="Executing migration" id="managed folder permissions alert actions repeated fixed migration"
logger=migrator t=2026-10-06T19:50:18.928054109-03:00 level=info msg="Migration successfully executed" id="managed folder permissions alert actions repeated fixed migration" duration=511.871µs
logger=migrator t=2026-10-06T19:50:18.965850667-03:00 level=info msg="Executing migration" id="managed folder permissions library panel actions migration"
logger=migrator t=2026-10-06T19:50:18.966450634-03:00 level=info msg="Migration successfully executed" id="managed folder permissions library panel actions migration" duration=601.264µs
logger=migrator t=2026-10-06T19:50:19.002292913-03:00 level=info msg="Executing migration" id="migrate external alertmanagers to datsourcse"
logger=migrator t=2026-10-06T19:50:19.002994718-03:00 level=info msg="Migration successfully executed" id="migrate external alertmanagers to datsourcse" duration=702.602µs
logger=migrator t=2026-10-06T19:50:19.025266524-03:00 level=info msg="Executing migration" id="create folder table"
logger=migrator t=2026-10-06T19:50:19.026970614-03:00 level=info msg="Migration successfully executed" id="create folder table" duration=1.706808ms
logger=migrator t=2026-10-06T19:50:19.06282686-03:00 level=info msg="Executing migration" id="Add index for parent_uid"
logger=migrator t=2026-10-06T19:50:19.064628069-03:00 level=info msg="Migration successfully executed" id="Add index for parent_uid" duration=1.80149ms
logger=migrator t=2026-10-06T19:50:19.100613442-03:00 level=info msg="Executing migration" id="Add unique index for folder.uid and folder.org_id"
logger=migrator t=2026-10-06T19:50:19.102354285-03:00 level=info msg="Migration successfully executed" id="Add unique index for folder.uid and folder.org_id" duration=1.728256ms
logger=migrator t=2026-10-06T19:50:19.122963304-03:00 level=info msg="Executing migration" id="Update folder title length"
logger=migrator t=2026-10-06T19:50:19.123052923-03:00 level=info msg="Migration successfully executed" id="Update folder title length" duration=92.703µs
logger=migrator t=2026-10-06T19:50:19.14052087-03:00 level=info msg="Executing migration" id="Add unique index for folder.title and folder.parent_uid"
logger=migrator t=2026-10-06T19:50:19.141965137-03:00 level=info msg="Migration successfully executed" id="Add unique index for folder.title and folder.parent_uid" duration=1.443671ms
logger=migrator t=2026-10-06T19:50:19.170009486-03:00 level=info msg="Executing migration" id="Remove unique index for folder.title and folder.parent_uid"
logger=migrator t=2026-10-06T19:50:19.171863715-03:00 level=info msg="Migration successfully executed" id="Remove unique index for folder.title and folder.parent_uid" duration=1.855291ms
logger=migrator t=2026-10-06T19:50:19.201988516-03:00 level=info msg="Executing migration" id="Add unique index for title, parent_uid, and org_id"
logger=migrator t=2026-10-06T19:50:19.203726342-03:00 level=info msg="Migration successfully executed" id="Add unique index for title, parent_uid, and org_id" duration=1.737769ms
logger=migrator t=2026-10-06T19:50:19.22317261-03:00 level=info msg="Executing migration" id="Sync dashboard and folder table"
logger=migrator t=2026-10-06T19:50:19.224059166-03:00 level=info msg="Migration successfully executed" id="Sync dashboard and folder table" duration=886.692µs
logger=migrator t=2026-10-06T19:50:19.246238313-03:00 level=info msg="Executing migration" id="Remove ghost folders from the folder table"
logger=migrator t=2026-10-06T19:50:19.246631578-03:00 level=info msg="Migration successfully executed" id="Remove ghost folders from the folder table" duration=392.103µs
logger=migrator t=2026-10-06T19:50:19.459383813-03:00 level=info msg="Executing migration" id="Remove unique index UQE_folder_uid_org_id"
logger=migrator t=2026-10-06T19:50:19.469808191-03:00 level=info msg="Migration successfully executed" id="Remove unique index UQE_folder_uid_org_id" duration=10.400349ms
logger=migrator t=2026-10-06T19:50:19.579262634-03:00 level=info msg="Executing migration" id="Add unique index UQE_folder_org_id_uid"
logger=migrator t=2026-10-06T19:50:19.585062088-03:00 level=info msg="Migration successfully executed" id="Add unique index UQE_folder_org_id_uid" duration=5.79672ms
logger=migrator t=2026-10-06T19:50:19.610440608-03:00 level=info msg="Executing migration" id="Remove unique index UQE_folder_title_parent_uid_org_id"
logger=migrator t=2026-10-06T19:50:19.614361435-03:00 level=info msg="Migration successfully executed" id="Remove unique index UQE_folder_title_parent_uid_org_id" duration=3.921011ms
logger=migrator t=2026-10-06T19:50:19.646072222-03:00 level=info msg="Executing migration" id="Add unique index UQE_folder_org_id_parent_uid_title"
logger=migrator t=2026-10-06T19:50:19.647817469-03:00 level=info msg="Migration successfully executed" id="Add unique index UQE_folder_org_id_parent_uid_title" duration=1.745943ms
logger=migrator t=2026-10-06T19:50:19.670954676-03:00 level=info msg="Executing migration" id="Remove index IDX_folder_parent_uid_org_id"
logger=migrator t=2026-10-06T19:50:19.680022702-03:00 level=info msg="Migration successfully executed" id="Remove index IDX_folder_parent_uid_org_id" duration=9.063211ms
logger=migrator t=2026-10-06T19:50:19.715795531-03:00 level=info msg="Executing migration" id="Remove unique index UQE_folder_org_id_parent_uid_title"
logger=migrator t=2026-10-06T19:50:19.717884936-03:00 level=info msg="Migration successfully executed" id="Remove unique index UQE_folder_org_id_parent_uid_title" duration=2.088754ms
logger=migrator t=2026-10-06T19:50:19.741340713-03:00 level=info msg="Executing migration" id="create anon_device table"
logger=migrator t=2026-10-06T19:50:19.742827815-03:00 level=info msg="Migration successfully executed" id="create anon_device table" duration=1.485953ms
logger=migrator t=2026-10-06T19:50:19.766473754-03:00 level=info msg="Executing migration" id="add unique index anon_device.device_id"
logger=migrator t=2026-10-06T19:50:19.768127131-03:00 level=info msg="Migration successfully executed" id="add unique index anon_device.device_id" duration=1.65228ms
logger=migrator t=2026-10-06T19:50:19.787335959-03:00 level=info msg="Executing migration" id="add index anon_device.updated_at"
logger=migrator t=2026-10-06T19:50:19.790374335-03:00 level=info msg="Migration successfully executed" id="add index anon_device.updated_at" duration=3.017543ms
logger=migrator t=2026-10-06T19:50:19.812679881-03:00 level=info msg="Executing migration" id="create signing_key table"
logger=migrator t=2026-10-06T19:50:19.814130627-03:00 level=info msg="Migration successfully executed" id="create signing_key table" duration=1.448858ms
logger=migrator t=2026-10-06T19:50:19.844344586-03:00 level=info msg="Executing migration" id="add unique index signing_key.key_id"
logger=migrator t=2026-10-06T19:50:19.845856418-03:00 level=info msg="Migration successfully executed" id="add unique index signing_key.key_id" duration=1.512739ms
logger=migrator t=2026-10-06T19:50:19.869356575-03:00 level=info msg="Executing migration" id="set legacy alert migration status in kvstore"
logger=migrator t=2026-10-06T19:50:19.871255088-03:00 level=info msg="Migration successfully executed" id="set legacy alert migration status in kvstore" duration=1.898182ms
logger=migrator t=2026-10-06T19:50:19.888131485-03:00 level=info msg="Executing migration" id="migrate record of created folders during legacy migration to kvstore"
logger=migrator t=2026-10-06T19:50:19.88887668-03:00 level=info msg="Migration successfully executed" id="migrate record of created folders during legacy migration to kvstore" duration=748.194µs
logger=migrator t=2026-10-06T19:50:19.919480813-03:00 level=info msg="Executing migration" id="Add folder_uid for dashboard"
logger=migrator t=2026-10-06T19:50:19.929034458-03:00 level=info msg="Migration successfully executed" id="Add folder_uid for dashboard" duration=9.549455ms
logger=migrator t=2026-10-06T19:50:19.97581604-03:00 level=info msg="Executing migration" id="Populate dashboard folder_uid column"
logger=migrator t=2026-10-06T19:50:19.977616832-03:00 level=info msg="Migration successfully executed" id="Populate dashboard folder_uid column" duration=1.803973ms
logger=migrator t=2026-10-06T19:50:20.015127812-03:00 level=info msg="Executing migration" id="Add unique index for dashboard_org_id_folder_uid_title"
logger=migrator t=2026-10-06T19:50:20.015195898-03:00 level=info msg="Migration successfully executed" id="Add unique index for dashboard_org_id_folder_uid_title" duration=70.905µs
logger=migrator t=2026-10-06T19:50:20.062419565-03:00 level=info msg="Executing migration" id="Delete unique index for dashboard_org_id_folder_id_title"
logger=migrator t=2026-10-06T19:50:20.066679003-03:00 level=info msg="Migration successfully executed" id="Delete unique index for dashboard_org_id_folder_id_title" duration=4.238853ms
logger=migrator t=2026-10-06T19:50:20.108270998-03:00 level=info msg="Executing migration" id="Delete unique index for dashboard_org_id_folder_uid_title"
logger=migrator t=2026-10-06T19:50:20.108343664-03:00 level=info msg="Migration successfully executed" id="Delete unique index for dashboard_org_id_folder_uid_title" duration=76.648µs
logger=migrator t=2026-10-06T19:50:20.143952838-03:00 level=info msg="Executing migration" id="Add unique index for dashboard_org_id_folder_uid_title_is_folder"
logger=migrator t=2026-10-06T19:50:20.146251489-03:00 level=info msg="Migration successfully executed" id="Add unique index for dashboard_org_id_folder_uid_title_is_folder" duration=2.298058ms
logger=migrator t=2026-10-06T19:50:20.181560739-03:00 level=info msg="Executing migration" id="Restore index for dashboard_org_id_folder_id_title"
logger=migrator t=2026-10-06T19:50:20.183487159-03:00 level=info msg="Migration successfully executed" id="Restore index for dashboard_org_id_folder_id_title" duration=1.924427ms
logger=migrator t=2026-10-06T19:50:20.220970628-03:00 level=info msg="Executing migration" id="Remove unique index for dashboard_org_id_folder_uid_title_is_folder"
logger=migrator t=2026-10-06T19:50:20.223903295-03:00 level=info msg="Migration successfully executed" id="Remove unique index for dashboard_org_id_folder_uid_title_is_folder" duration=2.932897ms
logger=migrator t=2026-10-06T19:50:20.266087383-03:00 level=info msg="Executing migration" id="create sso_setting table"
logger=migrator t=2026-10-06T19:50:20.267802741-03:00 level=info msg="Migration successfully executed" id="create sso_setting table" duration=1.71351ms
logger=migrator t=2026-10-06T19:50:20.30182055-03:00 level=info msg="Executing migration" id="copy kvstore migration status to each org"
logger=migrator t=2026-10-06T19:50:20.303658182-03:00 level=info msg="Migration successfully executed" id="copy kvstore migration status to each org" duration=1.840884ms
logger=migrator t=2026-10-06T19:50:20.338200052-03:00 level=info msg="Executing migration" id="add back entry for orgid=0 migrated status"
logger=migrator t=2026-10-06T19:50:20.33944571-03:00 level=info msg="Migration successfully executed" id="add back entry for orgid=0 migrated status" duration=1.248557ms
logger=migrator t=2026-10-06T19:50:20.427989967-03:00 level=info msg="Executing migration" id="managed dashboard permissions annotation actions migration"
logger=migrator t=2026-10-06T19:50:20.432448835-03:00 level=info msg="Migration successfully executed" id="managed dashboard permissions annotation actions migration" duration=4.453793ms
logger=migrator t=2026-10-06T19:50:20.492553144-03:00 level=info msg="Executing migration" id="create cloud_migration table v1"
logger=migrator t=2026-10-06T19:50:20.494631503-03:00 level=info msg="Migration successfully executed" id="create cloud_migration table v1" duration=2.0914ms
logger=migrator t=2026-10-06T19:50:20.524349542-03:00 level=info msg="Executing migration" id="create cloud_migration_run table v1"
logger=migrator t=2026-10-06T19:50:20.526292133-03:00 level=info msg="Migration successfully executed" id="create cloud_migration_run table v1" duration=1.94165ms
logger=migrator t=2026-10-06T19:50:20.565468897-03:00 level=info msg="Executing migration" id="add stack_id column"
logger=migrator t=2026-10-06T19:50:20.584658852-03:00 level=info msg="Migration successfully executed" id="add stack_id column" duration=19.094692ms
logger=migrator t=2026-10-06T19:50:20.617419656-03:00 level=info msg="Executing migration" id="add region_slug column"
logger=migrator t=2026-10-06T19:50:20.629203231-03:00 level=info msg="Migration successfully executed" id="add region_slug column" duration=11.784932ms
logger=migrator t=2026-10-06T19:50:20.665483036-03:00 level=info msg="Executing migration" id="add cluster_slug column"
logger=migrator t=2026-10-06T19:50:20.68590507-03:00 level=info msg="Migration successfully executed" id="add cluster_slug column" duration=20.374505ms
logger=migrator t=2026-10-06T19:50:20.716714478-03:00 level=info msg="Executing migration" id="add migration uid column"
logger=migrator t=2026-10-06T19:50:20.724051068-03:00 level=info msg="Migration successfully executed" id="add migration uid column" duration=7.334809ms
logger=migrator t=2026-10-06T19:50:20.742904832-03:00 level=info msg="Executing migration" id="Update uid column values for migration"
logger=migrator t=2026-10-06T19:50:20.743263585-03:00 level=info msg="Migration successfully executed" id="Update uid column values for migration" duration=360.462µs
logger=migrator t=2026-10-06T19:50:20.77362477-03:00 level=info msg="Executing migration" id="Add unique index migration_uid"
logger=migrator t=2026-10-06T19:50:20.776127684-03:00 level=info msg="Migration successfully executed" id="Add unique index migration_uid" duration=2.503923ms
logger=migrator t=2026-10-06T19:50:20.814514675-03:00 level=info msg="Executing migration" id="add migration run uid column"
logger=migrator t=2026-10-06T19:50:20.826839408-03:00 level=info msg="Migration successfully executed" id="add migration run uid column" duration=12.323607ms
logger=migrator t=2026-10-06T19:50:20.85829175-03:00 level=info msg="Executing migration" id="Update uid column values for migration run"
logger=migrator t=2026-10-06T19:50:20.858716933-03:00 level=info msg="Migration successfully executed" id="Update uid column values for migration run" duration=426.59µs
logger=migrator t=2026-10-06T19:50:20.88161982-03:00 level=info msg="Executing migration" id="Add unique index migration_run_uid"
logger=migrator t=2026-10-06T19:50:20.883813573-03:00 level=info msg="Migration successfully executed" id="Add unique index migration_run_uid" duration=2.212809ms
logger=migrator t=2026-10-06T19:50:20.915959954-03:00 level=info msg="Executing migration" id="Rename table cloud_migration to cloud_migration_session_tmp_qwerty - v1"
logger=migrator t=2026-10-06T19:50:20.959454414-03:00 level=info msg="Migration successfully executed" id="Rename table cloud_migration to cloud_migration_session_tmp_qwerty - v1" duration=43.460283ms
logger=migrator t=2026-10-06T19:50:21.002545734-03:00 level=info msg="Executing migration" id="create cloud_migration_session v2"
logger=migrator t=2026-10-06T19:50:21.004297233-03:00 level=info msg="Migration successfully executed" id="create cloud_migration_session v2" duration=1.749034ms
logger=migrator t=2026-10-06T19:50:21.051758694-03:00 level=info msg="Executing migration" id="create index UQE_cloud_migration_session_uid - v2"
logger=migrator t=2026-10-06T19:50:21.053873291-03:00 level=info msg="Migration successfully executed" id="create index UQE_cloud_migration_session_uid - v2" duration=2.11211ms
logger=migrator t=2026-10-06T19:50:21.097190258-03:00 level=info msg="Executing migration" id="copy cloud_migration_session v1 to v2"
logger=migrator t=2026-10-06T19:50:21.097917448-03:00 level=info msg="Migration successfully executed" id="copy cloud_migration_session v1 to v2" duration=726.431µs
logger=migrator t=2026-10-06T19:50:21.137076995-03:00 level=info msg="Executing migration" id="drop cloud_migration_session_tmp_qwerty"
logger=migrator t=2026-10-06T19:50:21.139555646-03:00 level=info msg="Migration successfully executed" id="drop cloud_migration_session_tmp_qwerty" duration=2.495722ms
logger=migrator t=2026-10-06T19:50:21.179569422-03:00 level=info msg="Executing migration" id="Rename table cloud_migration_run to cloud_migration_snapshot_tmp_qwerty - v1"
logger=migrator t=2026-10-06T19:50:21.216413649-03:00 level=info msg="Migration successfully executed" id="Rename table cloud_migration_run to cloud_migration_snapshot_tmp_qwerty - v1" duration=36.813142ms
logger=migrator t=2026-10-06T19:50:21.300339786-03:00 level=info msg="Executing migration" id="create cloud_migration_snapshot v2"
logger=migrator t=2026-10-06T19:50:21.301786065-03:00 level=info msg="Migration successfully executed" id="create cloud_migration_snapshot v2" duration=1.443089ms
logger=migrator t=2026-10-06T19:50:21.357233328-03:00 level=info msg="Executing migration" id="create index UQE_cloud_migration_snapshot_uid - v2"
logger=migrator t=2026-10-06T19:50:21.362587506-03:00 level=info msg="Migration successfully executed" id="create index UQE_cloud_migration_snapshot_uid - v2" duration=5.348529ms
logger=migrator t=2026-10-06T19:50:21.464758975-03:00 level=info msg="Executing migration" id="copy cloud_migration_snapshot v1 to v2"
logger=migrator t=2026-10-06T19:50:21.465611949-03:00 level=info msg="Migration successfully executed" id="copy cloud_migration_snapshot v1 to v2" duration=850.887µs
logger=migrator t=2026-10-06T19:50:21.501955762-03:00 level=info msg="Executing migration" id="drop cloud_migration_snapshot_tmp_qwerty"
logger=migrator t=2026-10-06T19:50:21.505947874-03:00 level=info msg="Migration successfully executed" id="drop cloud_migration_snapshot_tmp_qwerty" duration=4.009046ms
logger=migrator t=2026-10-06T19:50:21.528249286-03:00 level=info msg="Executing migration" id="add snapshot upload_url column"
logger=migrator t=2026-10-06T19:50:21.544330149-03:00 level=info msg="Migration successfully executed" id="add snapshot upload_url column" duration=16.092876ms
logger=migrator t=2026-10-06T19:50:21.567077737-03:00 level=info msg="Executing migration" id="add snapshot status column"
logger=migrator t=2026-10-06T19:50:21.581021301-03:00 level=info msg="Migration successfully executed" id="add snapshot status column" duration=13.939984ms
logger=migrator t=2026-10-06T19:50:21.605726701-03:00 level=info msg="Executing migration" id="add snapshot local_directory column"
logger=migrator t=2026-10-06T19:50:21.623714152-03:00 level=info msg="Migration successfully executed" id="add snapshot local_directory column" duration=17.98355ms
logger=migrator t=2026-10-06T19:50:21.761967581-03:00 level=info msg="Executing migration" id="add snapshot gms_snapshot_uid column"
logger=migrator t=2026-10-06T19:50:21.778688675-03:00 level=info msg="Migration successfully executed" id="add snapshot gms_snapshot_uid column" duration=16.717939ms
logger=migrator t=2026-10-06T19:50:21.820289807-03:00 level=info msg="Executing migration" id="add snapshot encryption_key column"
logger=migrator t=2026-10-06T19:50:21.834756974-03:00 level=info msg="Migration successfully executed" id="add snapshot encryption_key column" duration=14.462564ms
logger=migrator t=2026-10-06T19:50:21.867207573-03:00 level=info msg="Executing migration" id="add snapshot error_string column"
logger=migrator t=2026-10-06T19:50:21.87780997-03:00 level=info msg="Migration successfully executed" id="add snapshot error_string column" duration=10.602528ms
logger=migrator t=2026-10-06T19:50:21.929948086-03:00 level=info msg="Executing migration" id="create cloud_migration_resource table v1"
logger=migrator t=2026-10-06T19:50:21.931179551-03:00 level=info msg="Migration successfully executed" id="create cloud_migration_resource table v1" duration=1.228483ms
logger=migrator t=2026-10-06T19:50:21.950789587-03:00 level=info msg="Executing migration" id="delete cloud_migration_snapshot.result column"
logger=migrator t=2026-10-06T19:50:21.993871508-03:00 level=info msg="Migration successfully executed" id="delete cloud_migration_snapshot.result column" duration=43.079969ms
logger=migrator t=2026-10-06T19:50:22.015978626-03:00 level=info msg="Executing migration" id="add cloud_migration_resource.name column"
logger=migrator t=2026-10-06T19:50:22.031786388-03:00 level=info msg="Migration successfully executed" id="add cloud_migration_resource.name column" duration=15.801349ms
logger=migrator t=2026-10-06T19:50:22.053501042-03:00 level=info msg="Executing migration" id="add cloud_migration_resource.parent_name column"
logger=migrator t=2026-10-06T19:50:22.061933421-03:00 level=info msg="Migration successfully executed" id="add cloud_migration_resource.parent_name column" duration=8.429565ms
logger=migrator t=2026-10-06T19:50:22.081541256-03:00 level=info msg="Executing migration" id="add cloud_migration_session.org_id column"
logger=migrator t=2026-10-06T19:50:22.093600167-03:00 level=info msg="Migration successfully executed" id="add cloud_migration_session.org_id column" duration=12.055446ms
logger=migrator t=2026-10-06T19:50:22.127446618-03:00 level=info msg="Executing migration" id="add cloud_migration_resource.error_code column"
logger=migrator t=2026-10-06T19:50:22.137944836-03:00 level=info msg="Migration successfully executed" id="add cloud_migration_resource.error_code column" duration=10.493814ms
logger=migrator t=2026-10-06T19:50:22.170306917-03:00 level=info msg="Executing migration" id="increase resource_uid column length"
logger=migrator t=2026-10-06T19:50:22.17076487-03:00 level=info msg="Migration successfully executed" id="increase resource_uid column length" duration=440.325µs
logger=migrator t=2026-10-06T19:50:22.202222855-03:00 level=info msg="Executing migration" id="alter kv_store.value to longtext"
logger=migrator t=2026-10-06T19:50:22.202404065-03:00 level=info msg="Migration successfully executed" id="alter kv_store.value to longtext" duration=183.549µs
logger=migrator t=2026-10-06T19:50:22.221522088-03:00 level=info msg="Executing migration" id="add notification_settings column to alert_rule table"
logger=migrator t=2026-10-06T19:50:22.227725598-03:00 level=info msg="Migration successfully executed" id="add notification_settings column to alert_rule table" duration=6.203588ms
logger=migrator t=2026-10-06T19:50:22.246971908-03:00 level=info msg="Executing migration" id="add notification_settings column to alert_rule_version table"
logger=migrator t=2026-10-06T19:50:22.257021697-03:00 level=info msg="Migration successfully executed" id="add notification_settings column to alert_rule_version table" duration=9.998611ms
logger=migrator t=2026-10-06T19:50:22.287849273-03:00 level=info msg="Executing migration" id="removing scope from alert.instances:read action migration"
logger=migrator t=2026-10-06T19:50:22.28917269-03:00 level=info msg="Migration successfully executed" id="removing scope from alert.instances:read action migration" duration=1.322524ms
logger=migrator t=2026-10-06T19:50:22.319414347-03:00 level=info msg="Executing migration" id="managed folder permissions alerting silences actions migration"
logger=migrator t=2026-10-06T19:50:22.319970242-03:00 level=info msg="Migration successfully executed" id="managed folder permissions alerting silences actions migration" duration=555.87µs
logger=migrator t=2026-10-06T19:50:22.352068002-03:00 level=info msg="Executing migration" id="add record column to alert_rule table"
logger=migrator t=2026-10-06T19:50:22.366868705-03:00 level=info msg="Migration successfully executed" id="add record column to alert_rule table" duration=14.788476ms
logger=migrator t=2026-10-06T19:50:22.386517212-03:00 level=info msg="Executing migration" id="add record column to alert_rule_version table"
logger=migrator t=2026-10-06T19:50:22.402707425-03:00 level=info msg="Migration successfully executed" id="add record column to alert_rule_version table" duration=16.152401ms
logger=migrator t=2026-10-06T19:50:22.427460268-03:00 level=info msg="Executing migration" id="add resolved_at column to alert_instance table"
logger=migrator t=2026-10-06T19:50:22.43629314-03:00 level=info msg="Migration successfully executed" id="add resolved_at column to alert_instance table" duration=8.83093ms
logger=migrator t=2026-10-06T19:50:22.457857351-03:00 level=info msg="Executing migration" id="add last_sent_at column to alert_instance table"
logger=migrator t=2026-10-06T19:50:22.465329179-03:00 level=info msg="Migration successfully executed" id="add last_sent_at column to alert_instance table" duration=7.468763ms
logger=migrator t=2026-10-06T19:50:22.490384371-03:00 level=info msg="Executing migration" id="Enable traceQL streaming for all Tempo datasources"
logger=migrator t=2026-10-06T19:50:22.490478231-03:00 level=info msg="Migration successfully executed" id="Enable traceQL streaming for all Tempo datasources" duration=97.393µs
logger=migrator t=2026-10-06T19:50:22.508366206-03:00 level=info msg="Executing migration" id="Add scope to alert.notifications.receivers:read and alert.notifications.receivers.secrets:read"
logger=migrator t=2026-10-06T19:50:22.509472027-03:00 level=info msg="Migration successfully executed" id="Add scope to alert.notifications.receivers:read and alert.notifications.receivers.secrets:read" duration=1.106997ms
logger=migrator t=2026-10-06T19:50:22.529197892-03:00 level=info msg="Executing migration" id="add metadata column to alert_rule table"
logger=migrator t=2026-10-06T19:50:22.538572423-03:00 level=info msg="Migration successfully executed" id="add metadata column to alert_rule table" duration=9.3699ms
logger=migrator t=2026-10-06T19:50:22.560278547-03:00 level=info msg="Executing migration" id="add metadata column to alert_rule_version table"
logger=migrator t=2026-10-06T19:50:22.569074941-03:00 level=info msg="Migration successfully executed" id="add metadata column to alert_rule_version table" duration=8.793316ms
logger=migrator t=2026-10-06T19:50:22.589492822-03:00 level=info msg="Executing migration" id="delete orphaned service account permissions"
logger=migrator t=2026-10-06T19:50:22.589970445-03:00 level=info msg="Migration successfully executed" id="delete orphaned service account permissions" duration=478.675µs
logger=migrator t=2026-10-06T19:50:22.621843888-03:00 level=info msg="Executing migration" id="adding action set permissions"
logger=migrator t=2026-10-06T19:50:22.623107436-03:00 level=info msg="Migration successfully executed" id="adding action set permissions" duration=1.267014ms
logger=migrator t=2026-10-06T19:50:22.654874706-03:00 level=info msg="Executing migration" id="create user_external_session table"
logger=migrator t=2026-10-06T19:50:22.656109887-03:00 level=info msg="Migration successfully executed" id="create user_external_session table" duration=1.237014ms
logger=migrator t=2026-10-06T19:50:22.676956067-03:00 level=info msg="Executing migration" id="increase name_id column length to 1024"
logger=migrator t=2026-10-06T19:50:22.677139958-03:00 level=info msg="Migration successfully executed" id="increase name_id column length to 1024" duration=187.141µs
logger=migrator t=2026-10-06T19:50:22.696592695-03:00 level=info msg="Executing migration" id="increase session_id column length to 1024"
logger=migrator t=2026-10-06T19:50:22.69682137-03:00 level=info msg="Migration successfully executed" id="increase session_id column length to 1024" duration=231.502µs
logger=migrator t=2026-10-06T19:50:22.720089127-03:00 level=info msg="Executing migration" id="remove scope from alert.notifications.receivers:create"
logger=migrator t=2026-10-06T19:50:22.72190622-03:00 level=info msg="Migration successfully executed" id="remove scope from alert.notifications.receivers:create" duration=1.804903ms
logger=migrator t=2026-10-06T19:50:22.740549909-03:00 level=info msg="migrations completed" performed=629 skipped=0 duration=26.055964942s
logger=migrator t=2026-10-06T19:50:22.741607991-03:00 level=info msg="Unlocking database"
logger=sqlstore t=2026-10-06T19:50:22.767079778-03:00 level=info msg="Created default admin" user=admin
logger=sqlstore t=2026-10-06T19:50:22.767662721-03:00 level=info msg="Created default organization"
logger=secrets t=2026-10-06T19:50:22.800919934-03:00 level=info msg="Envelope encryption state" enabled=true currentprovider=secretKey.v1
logger=renderer.manager t=2026-10-06T19:50:22.92096543-03:00 level=error msg="Failed to get renderer plugin sources" error="failed to open plugins path"
logger=plugin.angulardetectorsprovider.dynamic t=2026-10-06T19:50:22.922022155-03:00 level=info msg="Restored cache from database" duration=510.102µs
logger=plugin.store t=2026-10-06T19:50:22.943118944-03:00 level=info msg="Loading plugins..."
logger=plugin.sources t=2026-10-06T19:50:22.943200894-03:00 level=error msg="Failed to load external plugins" error="failed to open plugins path"
logger=plugin.store t=2026-10-06T19:50:23.242480654-03:00 level=info msg="Plugins loaded" count=54 duration=299.363261ms
logger=resource-migrator t=2026-10-06T19:50:23.247176578-03:00 level=info msg="Locking database"
logger=resource-migrator t=2026-10-06T19:50:23.247248897-03:00 level=info msg="Starting DB migrations"
logger=resource-migrator t=2026-10-06T19:50:23.248665218-03:00 level=info msg="Executing migration" id="create resource_migration_log table"
logger=resource-migrator t=2026-10-06T19:50:23.250166821-03:00 level=info msg="Migration successfully executed" id="create resource_migration_log table" duration=1.498927ms
logger=resource-migrator t=2026-10-06T19:50:23.290357756-03:00 level=info msg="Executing migration" id="Initialize resource tables"
logger=resource-migrator t=2026-10-06T19:50:23.290531907-03:00 level=info msg="Migration successfully executed" id="Initialize resource tables" duration=177.206µs
logger=resource-migrator t=2026-10-06T19:50:23.326428301-03:00 level=info msg="Executing migration" id="drop table resource"
logger=resource-migrator t=2026-10-06T19:50:23.326730212-03:00 level=info msg="Migration successfully executed" id="drop table resource" duration=303.643µs
logger=resource-migrator t=2026-10-06T19:50:23.343885905-03:00 level=info msg="Executing migration" id="create table resource"
logger=resource-migrator t=2026-10-06T19:50:23.344941596-03:00 level=info msg="Migration successfully executed" id="create table resource" duration=1.054908ms
logger=resource-migrator t=2026-10-06T19:50:23.374005676-03:00 level=info msg="Executing migration" id="create table resource, index: 0"
logger=resource-migrator t=2026-10-06T19:50:23.376284454-03:00 level=info msg="Migration successfully executed" id="create table resource, index: 0" duration=2.280028ms
logger=resource-migrator t=2026-10-06T19:50:23.397987575-03:00 level=info msg="Executing migration" id="drop table resource_history"
logger=resource-migrator t=2026-10-06T19:50:23.398157962-03:00 level=info msg="Migration successfully executed" id="drop table resource_history" duration=174.413µs
logger=resource-migrator t=2026-10-06T19:50:23.413309271-03:00 level=info msg="Executing migration" id="create table resource_history"
logger=resource-migrator t=2026-10-06T19:50:23.414781438-03:00 level=info msg="Migration successfully executed" id="create table resource_history" duration=1.467263ms
logger=resource-migrator t=2026-10-06T19:50:23.442696372-03:00 level=info msg="Executing migration" id="create table resource_history, index: 0"
logger=resource-migrator t=2026-10-06T19:50:23.444663417-03:00 level=info msg="Migration successfully executed" id="create table resource_history, index: 0" duration=1.965109ms
logger=resource-migrator t=2026-10-06T19:50:23.465609839-03:00 level=info msg="Executing migration" id="create table resource_history, index: 1"
logger=resource-migrator t=2026-10-06T19:50:23.468576646-03:00 level=info msg="Migration successfully executed" id="create table resource_history, index: 1" duration=2.951576ms
logger=resource-migrator t=2026-10-06T19:50:23.494158699-03:00 level=info msg="Executing migration" id="drop table resource_version"
logger=resource-migrator t=2026-10-06T19:50:23.494355291-03:00 level=info msg="Migration successfully executed" id="drop table resource_version" duration=195.468µs
logger=resource-migrator t=2026-10-06T19:50:23.519277041-03:00 level=info msg="Executing migration" id="create table resource_version"
logger=resource-migrator t=2026-10-06T19:50:23.520599521-03:00 level=info msg="Migration successfully executed" id="create table resource_version" duration=1.320437ms
logger=resource-migrator t=2026-10-06T19:50:23.560706687-03:00 level=info msg="Executing migration" id="create table resource_version, index: 0"
logger=resource-migrator t=2026-10-06T19:50:23.562583261-03:00 level=info msg="Migration successfully executed" id="create table resource_version, index: 0" duration=1.876593ms
logger=resource-migrator t=2026-10-06T19:50:23.586806078-03:00 level=info msg="Executing migration" id="drop table resource_blob"
logger=resource-migrator t=2026-10-06T19:50:23.586999932-03:00 level=info msg="Migration successfully executed" id="drop table resource_blob" duration=196.633µs
logger=resource-migrator t=2026-10-06T19:50:23.610618951-03:00 level=info msg="Executing migration" id="create table resource_blob"
logger=resource-migrator t=2026-10-06T19:50:23.612213287-03:00 level=info msg="Migration successfully executed" id="create table resource_blob" duration=1.593523ms
logger=resource-migrator t=2026-10-06T19:50:23.641958377-03:00 level=info msg="Executing migration" id="create table resource_blob, index: 0"
logger=resource-migrator t=2026-10-06T19:50:23.643823996-03:00 level=info msg="Migration successfully executed" id="create table resource_blob, index: 0" duration=1.86576ms
logger=resource-migrator t=2026-10-06T19:50:23.67739421-03:00 level=info msg="Executing migration" id="create table resource_blob, index: 1"
logger=resource-migrator t=2026-10-06T19:50:23.678862635-03:00 level=info msg="Migration successfully executed" id="create table resource_blob, index: 1" duration=1.471677ms
logger=resource-migrator t=2026-10-06T19:50:23.700384678-03:00 level=info msg="Executing migration" id="Add column previous_resource_version in resource_history"
logger=resource-migrator t=2026-10-06T19:50:23.708849711-03:00 level=info msg="Migration successfully executed" id="Add column previous_resource_version in resource_history" duration=8.460294ms
logger=resource-migrator t=2026-10-06T19:50:23.73580269-03:00 level=info msg="Executing migration" id="Add column previous_resource_version in resource"
logger=resource-migrator t=2026-10-06T19:50:23.742802105-03:00 level=info msg="Migration successfully executed" id="Add column previous_resource_version in resource" duration=6.993743ms
logger=resource-migrator t=2026-10-06T19:50:23.760440312-03:00 level=info msg="Executing migration" id="Add index to resource_history for polling"
logger=resource-migrator t=2026-10-06T19:50:23.762156795-03:00 level=info msg="Migration successfully executed" id="Add index to resource_history for polling" duration=1.723178ms
logger=resource-migrator t=2026-10-06T19:50:23.782218801-03:00 level=info msg="Executing migration" id="Add index to resource for loading"
logger=resource-migrator t=2026-10-06T19:50:23.783700125-03:00 level=info msg="Migration successfully executed" id="Add index to resource for loading" duration=1.479993ms
logger=resource-migrator t=2026-10-06T19:50:23.80485053-03:00 level=info msg="Executing migration" id="Add column folder in resource_history"
logger=resource-migrator t=2026-10-06T19:50:23.811133213-03:00 level=info msg="Migration successfully executed" id="Add column folder in resource_history" duration=6.287578ms
logger=resource-migrator t=2026-10-06T19:50:23.83057345-03:00 level=info msg="Executing migration" id="Add column folder in resource"
logger=resource-migrator t=2026-10-06T19:50:23.839594514-03:00 level=info msg="Migration successfully executed" id="Add column folder in resource" duration=9.018644ms
logger=resource-migrator t=2026-10-06T19:50:23.860179781-03:00 level=info msg="migrations completed" performed=22 skipped=0 duration=611.694925ms
logger=resource-migrator t=2026-10-06T19:50:23.860882991-03:00 level=info msg="Unlocking database"
logger=query_data t=2026-10-06T19:50:23.896532913-03:00 level=info msg="Query Service initialization"
logger=live.push_http t=2026-10-06T19:50:23.9307046-03:00 level=info msg="Live Push Gateway initialization"
logger=ngalert.notifier.alertmanager org=1 t=2026-10-06T19:50:23.944621107-03:00 level=info msg="Applying new configuration to Alertmanager" configHash=d2c56faca6af2a5772ff4253222f7386
logger=ngalert.state.manager t=2026-10-06T19:50:23.968133756-03:00 level=info msg="Running in alternative execution of Error/NoData mode"
logger=cloudmigration.service t=2026-10-06T19:50:23.992559059-03:00 level=info msg="using gcom client for auth"
logger=infra.usagestats.collector t=2026-10-06T19:50:23.99318418-03:00 level=info msg="registering usage stat providers" usageStatsProvidersLen=2
logger=provisioning.datasources t=2026-10-06T19:50:23.997494295-03:00 level=info msg="inserting datasource from configuration" name="B1 Prometheus" uid=b1-prometheus
logger=provisioning.plugins t=2026-10-06T19:50:24.054628132-03:00 level=error msg="Failed to read plugin provisioning files from directory" path=/home/engler/devops/gamificacao-educacao-continuada/ops/grafana/provisioning/plugins error="open /home/engler/devops/gamificacao-educacao-continuada/ops/grafana/provisioning/plugins: no such file or directory"
logger=provisioning.alerting t=2026-10-06T19:50:24.054736882-03:00 level=error msg="can't read alerting provisioning files from directory" path=/home/engler/devops/gamificacao-educacao-continuada/ops/grafana/provisioning/alerting error="open /home/engler/devops/gamificacao-educacao-continuada/ops/grafana/provisioning/alerting: no such file or directory"
logger=provisioning.alerting t=2026-10-06T19:50:24.054754869-03:00 level=info msg="starting to provision alerting"
logger=provisioning.alerting t=2026-10-06T19:50:24.0547692-03:00 level=info msg="finished to provision alerting"
logger=ngalert.multiorg.alertmanager t=2026-10-06T19:50:24.056666837-03:00 level=info msg="Starting MultiOrg Alertmanager"
logger=renderer.manager t=2026-10-06T19:50:24.056798204-03:00 level=error msg="Failed to get renderer plugin sources" error="failed to open plugins path"
logger=grafanaStorageLogger t=2026-10-06T19:50:24.057068072-03:00 level=info msg="Storage starting"
logger=plugin.backgroundinstaller t=2026-10-06T19:50:24.057986878-03:00 level=info msg="Installing plugin" pluginId=grafana-pyroscope-app version=
logger=ngalert.state.manager t=2026-10-06T19:50:24.056123535-03:00 level=info msg="Warming state cache for startup"
logger=http.server t=2026-10-06T19:50:24.076682218-03:00 level=info msg="HTTP Server Listen" address=127.0.0.1:3000 protocol=http subUrl= socket=
logger=ngalert.state.manager t=2026-10-06T19:50:24.261544361-03:00 level=info msg="State cache has been initialized" states=0 duration=205.413871ms
logger=ngalert.scheduler t=2026-10-06T19:50:24.261671381-03:00 level=info msg="Starting scheduler" tickInterval=10s maxAttempts=3
logger=ticker t=2026-10-06T19:50:24.262643229-03:00 level=info msg=starting first_tick=2026-10-06T19:50:30-03:00
logger=provisioning.dashboard t=2026-10-06T19:50:24.322504854-03:00 level=info msg="starting to provision dashboards"
logger=folder-service t=2026-10-06T19:50:24.378543422-03:00 level=warn msg="User does not belong to a user or service account namespace, using 0 as user ID" id=:0
logger=folder-service t=2026-10-06T19:50:24.379292637-03:00 level=warn msg="User does not belong to a user or service account namespace, using 0 as user ID" id=:0
logger=dashboard-service t=2026-10-06T19:50:24.453733723-03:00 level=warn msg="Changing refresh interval for provisioned dashboard to minimum refresh interval" dashboardUid=b1-architecture dashboardTitle="B1 — Evidências dos ASRs" minRefreshInterval=5s
logger=provisioning.dashboard t=2026-10-06T19:50:24.502462049-03:00 level=info msg="finished to provision dashboards"
logger=grafana-apiserver t=2026-10-06T19:50:24.584028435-03:00 level=info msg="Adding GroupVersion userstorage.grafana.app v0alpha1 to ResourceManager"
logger=grafana-apiserver t=2026-10-06T19:50:24.58552199-03:00 level=info msg="Adding GroupVersion playlist.grafana.app v0alpha1 to ResourceManager"
logger=resource-server t=2026-10-06T19:50:24.585895222-03:00 level=warn msg="failed to register storage metrics" error="duplicate metrics collector registration attempted"
logger=resource-server t=2026-10-06T19:50:24.587785393-03:00 level=warn msg="failed to register storage metrics" error="duplicate metrics collector registration attempted"
logger=resource-server t=2026-10-06T19:50:24.58791963-03:00 level=warn msg="failed to register storage metrics" error="duplicate metrics collector registration attempted"
logger=grafana-apiserver t=2026-10-06T19:50:24.591847832-03:00 level=info msg="Adding GroupVersion dashboard.grafana.app v0alpha1 to ResourceManager"
logger=grafana-apiserver t=2026-10-06T19:50:24.592674755-03:00 level=info msg="Adding GroupVersion dashboard.grafana.app v1alpha1 to ResourceManager"
logger=grafana-apiserver t=2026-10-06T19:50:24.593607195-03:00 level=info msg="Adding GroupVersion dashboard.grafana.app v2alpha1 to ResourceManager"
logger=grafana-apiserver t=2026-10-06T19:50:24.594753051-03:00 level=info msg="Adding GroupVersion featuretoggle.grafana.app v0alpha1 to ResourceManager"
logger=grafana-apiserver t=2026-10-06T19:50:24.597618422-03:00 level=info msg="Adding GroupVersion iam.grafana.app v0alpha1 to ResourceManager"
logger=grafana-apiserver t=2026-10-06T19:50:24.604382891-03:00 level=info msg="Adding GroupVersion notifications.alerting.grafana.app v0alpha1 to ResourceManager"
logger=app-registry t=2026-10-06T19:50:24.679425965-03:00 level=info msg="app registry initialized"
logger=plugins.update.checker t=2026-10-06T19:50:25.332446835-03:00 level=info msg="Update check succeeded" duration=1.275855259s
logger=plugin.angulardetectorsprovider.dynamic t=2026-10-06T19:50:25.452911842-03:00 level=info msg="Patterns update finished" duration=1.170940254s
logger=plugin.installer t=2026-10-06T19:50:26.33732636-03:00 level=info msg="Installing plugin" pluginId=grafana-pyroscope-app version=
logger=installer.fs t=2026-10-06T19:50:26.470553786-03:00 level=info msg="Downloaded and extracted grafana-pyroscope-app v1.17.0 zip successfully to /home/engler/devops/gamificacao-educacao-continuada/.runtime/run-20261006T224940Z/grafana-plugins/grafana-pyroscope-app"
logger=plugins.registration t=2026-10-06T19:50:26.499916876-03:00 level=info msg="Plugin registered" pluginId=grafana-pyroscope-app
logger=plugin.backgroundinstaller t=2026-10-06T19:50:26.50003219-03:00 level=info msg="Plugin successfully installed" pluginId=grafana-pyroscope-app version= duration=2.441991116s
logger=plugin.backgroundinstaller t=2026-10-06T19:50:26.500065949-03:00 level=info msg="Installing plugin" pluginId=grafana-lokiexplore-app version=
logger=plugin.installer t=2026-10-06T19:50:27.437820708-03:00 level=info msg="Installing plugin" pluginId=grafana-lokiexplore-app version=
logger=installer.fs t=2026-10-06T19:50:27.572101609-03:00 level=info msg="Downloaded and extracted grafana-lokiexplore-app v1.0.10 zip successfully to /home/engler/devops/gamificacao-educacao-continuada/.runtime/run-20261006T224940Z/grafana-plugins/grafana-lokiexplore-app"
logger=plugins.registration t=2026-10-06T19:50:27.599338483-03:00 level=info msg="Plugin registered" pluginId=grafana-lokiexplore-app
logger=plugin.backgroundinstaller t=2026-10-06T19:50:27.599406763-03:00 level=info msg="Plugin successfully installed" pluginId=grafana-lokiexplore-app version= duration=1.099329592s
logger=infra.usagestats t=2026-10-06T19:52:01.078170803-03:00 level=info msg="Usage stats are ready to report"
logger=cleanup t=2026-10-06T20:00:24.148215512-03:00 level=info msg="Completed cleanup jobs" duration=89.242879ms
logger=plugins.update.checker t=2026-10-06T20:00:25.727652589-03:00 level=info msg="Update check succeeded" duration=387.505278ms
